"sourceRow","originalAccount","normalizedAccount","field","originalValue","normalizedValue","reasonCode","reasonDescription","suggestedAction","severity"
"34","1734","1734","installation_angle_deg","800","","ANGLE_OUT_OF_RANGE","El ángulo no está entre 0 y 360.","Importar NULL y revisar el valor original conservado en metadata.","warning"
"321","1440","1440","installation_year","0","","YEAR_INVALID_FORMAT","El año no es un entero dentro del rango 1900–año siguiente.","Importar NULL y revisar el valor original conservado en metadata.","warning"
"322","1220","1220","installation_year","0","","YEAR_INVALID_FORMAT","El año no es un entero dentro del rango 1900–año siguiente.","Importar NULL y revisar el valor original conservado en metadata.","warning"
"323","1403","1403","installation_year","0","","YEAR_INVALID_FORMAT","El año no es un entero dentro del rango 1900–año siguiente.","Importar NULL y revisar el valor original conservado en metadata.","warning"
"324","1393","1393","installation_year","0","","YEAR_INVALID_FORMAT","El año no es un entero dentro del rango 1900–año siguiente.","Importar NULL y revisar el valor original conservado en metadata.","warning"
"325","1395","1395","installation_year","0","","YEAR_INVALID_FORMAT","El año no es un entero dentro del rango 1900–año siguiente.","Importar NULL y revisar el valor original conservado en metadata.","warning"
"326","1387","1387","installation_year","0","","YEAR_INVALID_FORMAT","El año no es un entero dentro del rango 1900–año siguiente.","Importar NULL y revisar el valor original conservado en metadata.","warning"
"327","1427","1427","installation_year","0","","YEAR_INVALID_FORMAT","El año no es un entero dentro del rango 1900–año siguiente.","Importar NULL y revisar el valor original conservado en metadata.","warning"
"328","1450","1450","installation_year","0","","YEAR_INVALID_FORMAT","El año no es un entero dentro del rango 1900–año siguiente.","Importar NULL y revisar el valor original conservado en metadata.","warning"
"329","0","0","account_number","0","0","ACCOUNT_INVALID_FORMAT","La cuenta es cero o excede 50 caracteres.","Corregir la cuenta en el archivo fuente.","error"
"330","0","0","account_number","0","0","ACCOUNT_INVALID_FORMAT","La cuenta es cero o excede 50 caracteres.","Corregir la cuenta en el archivo fuente.","error"
"331","0","0","account_number","0","0","ACCOUNT_INVALID_FORMAT","La cuenta es cero o excede 50 caracteres.","Corregir la cuenta en el archivo fuente.","error"
"332","0","0","account_number","0","0","ACCOUNT_INVALID_FORMAT","La cuenta es cero o excede 50 caracteres.","Corregir la cuenta en el archivo fuente.","error"
"333","0","0","account_number","0","0","ACCOUNT_INVALID_FORMAT","La cuenta es cero o excede 50 caracteres.","Corregir la cuenta en el archivo fuente.","error"
"334","0","0","account_number","0","0","ACCOUNT_INVALID_FORMAT","La cuenta es cero o excede 50 caracteres.","Corregir la cuenta en el archivo fuente.","error"
"335","0","0","account_number","0","0","ACCOUNT_INVALID_FORMAT","La cuenta es cero o excede 50 caracteres.","Corregir la cuenta en el archivo fuente.","error"
"336","0","0","account_number","0","0","ACCOUNT_INVALID_FORMAT","La cuenta es cero o excede 50 caracteres.","Corregir la cuenta en el archivo fuente.","error"
"337","0","0","account_number","0","0","ACCOUNT_INVALID_FORMAT","La cuenta es cero o excede 50 caracteres.","Corregir la cuenta en el archivo fuente.","error"
"338","0","0","account_number","0","0","ACCOUNT_INVALID_FORMAT","La cuenta es cero o excede 50 caracteres.","Corregir la cuenta en el archivo fuente.","error"
"339","0","0","account_number","0","0","ACCOUNT_INVALID_FORMAT","La cuenta es cero o excede 50 caracteres.","Corregir la cuenta en el archivo fuente.","error"
"340","0","0","account_number","0","0","ACCOUNT_INVALID_FORMAT","La cuenta es cero o excede 50 caracteres.","Corregir la cuenta en el archivo fuente.","error"
"341","0","0","account_number","0","0","ACCOUNT_INVALID_FORMAT","La cuenta es cero o excede 50 caracteres.","Corregir la cuenta en el archivo fuente.","error"
"342","0","0","account_number","0","0","ACCOUNT_INVALID_FORMAT","La cuenta es cero o excede 50 caracteres.","Corregir la cuenta en el archivo fuente.","error"
"343","0","0","account_number","0","0","ACCOUNT_INVALID_FORMAT","La cuenta es cero o excede 50 caracteres.","Corregir la cuenta en el archivo fuente.","error"
"344","0","0","account_number","0","0","ACCOUNT_INVALID_FORMAT","La cuenta es cero o excede 50 caracteres.","Corregir la cuenta en el archivo fuente.","error"
"345","0","0","account_number","0","0","ACCOUNT_INVALID_FORMAT","La cuenta es cero o excede 50 caracteres.","Corregir la cuenta en el archivo fuente.","error"
"346","0","0","account_number","0","0","ACCOUNT_INVALID_FORMAT","La cuenta es cero o excede 50 caracteres.","Corregir la cuenta en el archivo fuente.","error"
"347","0","0","account_number","0","0","ACCOUNT_INVALID_FORMAT","La cuenta es cero o excede 50 caracteres.","Corregir la cuenta en el archivo fuente.","error"
"348","0","0","account_number","0","0","ACCOUNT_INVALID_FORMAT","La cuenta es cero o excede 50 caracteres.","Corregir la cuenta en el archivo fuente.","error"
"349","0","0","account_number","0","0","ACCOUNT_INVALID_FORMAT","La cuenta es cero o excede 50 caracteres.","Corregir la cuenta en el archivo fuente.","error"
"350","0","0","account_number","0","0","ACCOUNT_INVALID_FORMAT","La cuenta es cero o excede 50 caracteres.","Corregir la cuenta en el archivo fuente.","error"
"351","0","0","account_number","0","0","ACCOUNT_INVALID_FORMAT","La cuenta es cero o excede 50 caracteres.","Corregir la cuenta en el archivo fuente.","error"
"352","0","0","account_number","0","0","ACCOUNT_INVALID_FORMAT","La cuenta es cero o excede 50 caracteres.","Corregir la cuenta en el archivo fuente.","error"
"353","0","0","account_number","0","0","ACCOUNT_INVALID_FORMAT","La cuenta es cero o excede 50 caracteres.","Corregir la cuenta en el archivo fuente.","error"
"354","0","0","account_number","0","0","ACCOUNT_INVALID_FORMAT","La cuenta es cero o excede 50 caracteres.","Corregir la cuenta en el archivo fuente.","error"
"355","0","0","account_number","0","0","ACCOUNT_INVALID_FORMAT","La cuenta es cero o excede 50 caracteres.","Corregir la cuenta en el archivo fuente.","error"
"356","0","0","account_number","0","0","ACCOUNT_INVALID_FORMAT","La cuenta es cero o excede 50 caracteres.","Corregir la cuenta en el archivo fuente.","error"
"357","0","0","account_number","0","0","ACCOUNT_INVALID_FORMAT","La cuenta es cero o excede 50 caracteres.","Corregir la cuenta en el archivo fuente.","error"
"358","0","0","account_number","0","0","ACCOUNT_INVALID_FORMAT","La cuenta es cero o excede 50 caracteres.","Corregir la cuenta en el archivo fuente.","error"
"359","0","0","account_number","0","0","ACCOUNT_INVALID_FORMAT","La cuenta es cero o excede 50 caracteres.","Corregir la cuenta en el archivo fuente.","error"
"360","0","0","account_number","0","0","ACCOUNT_INVALID_FORMAT","La cuenta es cero o excede 50 caracteres.","Corregir la cuenta en el archivo fuente.","error"
"361","0","0","account_number","0","0","ACCOUNT_INVALID_FORMAT","La cuenta es cero o excede 50 caracteres.","Corregir la cuenta en el archivo fuente.","error"
"362","0","0","account_number","0","0","ACCOUNT_INVALID_FORMAT","La cuenta es cero o excede 50 caracteres.","Corregir la cuenta en el archivo fuente.","error"
"363","0","0","account_number","0","0","ACCOUNT_INVALID_FORMAT","La cuenta es cero o excede 50 caracteres.","Corregir la cuenta en el archivo fuente.","error"
"364","0","0","account_number","0","0","ACCOUNT_INVALID_FORMAT","La cuenta es cero o excede 50 caracteres.","Corregir la cuenta en el archivo fuente.","error"
"365","0","0","account_number","0","0","ACCOUNT_INVALID_FORMAT","La cuenta es cero o excede 50 caracteres.","Corregir la cuenta en el archivo fuente.","error"
"366","0","0","account_number","0","0","ACCOUNT_INVALID_FORMAT","La cuenta es cero o excede 50 caracteres.","Corregir la cuenta en el archivo fuente.","error"
"367","0","0","account_number","0","0","ACCOUNT_INVALID_FORMAT","La cuenta es cero o excede 50 caracteres.","Corregir la cuenta en el archivo fuente.","error"
"368","0","0","account_number","0","0","ACCOUNT_INVALID_FORMAT","La cuenta es cero o excede 50 caracteres.","Corregir la cuenta en el archivo fuente.","error"
"369","0","0","account_number","0","0","ACCOUNT_INVALID_FORMAT","La cuenta es cero o excede 50 caracteres.","Corregir la cuenta en el archivo fuente.","error"
"370","0","0","account_number","0","0","ACCOUNT_INVALID_FORMAT","La cuenta es cero o excede 50 caracteres.","Corregir la cuenta en el archivo fuente.","error"
"371","0","0","account_number","0","0","ACCOUNT_INVALID_FORMAT","La cuenta es cero o excede 50 caracteres.","Corregir la cuenta en el archivo fuente.","error"
"372","0","0","account_number","0","0","ACCOUNT_INVALID_FORMAT","La cuenta es cero o excede 50 caracteres.","Corregir la cuenta en el archivo fuente.","error"
"373","0","0","account_number","0","0","ACCOUNT_INVALID_FORMAT","La cuenta es cero o excede 50 caracteres.","Corregir la cuenta en el archivo fuente.","error"
"374","0","0","account_number","0","0","ACCOUNT_INVALID_FORMAT","La cuenta es cero o excede 50 caracteres.","Corregir la cuenta en el archivo fuente.","error"
"375","0","0","account_number","0","0","ACCOUNT_INVALID_FORMAT","La cuenta es cero o excede 50 caracteres.","Corregir la cuenta en el archivo fuente.","error"
"376","0","0","account_number","0","0","ACCOUNT_INVALID_FORMAT","La cuenta es cero o excede 50 caracteres.","Corregir la cuenta en el archivo fuente.","error"
"377","0","0","account_number","0","0","ACCOUNT_INVALID_FORMAT","La cuenta es cero o excede 50 caracteres.","Corregir la cuenta en el archivo fuente.","error"
"378","0","0","account_number","0","0","ACCOUNT_INVALID_FORMAT","La cuenta es cero o excede 50 caracteres.","Corregir la cuenta en el archivo fuente.","error"
"379","0","0","account_number","0","0","ACCOUNT_INVALID_FORMAT","La cuenta es cero o excede 50 caracteres.","Corregir la cuenta en el archivo fuente.","error"
"380","0","0","account_number","0","0","ACCOUNT_INVALID_FORMAT","La cuenta es cero o excede 50 caracteres.","Corregir la cuenta en el archivo fuente.","error"
"381","0","0","account_number","0","0","ACCOUNT_INVALID_FORMAT","La cuenta es cero o excede 50 caracteres.","Corregir la cuenta en el archivo fuente.","error"
"382","0","0","account_number","0","0","ACCOUNT_INVALID_FORMAT","La cuenta es cero o excede 50 caracteres.","Corregir la cuenta en el archivo fuente.","error"
"383","0","0","account_number","0","0","ACCOUNT_INVALID_FORMAT","La cuenta es cero o excede 50 caracteres.","Corregir la cuenta en el archivo fuente.","error"
"384","0","0","account_number","0","0","ACCOUNT_INVALID_FORMAT","La cuenta es cero o excede 50 caracteres.","Corregir la cuenta en el archivo fuente.","error"
"385","0","0","account_number","0","0","ACCOUNT_INVALID_FORMAT","La cuenta es cero o excede 50 caracteres.","Corregir la cuenta en el archivo fuente.","error"
"386","0","0","account_number","0","0","ACCOUNT_INVALID_FORMAT","La cuenta es cero o excede 50 caracteres.","Corregir la cuenta en el archivo fuente.","error"
"387","0","0","account_number","0","0","ACCOUNT_INVALID_FORMAT","La cuenta es cero o excede 50 caracteres.","Corregir la cuenta en el archivo fuente.","error"
"388","0","0","account_number","0","0","ACCOUNT_INVALID_FORMAT","La cuenta es cero o excede 50 caracteres.","Corregir la cuenta en el archivo fuente.","error"
"389","0","0","account_number","0","0","ACCOUNT_INVALID_FORMAT","La cuenta es cero o excede 50 caracteres.","Corregir la cuenta en el archivo fuente.","error"
"390","0","0","account_number","0","0","ACCOUNT_INVALID_FORMAT","La cuenta es cero o excede 50 caracteres.","Corregir la cuenta en el archivo fuente.","error"
"391","0","0","account_number","0","0","ACCOUNT_INVALID_FORMAT","La cuenta es cero o excede 50 caracteres.","Corregir la cuenta en el archivo fuente.","error"
"392","0","0","account_number","0","0","ACCOUNT_INVALID_FORMAT","La cuenta es cero o excede 50 caracteres.","Corregir la cuenta en el archivo fuente.","error"
"393","0","0","account_number","0","0","ACCOUNT_INVALID_FORMAT","La cuenta es cero o excede 50 caracteres.","Corregir la cuenta en el archivo fuente.","error"
"394","0","0","account_number","0","0","ACCOUNT_INVALID_FORMAT","La cuenta es cero o excede 50 caracteres.","Corregir la cuenta en el archivo fuente.","error"
"395","0","0","account_number","0","0","ACCOUNT_INVALID_FORMAT","La cuenta es cero o excede 50 caracteres.","Corregir la cuenta en el archivo fuente.","error"
"396","0","0","account_number","0","0","ACCOUNT_INVALID_FORMAT","La cuenta es cero o excede 50 caracteres.","Corregir la cuenta en el archivo fuente.","error"
"397","0","0","account_number","0","0","ACCOUNT_INVALID_FORMAT","La cuenta es cero o excede 50 caracteres.","Corregir la cuenta en el archivo fuente.","error"
"398","0","0","account_number","0","0","ACCOUNT_INVALID_FORMAT","La cuenta es cero o excede 50 caracteres.","Corregir la cuenta en el archivo fuente.","error"
"399","0","0","account_number","0","0","ACCOUNT_INVALID_FORMAT","La cuenta es cero o excede 50 caracteres.","Corregir la cuenta en el archivo fuente.","error"
"400","0","0","account_number","0","0","ACCOUNT_INVALID_FORMAT","La cuenta es cero o excede 50 caracteres.","Corregir la cuenta en el archivo fuente.","error"
"401","0","0","account_number","0","0","ACCOUNT_INVALID_FORMAT","La cuenta es cero o excede 50 caracteres.","Corregir la cuenta en el archivo fuente.","error"
"402","0","0","account_number","0","0","ACCOUNT_INVALID_FORMAT","La cuenta es cero o excede 50 caracteres.","Corregir la cuenta en el archivo fuente.","error"
"403","0","0","account_number","0","0","ACCOUNT_INVALID_FORMAT","La cuenta es cero o excede 50 caracteres.","Corregir la cuenta en el archivo fuente.","error"
"404","0","0","account_number","0","0","ACCOUNT_INVALID_FORMAT","La cuenta es cero o excede 50 caracteres.","Corregir la cuenta en el archivo fuente.","error"
"405","0","0","account_number","0","0","ACCOUNT_INVALID_FORMAT","La cuenta es cero o excede 50 caracteres.","Corregir la cuenta en el archivo fuente.","error"
"406","0","0","account_number","0","0","ACCOUNT_INVALID_FORMAT","La cuenta es cero o excede 50 caracteres.","Corregir la cuenta en el archivo fuente.","error"
"407","0","0","account_number","0","0","ACCOUNT_INVALID_FORMAT","La cuenta es cero o excede 50 caracteres.","Corregir la cuenta en el archivo fuente.","error"
"408","0","0","account_number","0","0","ACCOUNT_INVALID_FORMAT","La cuenta es cero o excede 50 caracteres.","Corregir la cuenta en el archivo fuente.","error"
"409","0","0","account_number","0","0","ACCOUNT_INVALID_FORMAT","La cuenta es cero o excede 50 caracteres.","Corregir la cuenta en el archivo fuente.","error"
"410","0","0","account_number","0","0","ACCOUNT_INVALID_FORMAT","La cuenta es cero o excede 50 caracteres.","Corregir la cuenta en el archivo fuente.","error"
"411","0","0","account_number","0","0","ACCOUNT_INVALID_FORMAT","La cuenta es cero o excede 50 caracteres.","Corregir la cuenta en el archivo fuente.","error"
"412","0","0","account_number","0","0","ACCOUNT_INVALID_FORMAT","La cuenta es cero o excede 50 caracteres.","Corregir la cuenta en el archivo fuente.","error"
"413","0","0","account_number","0","0","ACCOUNT_INVALID_FORMAT","La cuenta es cero o excede 50 caracteres.","Corregir la cuenta en el archivo fuente.","error"
"414","0","0","account_number","0","0","ACCOUNT_INVALID_FORMAT","La cuenta es cero o excede 50 caracteres.","Corregir la cuenta en el archivo fuente.","error"
"415","0","0","account_number","0","0","ACCOUNT_INVALID_FORMAT","La cuenta es cero o excede 50 caracteres.","Corregir la cuenta en el archivo fuente.","error"
"416","0","0","account_number","0","0","ACCOUNT_INVALID_FORMAT","La cuenta es cero o excede 50 caracteres.","Corregir la cuenta en el archivo fuente.","error"
"417","0","0","account_number","0","0","ACCOUNT_INVALID_FORMAT","La cuenta es cero o excede 50 caracteres.","Corregir la cuenta en el archivo fuente.","error"
"418","0","0","account_number","0","0","ACCOUNT_INVALID_FORMAT","La cuenta es cero o excede 50 caracteres.","Corregir la cuenta en el archivo fuente.","error"
"419","0","0","account_number","0","0","ACCOUNT_INVALID_FORMAT","La cuenta es cero o excede 50 caracteres.","Corregir la cuenta en el archivo fuente.","error"
"420","0","0","account_number","0","0","ACCOUNT_INVALID_FORMAT","La cuenta es cero o excede 50 caracteres.","Corregir la cuenta en el archivo fuente.","error"
"421","0","0","account_number","0","0","ACCOUNT_INVALID_FORMAT","La cuenta es cero o excede 50 caracteres.","Corregir la cuenta en el archivo fuente.","error"
"422","0","0","account_number","0","0","ACCOUNT_INVALID_FORMAT","La cuenta es cero o excede 50 caracteres.","Corregir la cuenta en el archivo fuente.","error"
"423","0","0","account_number","0","0","ACCOUNT_INVALID_FORMAT","La cuenta es cero o excede 50 caracteres.","Corregir la cuenta en el archivo fuente.","error"
"424","0","0","account_number","0","0","ACCOUNT_INVALID_FORMAT","La cuenta es cero o excede 50 caracteres.","Corregir la cuenta en el archivo fuente.","error"
"425","0","0","account_number","0","0","ACCOUNT_INVALID_FORMAT","La cuenta es cero o excede 50 caracteres.","Corregir la cuenta en el archivo fuente.","error"
"426","0","0","account_number","0","0","ACCOUNT_INVALID_FORMAT","La cuenta es cero o excede 50 caracteres.","Corregir la cuenta en el archivo fuente.","error"
"427","0","0","account_number","0","0","ACCOUNT_INVALID_FORMAT","La cuenta es cero o excede 50 caracteres.","Corregir la cuenta en el archivo fuente.","error"
"428","0","0","account_number","0","0","ACCOUNT_INVALID_FORMAT","La cuenta es cero o excede 50 caracteres.","Corregir la cuenta en el archivo fuente.","error"
"429","0","0","account_number","0","0","ACCOUNT_INVALID_FORMAT","La cuenta es cero o excede 50 caracteres.","Corregir la cuenta en el archivo fuente.","error"
"430","0","0","account_number","0","0","ACCOUNT_INVALID_FORMAT","La cuenta es cero o excede 50 caracteres.","Corregir la cuenta en el archivo fuente.","error"
"431","0","0","account_number","0","0","ACCOUNT_INVALID_FORMAT","La cuenta es cero o excede 50 caracteres.","Corregir la cuenta en el archivo fuente.","error"
"432","0","0","account_number","0","0","ACCOUNT_INVALID_FORMAT","La cuenta es cero o excede 50 caracteres.","Corregir la cuenta en el archivo fuente.","error"
"433","0","0","account_number","0","0","ACCOUNT_INVALID_FORMAT","La cuenta es cero o excede 50 caracteres.","Corregir la cuenta en el archivo fuente.","error"
"434","0","0","account_number","0","0","ACCOUNT_INVALID_FORMAT","La cuenta es cero o excede 50 caracteres.","Corregir la cuenta en el archivo fuente.","error"
"435","0","0","account_number","0","0","ACCOUNT_INVALID_FORMAT","La cuenta es cero o excede 50 caracteres.","Corregir la cuenta en el archivo fuente.","error"
"436","0","0","account_number","0","0","ACCOUNT_INVALID_FORMAT","La cuenta es cero o excede 50 caracteres.","Corregir la cuenta en el archivo fuente.","error"
"437","0","0","account_number","0","0","ACCOUNT_INVALID_FORMAT","La cuenta es cero o excede 50 caracteres.","Corregir la cuenta en el archivo fuente.","error"
"438","0","0","account_number","0","0","ACCOUNT_INVALID_FORMAT","La cuenta es cero o excede 50 caracteres.","Corregir la cuenta en el archivo fuente.","error"
"439","0","0","account_number","0","0","ACCOUNT_INVALID_FORMAT","La cuenta es cero o excede 50 caracteres.","Corregir la cuenta en el archivo fuente.","error"
"440","0","0","account_number","0","0","ACCOUNT_INVALID_FORMAT","La cuenta es cero o excede 50 caracteres.","Corregir la cuenta en el archivo fuente.","error"
"441","0","0","account_number","0","0","ACCOUNT_INVALID_FORMAT","La cuenta es cero o excede 50 caracteres.","Corregir la cuenta en el archivo fuente.","error"
"442","0","0","account_number","0","0","ACCOUNT_INVALID_FORMAT","La cuenta es cero o excede 50 caracteres.","Corregir la cuenta en el archivo fuente.","error"
"443","0","0","account_number","0","0","ACCOUNT_INVALID_FORMAT","La cuenta es cero o excede 50 caracteres.","Corregir la cuenta en el archivo fuente.","error"
"444","0","0","account_number","0","0","ACCOUNT_INVALID_FORMAT","La cuenta es cero o excede 50 caracteres.","Corregir la cuenta en el archivo fuente.","error"
"445","0","0","account_number","0","0","ACCOUNT_INVALID_FORMAT","La cuenta es cero o excede 50 caracteres.","Corregir la cuenta en el archivo fuente.","error"
"446","0","0","account_number","0","0","ACCOUNT_INVALID_FORMAT","La cuenta es cero o excede 50 caracteres.","Corregir la cuenta en el archivo fuente.","error"
"447","0","0","account_number","0","0","ACCOUNT_INVALID_FORMAT","La cuenta es cero o excede 50 caracteres.","Corregir la cuenta en el archivo fuente.","error"
"460","1190","1190","installation_year","0","","YEAR_INVALID_FORMAT","El año no es un entero dentro del rango 1900–año siguiente.","Importar NULL y revisar el valor original conservado en metadata.","warning"
"464","1188","1188","installation_year","0","","YEAR_INVALID_FORMAT","El año no es un entero dentro del rango 1900–año siguiente.","Importar NULL y revisar el valor original conservado en metadata.","warning"
"480","1183","1183","installation_year","0","","YEAR_INVALID_FORMAT","El año no es un entero dentro del rango 1900–año siguiente.","Importar NULL y revisar el valor original conservado en metadata.","warning"
"496","1230","1230","installation_year","0","","YEAR_INVALID_FORMAT","El año no es un entero dentro del rango 1900–año siguiente.","Importar NULL y revisar el valor original conservado en metadata.","warning"
"497","1229","1229","installation_year","0","","YEAR_INVALID_FORMAT","El año no es un entero dentro del rango 1900–año siguiente.","Importar NULL y revisar el valor original conservado en metadata.","warning"
"501","941","941","installation_year","0","","YEAR_INVALID_FORMAT","El año no es un entero dentro del rango 1900–año siguiente.","Importar NULL y revisar el valor original conservado en metadata.","warning"
"505","1205","1205","installation_year","0","","YEAR_INVALID_FORMAT","El año no es un entero dentro del rango 1900–año siguiente.","Importar NULL y revisar el valor original conservado en metadata.","warning"
"507","0","0","account_number","0","0","ACCOUNT_INVALID_FORMAT","La cuenta es cero o excede 50 caracteres.","Corregir la cuenta en el archivo fuente.","error"
"508","1206","1206","installation_year","0","","YEAR_INVALID_FORMAT","El año no es un entero dentro del rango 1900–año siguiente.","Importar NULL y revisar el valor original conservado en metadata.","warning"
"510","1207","1207","installation_year","0","","YEAR_INVALID_FORMAT","El año no es un entero dentro del rango 1900–año siguiente.","Importar NULL y revisar el valor original conservado en metadata.","warning"
"512","1208","1208","installation_year","0","","YEAR_INVALID_FORMAT","El año no es un entero dentro del rango 1900–año siguiente.","Importar NULL y revisar el valor original conservado en metadata.","warning"
"540","1005","1005","installation_year","0","","YEAR_INVALID_FORMAT","El año no es un entero dentro del rango 1900–año siguiente.","Importar NULL y revisar el valor original conservado en metadata.","warning"
"552","1295","1295","installation_year","0","","YEAR_INVALID_FORMAT","El año no es un entero dentro del rango 1900–año siguiente.","Importar NULL y revisar el valor original conservado en metadata.","warning"
"557","1308","1308","installation_year","0","","YEAR_INVALID_FORMAT","El año no es un entero dentro del rango 1900–año siguiente.","Importar NULL y revisar el valor original conservado en metadata.","warning"
"567","0","0","account_number","0","0","ACCOUNT_INVALID_FORMAT","La cuenta es cero o excede 50 caracteres.","Corregir la cuenta en el archivo fuente.","error"
"582","0","0","account_number","0","0","ACCOUNT_INVALID_FORMAT","La cuenta es cero o excede 50 caracteres.","Corregir la cuenta en el archivo fuente.","error"
"583","1252","1252","installation_year","0","","YEAR_INVALID_FORMAT","El año no es un entero dentro del rango 1900–año siguiente.","Importar NULL y revisar el valor original conservado en metadata.","warning"
"595","1249","1249","installation_year","0","","YEAR_INVALID_FORMAT","El año no es un entero dentro del rango 1900–año siguiente.","Importar NULL y revisar el valor original conservado en metadata.","warning"
"596","1264","1264","installation_year","0","","YEAR_INVALID_FORMAT","El año no es un entero dentro del rango 1900–año siguiente.","Importar NULL y revisar el valor original conservado en metadata.","warning"
"602","0","0","account_number","0","0","ACCOUNT_INVALID_FORMAT","La cuenta es cero o excede 50 caracteres.","Corregir la cuenta en el archivo fuente.","error"
"612","1286","1286","installation_year","0","","YEAR_INVALID_FORMAT","El año no es un entero dentro del rango 1900–año siguiente.","Importar NULL y revisar el valor original conservado en metadata.","warning"
"637","0","0","account_number","0","0","ACCOUNT_INVALID_FORMAT","La cuenta es cero o excede 50 caracteres.","Corregir la cuenta en el archivo fuente.","error"
"660","0","0","account_number","0","0","ACCOUNT_INVALID_FORMAT","La cuenta es cero o excede 50 caracteres.","Corregir la cuenta en el archivo fuente.","error"
"680","0","0","account_number","0","0","ACCOUNT_INVALID_FORMAT","La cuenta es cero o excede 50 caracteres.","Corregir la cuenta en el archivo fuente.","error"
"712","954","954","installation_year","0","","YEAR_INVALID_FORMAT","El año no es un entero dentro del rango 1900–año siguiente.","Importar NULL y revisar el valor original conservado en metadata.","warning"
"719","919","919","installation_year","0","","YEAR_INVALID_FORMAT","El año no es un entero dentro del rango 1900–año siguiente.","Importar NULL y revisar el valor original conservado en metadata.","warning"
"722","1134","1134","installation_year","0","","YEAR_INVALID_FORMAT","El año no es un entero dentro del rango 1900–año siguiente.","Importar NULL y revisar el valor original conservado en metadata.","warning"
"736","1158","1158","installation_year","0","","YEAR_INVALID_FORMAT","El año no es un entero dentro del rango 1900–año siguiente.","Importar NULL y revisar el valor original conservado en metadata.","warning"
"785","1029","1029","installation_year","0","","YEAR_INVALID_FORMAT","El año no es un entero dentro del rango 1900–año siguiente.","Importar NULL y revisar el valor original conservado en metadata.","warning"
"789","1035","1035","installation_year","0","","YEAR_INVALID_FORMAT","El año no es un entero dentro del rango 1900–año siguiente.","Importar NULL y revisar el valor original conservado en metadata.","warning"
"805","1009","1009","installation_year","0","","YEAR_INVALID_FORMAT","El año no es un entero dentro del rango 1900–año siguiente.","Importar NULL y revisar el valor original conservado en metadata.","warning"
"806","1007","1007","installation_year","0","","YEAR_INVALID_FORMAT","El año no es un entero dentro del rango 1900–año siguiente.","Importar NULL y revisar el valor original conservado en metadata.","warning"
"816","1002","1002","installation_year","0","","YEAR_INVALID_FORMAT","El año no es un entero dentro del rango 1900–año siguiente.","Importar NULL y revisar el valor original conservado en metadata.","warning"
"825","1049","1049","installation_year","0","","YEAR_INVALID_FORMAT","El año no es un entero dentro del rango 1900–año siguiente.","Importar NULL y revisar el valor original conservado en metadata.","warning"
"849","2560","2560","installation_year","0","","YEAR_INVALID_FORMAT","El año no es un entero dentro del rango 1900–año siguiente.","Importar NULL y revisar el valor original conservado en metadata.","warning"
"863","688","688","installation_year","0","","YEAR_INVALID_FORMAT","El año no es un entero dentro del rango 1900–año siguiente.","Importar NULL y revisar el valor original conservado en metadata.","warning"
"864","551","551","installation_year","0","","YEAR_INVALID_FORMAT","El año no es un entero dentro del rango 1900–año siguiente.","Importar NULL y revisar el valor original conservado en metadata.","warning"
"871","2601","2601","installation_year","0","","YEAR_INVALID_FORMAT","El año no es un entero dentro del rango 1900–año siguiente.","Importar NULL y revisar el valor original conservado en metadata.","warning"
"885","2590","2590","installation_year","0","","YEAR_INVALID_FORMAT","El año no es un entero dentro del rango 1900–año siguiente.","Importar NULL y revisar el valor original conservado en metadata.","warning"
"887","2599","2599","installation_year","0","","YEAR_INVALID_FORMAT","El año no es un entero dentro del rango 1900–año siguiente.","Importar NULL y revisar el valor original conservado en metadata.","warning"
"911","2546","2546","installation_year","0","","YEAR_INVALID_FORMAT","El año no es un entero dentro del rango 1900–año siguiente.","Importar NULL y revisar el valor original conservado en metadata.","warning"
"920","0","0","account_number","0","0","ACCOUNT_INVALID_FORMAT","La cuenta es cero o excede 50 caracteres.","Corregir la cuenta en el archivo fuente.","error"
"924","2626","2626","installation_year","0","","YEAR_INVALID_FORMAT","El año no es un entero dentro del rango 1900–año siguiente.","Importar NULL y revisar el valor original conservado en metadata.","warning"
"945","2501","2501","installation_year","0","","YEAR_INVALID_FORMAT","El año no es un entero dentro del rango 1900–año siguiente.","Importar NULL y revisar el valor original conservado en metadata.","warning"
"948","0","0","account_number","0","0","ACCOUNT_INVALID_FORMAT","La cuenta es cero o excede 50 caracteres.","Corregir la cuenta en el archivo fuente.","error"
"956","2434","2434","installation_year","0","","YEAR_INVALID_FORMAT","El año no es un entero dentro del rango 1900–año siguiente.","Importar NULL y revisar el valor original conservado en metadata.","warning"
"993","2476","2476","installation_year","0","","YEAR_INVALID_FORMAT","El año no es un entero dentro del rango 1900–año siguiente.","Importar NULL y revisar el valor original conservado en metadata.","warning"
"1001","2604","2604","installation_year","0","","YEAR_INVALID_FORMAT","El año no es un entero dentro del rango 1900–año siguiente.","Importar NULL y revisar el valor original conservado en metadata.","warning"
"1002","2530","2530","installation_year","0","","YEAR_INVALID_FORMAT","El año no es un entero dentro del rango 1900–año siguiente.","Importar NULL y revisar el valor original conservado en metadata.","warning"
"1003","2548","2548","installation_year","0","","YEAR_INVALID_FORMAT","El año no es un entero dentro del rango 1900–año siguiente.","Importar NULL y revisar el valor original conservado en metadata.","warning"
"1004","2518","2518","installation_year","0","","YEAR_INVALID_FORMAT","El año no es un entero dentro del rango 1900–año siguiente.","Importar NULL y revisar el valor original conservado en metadata.","warning"
"1007","2396","2396","installation_year","10","","YEAR_INVALID_FORMAT","El año no es un entero dentro del rango 1900–año siguiente.","Importar NULL y revisar el valor original conservado en metadata.","warning"
"1086","2212","2212","installation_year","0","","YEAR_INVALID_FORMAT","El año no es un entero dentro del rango 1900–año siguiente.","Importar NULL y revisar el valor original conservado en metadata.","warning"
"1103","2126","2126","installation_year","0","","YEAR_INVALID_FORMAT","El año no es un entero dentro del rango 1900–año siguiente.","Importar NULL y revisar el valor original conservado en metadata.","warning"
"1218","410","410","installation_year","0","","YEAR_INVALID_FORMAT","El año no es un entero dentro del rango 1900–año siguiente.","Importar NULL y revisar el valor original conservado en metadata.","warning"
"1279","472","472","installation_year","0","","YEAR_INVALID_FORMAT","El año no es un entero dentro del rango 1900–año siguiente.","Importar NULL y revisar el valor original conservado en metadata.","warning"
"1290","496","496","installation_year","0","","YEAR_INVALID_FORMAT","El año no es un entero dentro del rango 1900–año siguiente.","Importar NULL y revisar el valor original conservado en metadata.","warning"
"1291","649","649","installation_year","0","","YEAR_INVALID_FORMAT","El año no es un entero dentro del rango 1900–año siguiente.","Importar NULL y revisar el valor original conservado en metadata.","warning"
"1292","649","649","installation_year","0","","YEAR_INVALID_FORMAT","El año no es un entero dentro del rango 1900–año siguiente.","Importar NULL y revisar el valor original conservado en metadata.","warning"
"1323","0","0","account_number","0","0","ACCOUNT_INVALID_FORMAT","La cuenta es cero o excede 50 caracteres.","Corregir la cuenta en el archivo fuente.","error"
"1326","390","390","installation_year","0","","YEAR_INVALID_FORMAT","El año no es un entero dentro del rango 1900–año siguiente.","Importar NULL y revisar el valor original conservado en metadata.","warning"
"1328","397","397","installation_year","0","","YEAR_INVALID_FORMAT","El año no es un entero dentro del rango 1900–año siguiente.","Importar NULL y revisar el valor original conservado en metadata.","warning"
"1329","399","399","installation_year","0","","YEAR_INVALID_FORMAT","El año no es un entero dentro del rango 1900–año siguiente.","Importar NULL y revisar el valor original conservado en metadata.","warning"
"1362","672","672","installation_year","0","","YEAR_INVALID_FORMAT","El año no es un entero dentro del rango 1900–año siguiente.","Importar NULL y revisar el valor original conservado en metadata.","warning"
"1373","705","705","installation_year","0","","YEAR_INVALID_FORMAT","El año no es un entero dentro del rango 1900–año siguiente.","Importar NULL y revisar el valor original conservado en metadata.","warning"
"1376","645","645","installation_year","0","","YEAR_INVALID_FORMAT","El año no es un entero dentro del rango 1900–año siguiente.","Importar NULL y revisar el valor original conservado en metadata.","warning"
"1377","645","645","installation_year","0","","YEAR_INVALID_FORMAT","El año no es un entero dentro del rango 1900–año siguiente.","Importar NULL y revisar el valor original conservado en metadata.","warning"
"1381","706","706","installation_year","0","","YEAR_INVALID_FORMAT","El año no es un entero dentro del rango 1900–año siguiente.","Importar NULL y revisar el valor original conservado en metadata.","warning"
"1389","679","679","installation_year","0","","YEAR_INVALID_FORMAT","El año no es un entero dentro del rango 1900–año siguiente.","Importar NULL y revisar el valor original conservado en metadata.","warning"
"1390","29","29","installation_year","0","","YEAR_INVALID_FORMAT","El año no es un entero dentro del rango 1900–año siguiente.","Importar NULL y revisar el valor original conservado en metadata.","warning"
"1391","312","312","installation_year","0","","YEAR_INVALID_FORMAT","El año no es un entero dentro del rango 1900–año siguiente.","Importar NULL y revisar el valor original conservado en metadata.","warning"
"1392","23","23","installation_year","0","","YEAR_INVALID_FORMAT","El año no es un entero dentro del rango 1900–año siguiente.","Importar NULL y revisar el valor original conservado en metadata.","warning"
"1393","22","22","installation_year","0","","YEAR_INVALID_FORMAT","El año no es un entero dentro del rango 1900–año siguiente.","Importar NULL y revisar el valor original conservado en metadata.","warning"
"1394","19","19","installation_year","0","","YEAR_INVALID_FORMAT","El año no es un entero dentro del rango 1900–año siguiente.","Importar NULL y revisar el valor original conservado en metadata.","warning"
"1395","18","18","installation_year","0","","YEAR_INVALID_FORMAT","El año no es un entero dentro del rango 1900–año siguiente.","Importar NULL y revisar el valor original conservado en metadata.","warning"
"1396","20","20","installation_year","0","","YEAR_INVALID_FORMAT","El año no es un entero dentro del rango 1900–año siguiente.","Importar NULL y revisar el valor original conservado en metadata.","warning"
"1397","17","17","installation_year","0","","YEAR_INVALID_FORMAT","El año no es un entero dentro del rango 1900–año siguiente.","Importar NULL y revisar el valor original conservado en metadata.","warning"
"1398","16","16","installation_year","0","","YEAR_INVALID_FORMAT","El año no es un entero dentro del rango 1900–año siguiente.","Importar NULL y revisar el valor original conservado en metadata.","warning"
"1399","13","13","installation_year","0","","YEAR_INVALID_FORMAT","El año no es un entero dentro del rango 1900–año siguiente.","Importar NULL y revisar el valor original conservado en metadata.","warning"
"1400","14","14","installation_year","0","","YEAR_INVALID_FORMAT","El año no es un entero dentro del rango 1900–año siguiente.","Importar NULL y revisar el valor original conservado en metadata.","warning"
"1401","24","24","installation_year","0","","YEAR_INVALID_FORMAT","El año no es un entero dentro del rango 1900–año siguiente.","Importar NULL y revisar el valor original conservado en metadata.","warning"
"1402","6","6","installation_year","0","","YEAR_INVALID_FORMAT","El año no es un entero dentro del rango 1900–año siguiente.","Importar NULL y revisar el valor original conservado en metadata.","warning"
"1403","11","11","installation_year","0","","YEAR_INVALID_FORMAT","El año no es un entero dentro del rango 1900–año siguiente.","Importar NULL y revisar el valor original conservado en metadata.","warning"
"1404","1","1","installation_year","0","","YEAR_INVALID_FORMAT","El año no es un entero dentro del rango 1900–año siguiente.","Importar NULL y revisar el valor original conservado en metadata.","warning"
"1405","2","2","installation_year","0","","YEAR_INVALID_FORMAT","El año no es un entero dentro del rango 1900–año siguiente.","Importar NULL y revisar el valor original conservado en metadata.","warning"
"1406","3","3","installation_year","0","","YEAR_INVALID_FORMAT","El año no es un entero dentro del rango 1900–año siguiente.","Importar NULL y revisar el valor original conservado en metadata.","warning"
"1407","4","4","installation_year","0","","YEAR_INVALID_FORMAT","El año no es un entero dentro del rango 1900–año siguiente.","Importar NULL y revisar el valor original conservado en metadata.","warning"
"1408","5","5","installation_year","0","","YEAR_INVALID_FORMAT","El año no es un entero dentro del rango 1900–año siguiente.","Importar NULL y revisar el valor original conservado en metadata.","warning"
"1409","9","9","installation_year","0","","YEAR_INVALID_FORMAT","El año no es un entero dentro del rango 1900–año siguiente.","Importar NULL y revisar el valor original conservado en metadata.","warning"
"1410","32","32","installation_year","0","","YEAR_INVALID_FORMAT","El año no es un entero dentro del rango 1900–año siguiente.","Importar NULL y revisar el valor original conservado en metadata.","warning"
"1411","10","10","installation_year","0","","YEAR_INVALID_FORMAT","El año no es un entero dentro del rango 1900–año siguiente.","Importar NULL y revisar el valor original conservado en metadata.","warning"
"1412","33","33","installation_year","0","","YEAR_INVALID_FORMAT","El año no es un entero dentro del rango 1900–año siguiente.","Importar NULL y revisar el valor original conservado en metadata.","warning"
"1413","34","34","installation_year","0","","YEAR_INVALID_FORMAT","El año no es un entero dentro del rango 1900–año siguiente.","Importar NULL y revisar el valor original conservado en metadata.","warning"
"1414","38","38","installation_year","0","","YEAR_INVALID_FORMAT","El año no es un entero dentro del rango 1900–año siguiente.","Importar NULL y revisar el valor original conservado en metadata.","warning"
"1415","42","42","installation_year","0","","YEAR_INVALID_FORMAT","El año no es un entero dentro del rango 1900–año siguiente.","Importar NULL y revisar el valor original conservado en metadata.","warning"
"1416","55","55","installation_year","0","","YEAR_INVALID_FORMAT","El año no es un entero dentro del rango 1900–año siguiente.","Importar NULL y revisar el valor original conservado en metadata.","warning"
"1417","44","44","installation_year","0","","YEAR_INVALID_FORMAT","El año no es un entero dentro del rango 1900–año siguiente.","Importar NULL y revisar el valor original conservado en metadata.","warning"
"1418","46","46","installation_year","0","","YEAR_INVALID_FORMAT","El año no es un entero dentro del rango 1900–año siguiente.","Importar NULL y revisar el valor original conservado en metadata.","warning"
"1419","48","48","installation_year","0","","YEAR_INVALID_FORMAT","El año no es un entero dentro del rango 1900–año siguiente.","Importar NULL y revisar el valor original conservado en metadata.","warning"
"1420","49","49","installation_year","0","","YEAR_INVALID_FORMAT","El año no es un entero dentro del rango 1900–año siguiente.","Importar NULL y revisar el valor original conservado en metadata.","warning"
"1421","0","0","account_number","0","0","ACCOUNT_INVALID_FORMAT","La cuenta es cero o excede 50 caracteres.","Corregir la cuenta en el archivo fuente.","error"
"1422","0","0","account_number","0","0","ACCOUNT_INVALID_FORMAT","La cuenta es cero o excede 50 caracteres.","Corregir la cuenta en el archivo fuente.","error"
"1423","0","0","account_number","0","0","ACCOUNT_INVALID_FORMAT","La cuenta es cero o excede 50 caracteres.","Corregir la cuenta en el archivo fuente.","error"
"1424","0","0","account_number","0","0","ACCOUNT_INVALID_FORMAT","La cuenta es cero o excede 50 caracteres.","Corregir la cuenta en el archivo fuente.","error"
"1425","0","0","account_number","0","0","ACCOUNT_INVALID_FORMAT","La cuenta es cero o excede 50 caracteres.","Corregir la cuenta en el archivo fuente.","error"
"1426","0","0","account_number","0","0","ACCOUNT_INVALID_FORMAT","La cuenta es cero o excede 50 caracteres.","Corregir la cuenta en el archivo fuente.","error"
"1427","0","0","account_number","0","0","ACCOUNT_INVALID_FORMAT","La cuenta es cero o excede 50 caracteres.","Corregir la cuenta en el archivo fuente.","error"
"1428","45","45","installation_year","0","","YEAR_INVALID_FORMAT","El año no es un entero dentro del rango 1900–año siguiente.","Importar NULL y revisar el valor original conservado en metadata.","warning"
"1429","43","43","installation_year","0","","YEAR_INVALID_FORMAT","El año no es un entero dentro del rango 1900–año siguiente.","Importar NULL y revisar el valor original conservado en metadata.","warning"
"1430","41","41","installation_year","0","","YEAR_INVALID_FORMAT","El año no es un entero dentro del rango 1900–año siguiente.","Importar NULL y revisar el valor original conservado en metadata.","warning"
"1431","39","39","installation_year","0","","YEAR_INVALID_FORMAT","El año no es un entero dentro del rango 1900–año siguiente.","Importar NULL y revisar el valor original conservado en metadata.","warning"
"1432","37","37","installation_year","0","","YEAR_INVALID_FORMAT","El año no es un entero dentro del rango 1900–año siguiente.","Importar NULL y revisar el valor original conservado en metadata.","warning"
"1433","0","0","account_number","0","0","ACCOUNT_INVALID_FORMAT","La cuenta es cero o excede 50 caracteres.","Corregir la cuenta en el archivo fuente.","error"
"1434","36","36","installation_year","0","","YEAR_INVALID_FORMAT","El año no es un entero dentro del rango 1900–año siguiente.","Importar NULL y revisar el valor original conservado en metadata.","warning"
"1435","0","0","account_number","0","0","ACCOUNT_INVALID_FORMAT","La cuenta es cero o excede 50 caracteres.","Corregir la cuenta en el archivo fuente.","error"
"1436","0","0","account_number","0","0","ACCOUNT_INVALID_FORMAT","La cuenta es cero o excede 50 caracteres.","Corregir la cuenta en el archivo fuente.","error"
"1437","0","0","account_number","0","0","ACCOUNT_INVALID_FORMAT","La cuenta es cero o excede 50 caracteres.","Corregir la cuenta en el archivo fuente.","error"
"1438","58","58","installation_year","0","","YEAR_INVALID_FORMAT","El año no es un entero dentro del rango 1900–año siguiente.","Importar NULL y revisar el valor original conservado en metadata.","warning"
"1439","0","0","account_number","0","0","ACCOUNT_INVALID_FORMAT","La cuenta es cero o excede 50 caracteres.","Corregir la cuenta en el archivo fuente.","error"
"1440","0","0","account_number","0","0","ACCOUNT_INVALID_FORMAT","La cuenta es cero o excede 50 caracteres.","Corregir la cuenta en el archivo fuente.","error"
"1441","0","0","account_number","0","0","ACCOUNT_INVALID_FORMAT","La cuenta es cero o excede 50 caracteres.","Corregir la cuenta en el archivo fuente.","error"
"1442","0","0","account_number","0","0","ACCOUNT_INVALID_FORMAT","La cuenta es cero o excede 50 caracteres.","Corregir la cuenta en el archivo fuente.","error"
"1443","0","0","account_number","0","0","ACCOUNT_INVALID_FORMAT","La cuenta es cero o excede 50 caracteres.","Corregir la cuenta en el archivo fuente.","error"
"1444","0","0","account_number","0","0","ACCOUNT_INVALID_FORMAT","La cuenta es cero o excede 50 caracteres.","Corregir la cuenta en el archivo fuente.","error"
"1445","0","0","account_number","0","0","ACCOUNT_INVALID_FORMAT","La cuenta es cero o excede 50 caracteres.","Corregir la cuenta en el archivo fuente.","error"
"1446","0","0","account_number","0","0","ACCOUNT_INVALID_FORMAT","La cuenta es cero o excede 50 caracteres.","Corregir la cuenta en el archivo fuente.","error"
"1447","0","0","account_number","0","0","ACCOUNT_INVALID_FORMAT","La cuenta es cero o excede 50 caracteres.","Corregir la cuenta en el archivo fuente.","error"
"1448","0","0","account_number","0","0","ACCOUNT_INVALID_FORMAT","La cuenta es cero o excede 50 caracteres.","Corregir la cuenta en el archivo fuente.","error"
"1449","0","0","account_number","0","0","ACCOUNT_INVALID_FORMAT","La cuenta es cero o excede 50 caracteres.","Corregir la cuenta en el archivo fuente.","error"
"1450","0","0","account_number","0","0","ACCOUNT_INVALID_FORMAT","La cuenta es cero o excede 50 caracteres.","Corregir la cuenta en el archivo fuente.","error"
"1451","0","0","account_number","0","0","ACCOUNT_INVALID_FORMAT","La cuenta es cero o excede 50 caracteres.","Corregir la cuenta en el archivo fuente.","error"
"1452","0","0","account_number","0","0","ACCOUNT_INVALID_FORMAT","La cuenta es cero o excede 50 caracteres.","Corregir la cuenta en el archivo fuente.","error"
"1453","0","0","account_number","0","0","ACCOUNT_INVALID_FORMAT","La cuenta es cero o excede 50 caracteres.","Corregir la cuenta en el archivo fuente.","error"
"1454","0","0","account_number","0","0","ACCOUNT_INVALID_FORMAT","La cuenta es cero o excede 50 caracteres.","Corregir la cuenta en el archivo fuente.","error"
"1455","0","0","account_number","0","0","ACCOUNT_INVALID_FORMAT","La cuenta es cero o excede 50 caracteres.","Corregir la cuenta en el archivo fuente.","error"
"1456","0","0","account_number","0","0","ACCOUNT_INVALID_FORMAT","La cuenta es cero o excede 50 caracteres.","Corregir la cuenta en el archivo fuente.","error"
"1457","0","0","account_number","0","0","ACCOUNT_INVALID_FORMAT","La cuenta es cero o excede 50 caracteres.","Corregir la cuenta en el archivo fuente.","error"
"1458","0","0","account_number","0","0","ACCOUNT_INVALID_FORMAT","La cuenta es cero o excede 50 caracteres.","Corregir la cuenta en el archivo fuente.","error"
"1459","0","0","account_number","0","0","ACCOUNT_INVALID_FORMAT","La cuenta es cero o excede 50 caracteres.","Corregir la cuenta en el archivo fuente.","error"
"1460","0","0","account_number","0","0","ACCOUNT_INVALID_FORMAT","La cuenta es cero o excede 50 caracteres.","Corregir la cuenta en el archivo fuente.","error"
"1461","0","0","account_number","0","0","ACCOUNT_INVALID_FORMAT","La cuenta es cero o excede 50 caracteres.","Corregir la cuenta en el archivo fuente.","error"
"1462","0","0","account_number","0","0","ACCOUNT_INVALID_FORMAT","La cuenta es cero o excede 50 caracteres.","Corregir la cuenta en el archivo fuente.","error"
"1463","0","0","account_number","0","0","ACCOUNT_INVALID_FORMAT","La cuenta es cero o excede 50 caracteres.","Corregir la cuenta en el archivo fuente.","error"
"1464","0","0","account_number","0","0","ACCOUNT_INVALID_FORMAT","La cuenta es cero o excede 50 caracteres.","Corregir la cuenta en el archivo fuente.","error"
"1465","0","0","account_number","0","0","ACCOUNT_INVALID_FORMAT","La cuenta es cero o excede 50 caracteres.","Corregir la cuenta en el archivo fuente.","error"
"1466","0","0","account_number","0","0","ACCOUNT_INVALID_FORMAT","La cuenta es cero o excede 50 caracteres.","Corregir la cuenta en el archivo fuente.","error"
"1467","0","0","account_number","0","0","ACCOUNT_INVALID_FORMAT","La cuenta es cero o excede 50 caracteres.","Corregir la cuenta en el archivo fuente.","error"
"1468","0","0","account_number","0","0","ACCOUNT_INVALID_FORMAT","La cuenta es cero o excede 50 caracteres.","Corregir la cuenta en el archivo fuente.","error"
"1469","0","0","account_number","0","0","ACCOUNT_INVALID_FORMAT","La cuenta es cero o excede 50 caracteres.","Corregir la cuenta en el archivo fuente.","error"
"1470","0","0","account_number","0","0","ACCOUNT_INVALID_FORMAT","La cuenta es cero o excede 50 caracteres.","Corregir la cuenta en el archivo fuente.","error"
"1471","0","0","account_number","0","0","ACCOUNT_INVALID_FORMAT","La cuenta es cero o excede 50 caracteres.","Corregir la cuenta en el archivo fuente.","error"
"1472","0","0","account_number","0","0","ACCOUNT_INVALID_FORMAT","La cuenta es cero o excede 50 caracteres.","Corregir la cuenta en el archivo fuente.","error"
"1473","0","0","account_number","0","0","ACCOUNT_INVALID_FORMAT","La cuenta es cero o excede 50 caracteres.","Corregir la cuenta en el archivo fuente.","error"
"1474","0","0","account_number","0","0","ACCOUNT_INVALID_FORMAT","La cuenta es cero o excede 50 caracteres.","Corregir la cuenta en el archivo fuente.","error"
"1475","0","0","account_number","0","0","ACCOUNT_INVALID_FORMAT","La cuenta es cero o excede 50 caracteres.","Corregir la cuenta en el archivo fuente.","error"
"1476","0","0","account_number","0","0","ACCOUNT_INVALID_FORMAT","La cuenta es cero o excede 50 caracteres.","Corregir la cuenta en el archivo fuente.","error"
"1477","0","0","account_number","0","0","ACCOUNT_INVALID_FORMAT","La cuenta es cero o excede 50 caracteres.","Corregir la cuenta en el archivo fuente.","error"
"1478","0","0","account_number","0","0","ACCOUNT_INVALID_FORMAT","La cuenta es cero o excede 50 caracteres.","Corregir la cuenta en el archivo fuente.","error"
"1479","0","0","account_number","0","0","ACCOUNT_INVALID_FORMAT","La cuenta es cero o excede 50 caracteres.","Corregir la cuenta en el archivo fuente.","error"
"1480","0","0","account_number","0","0","ACCOUNT_INVALID_FORMAT","La cuenta es cero o excede 50 caracteres.","Corregir la cuenta en el archivo fuente.","error"
"1481","0","0","account_number","0","0","ACCOUNT_INVALID_FORMAT","La cuenta es cero o excede 50 caracteres.","Corregir la cuenta en el archivo fuente.","error"
"1482","0","0","account_number","0","0","ACCOUNT_INVALID_FORMAT","La cuenta es cero o excede 50 caracteres.","Corregir la cuenta en el archivo fuente.","error"
"1483","0","0","account_number","0","0","ACCOUNT_INVALID_FORMAT","La cuenta es cero o excede 50 caracteres.","Corregir la cuenta en el archivo fuente.","error"
"1484","0","0","account_number","0","0","ACCOUNT_INVALID_FORMAT","La cuenta es cero o excede 50 caracteres.","Corregir la cuenta en el archivo fuente.","error"
"1485","0","0","account_number","0","0","ACCOUNT_INVALID_FORMAT","La cuenta es cero o excede 50 caracteres.","Corregir la cuenta en el archivo fuente.","error"
"1486","0","0","account_number","0","0","ACCOUNT_INVALID_FORMAT","La cuenta es cero o excede 50 caracteres.","Corregir la cuenta en el archivo fuente.","error"
"1487","0","0","account_number","0","0","ACCOUNT_INVALID_FORMAT","La cuenta es cero o excede 50 caracteres.","Corregir la cuenta en el archivo fuente.","error"
"1488","0","0","account_number","0","0","ACCOUNT_INVALID_FORMAT","La cuenta es cero o excede 50 caracteres.","Corregir la cuenta en el archivo fuente.","error"
"1489","0","0","account_number","0","0","ACCOUNT_INVALID_FORMAT","La cuenta es cero o excede 50 caracteres.","Corregir la cuenta en el archivo fuente.","error"
"1490","0","0","account_number","0","0","ACCOUNT_INVALID_FORMAT","La cuenta es cero o excede 50 caracteres.","Corregir la cuenta en el archivo fuente.","error"
"1491","0","0","account_number","0","0","ACCOUNT_INVALID_FORMAT","La cuenta es cero o excede 50 caracteres.","Corregir la cuenta en el archivo fuente.","error"
"1492","0","0","account_number","0","0","ACCOUNT_INVALID_FORMAT","La cuenta es cero o excede 50 caracteres.","Corregir la cuenta en el archivo fuente.","error"
"1493","0","0","account_number","0","0","ACCOUNT_INVALID_FORMAT","La cuenta es cero o excede 50 caracteres.","Corregir la cuenta en el archivo fuente.","error"
"1494","0","0","account_number","0","0","ACCOUNT_INVALID_FORMAT","La cuenta es cero o excede 50 caracteres.","Corregir la cuenta en el archivo fuente.","error"
"1495","0","0","account_number","0","0","ACCOUNT_INVALID_FORMAT","La cuenta es cero o excede 50 caracteres.","Corregir la cuenta en el archivo fuente.","error"
"1496","0","0","account_number","0","0","ACCOUNT_INVALID_FORMAT","La cuenta es cero o excede 50 caracteres.","Corregir la cuenta en el archivo fuente.","error"
"1497","0","0","account_number","0","0","ACCOUNT_INVALID_FORMAT","La cuenta es cero o excede 50 caracteres.","Corregir la cuenta en el archivo fuente.","error"
"1498","0","0","account_number","0","0","ACCOUNT_INVALID_FORMAT","La cuenta es cero o excede 50 caracteres.","Corregir la cuenta en el archivo fuente.","error"
"1499","0","0","account_number","0","0","ACCOUNT_INVALID_FORMAT","La cuenta es cero o excede 50 caracteres.","Corregir la cuenta en el archivo fuente.","error"
"1500","0","0","account_number","0","0","ACCOUNT_INVALID_FORMAT","La cuenta es cero o excede 50 caracteres.","Corregir la cuenta en el archivo fuente.","error"
"1501","0","0","account_number","0","0","ACCOUNT_INVALID_FORMAT","La cuenta es cero o excede 50 caracteres.","Corregir la cuenta en el archivo fuente.","error"
"1502","0","0","account_number","0","0","ACCOUNT_INVALID_FORMAT","La cuenta es cero o excede 50 caracteres.","Corregir la cuenta en el archivo fuente.","error"
"1503","0","0","account_number","0","0","ACCOUNT_INVALID_FORMAT","La cuenta es cero o excede 50 caracteres.","Corregir la cuenta en el archivo fuente.","error"
"1504","0","0","account_number","0","0","ACCOUNT_INVALID_FORMAT","La cuenta es cero o excede 50 caracteres.","Corregir la cuenta en el archivo fuente.","error"
"1505","0","0","account_number","0","0","ACCOUNT_INVALID_FORMAT","La cuenta es cero o excede 50 caracteres.","Corregir la cuenta en el archivo fuente.","error"
"1506","0","0","account_number","0","0","ACCOUNT_INVALID_FORMAT","La cuenta es cero o excede 50 caracteres.","Corregir la cuenta en el archivo fuente.","error"
"1507","0","0","account_number","0","0","ACCOUNT_INVALID_FORMAT","La cuenta es cero o excede 50 caracteres.","Corregir la cuenta en el archivo fuente.","error"
"1508","0","0","account_number","0","0","ACCOUNT_INVALID_FORMAT","La cuenta es cero o excede 50 caracteres.","Corregir la cuenta en el archivo fuente.","error"
"1509","0","0","account_number","0","0","ACCOUNT_INVALID_FORMAT","La cuenta es cero o excede 50 caracteres.","Corregir la cuenta en el archivo fuente.","error"
"1510","0","0","account_number","0","0","ACCOUNT_INVALID_FORMAT","La cuenta es cero o excede 50 caracteres.","Corregir la cuenta en el archivo fuente.","error"
"1511","0","0","account_number","0","0","ACCOUNT_INVALID_FORMAT","La cuenta es cero o excede 50 caracteres.","Corregir la cuenta en el archivo fuente.","error"
"1512","0","0","account_number","0","0","ACCOUNT_INVALID_FORMAT","La cuenta es cero o excede 50 caracteres.","Corregir la cuenta en el archivo fuente.","error"
"1513","0","0","account_number","0","0","ACCOUNT_INVALID_FORMAT","La cuenta es cero o excede 50 caracteres.","Corregir la cuenta en el archivo fuente.","error"
"1514","0","0","account_number","0","0","ACCOUNT_INVALID_FORMAT","La cuenta es cero o excede 50 caracteres.","Corregir la cuenta en el archivo fuente.","error"
"1515","0","0","account_number","0","0","ACCOUNT_INVALID_FORMAT","La cuenta es cero o excede 50 caracteres.","Corregir la cuenta en el archivo fuente.","error"
"1516","0","0","account_number","0","0","ACCOUNT_INVALID_FORMAT","La cuenta es cero o excede 50 caracteres.","Corregir la cuenta en el archivo fuente.","error"
"1517","1220","1220","installation_year","0","","YEAR_INVALID_FORMAT","El año no es un entero dentro del rango 1900–año siguiente.","Importar NULL y revisar el valor original conservado en metadata.","warning"
"1518","0","0","account_number","0","0","ACCOUNT_INVALID_FORMAT","La cuenta es cero o excede 50 caracteres.","Corregir la cuenta en el archivo fuente.","error"
"1519","0","0","account_number","0","0","ACCOUNT_INVALID_FORMAT","La cuenta es cero o excede 50 caracteres.","Corregir la cuenta en el archivo fuente.","error"
"1520","0","0","account_number","0","0","ACCOUNT_INVALID_FORMAT","La cuenta es cero o excede 50 caracteres.","Corregir la cuenta en el archivo fuente.","error"
"1521","0","0","account_number","0","0","ACCOUNT_INVALID_FORMAT","La cuenta es cero o excede 50 caracteres.","Corregir la cuenta en el archivo fuente.","error"
"1522","0","0","account_number","0","0","ACCOUNT_INVALID_FORMAT","La cuenta es cero o excede 50 caracteres.","Corregir la cuenta en el archivo fuente.","error"
"1523","0","0","account_number","0","0","ACCOUNT_INVALID_FORMAT","La cuenta es cero o excede 50 caracteres.","Corregir la cuenta en el archivo fuente.","error"
"1524","0","0","account_number","0","0","ACCOUNT_INVALID_FORMAT","La cuenta es cero o excede 50 caracteres.","Corregir la cuenta en el archivo fuente.","error"
"1525","0","0","account_number","0","0","ACCOUNT_INVALID_FORMAT","La cuenta es cero o excede 50 caracteres.","Corregir la cuenta en el archivo fuente.","error"
"1526","0","0","account_number","0","0","ACCOUNT_INVALID_FORMAT","La cuenta es cero o excede 50 caracteres.","Corregir la cuenta en el archivo fuente.","error"
"1527","0","0","account_number","0","0","ACCOUNT_INVALID_FORMAT","La cuenta es cero o excede 50 caracteres.","Corregir la cuenta en el archivo fuente.","error"
"1528","0","0","account_number","0","0","ACCOUNT_INVALID_FORMAT","La cuenta es cero o excede 50 caracteres.","Corregir la cuenta en el archivo fuente.","error"
"1529","0","0","account_number","0","0","ACCOUNT_INVALID_FORMAT","La cuenta es cero o excede 50 caracteres.","Corregir la cuenta en el archivo fuente.","error"
"1530","0","0","account_number","0","0","ACCOUNT_INVALID_FORMAT","La cuenta es cero o excede 50 caracteres.","Corregir la cuenta en el archivo fuente.","error"
"1531","0","0","account_number","0","0","ACCOUNT_INVALID_FORMAT","La cuenta es cero o excede 50 caracteres.","Corregir la cuenta en el archivo fuente.","error"
"1532","0","0","account_number","0","0","ACCOUNT_INVALID_FORMAT","La cuenta es cero o excede 50 caracteres.","Corregir la cuenta en el archivo fuente.","error"
"1533","0","0","account_number","0","0","ACCOUNT_INVALID_FORMAT","La cuenta es cero o excede 50 caracteres.","Corregir la cuenta en el archivo fuente.","error"
"1534","0","0","account_number","0","0","ACCOUNT_INVALID_FORMAT","La cuenta es cero o excede 50 caracteres.","Corregir la cuenta en el archivo fuente.","error"
"1535","0","0","account_number","0","0","ACCOUNT_INVALID_FORMAT","La cuenta es cero o excede 50 caracteres.","Corregir la cuenta en el archivo fuente.","error"
"1536","0","0","account_number","0","0","ACCOUNT_INVALID_FORMAT","La cuenta es cero o excede 50 caracteres.","Corregir la cuenta en el archivo fuente.","error"
"1537","0","0","account_number","0","0","ACCOUNT_INVALID_FORMAT","La cuenta es cero o excede 50 caracteres.","Corregir la cuenta en el archivo fuente.","error"
"1538","0","0","account_number","0","0","ACCOUNT_INVALID_FORMAT","La cuenta es cero o excede 50 caracteres.","Corregir la cuenta en el archivo fuente.","error"
"1539","0","0","account_number","0","0","ACCOUNT_INVALID_FORMAT","La cuenta es cero o excede 50 caracteres.","Corregir la cuenta en el archivo fuente.","error"
"1540","0","0","account_number","0","0","ACCOUNT_INVALID_FORMAT","La cuenta es cero o excede 50 caracteres.","Corregir la cuenta en el archivo fuente.","error"
"1541","0","0","account_number","0","0","ACCOUNT_INVALID_FORMAT","La cuenta es cero o excede 50 caracteres.","Corregir la cuenta en el archivo fuente.","error"
"1542","0","0","account_number","0","0","ACCOUNT_INVALID_FORMAT","La cuenta es cero o excede 50 caracteres.","Corregir la cuenta en el archivo fuente.","error"
"1543","0","0","account_number","0","0","ACCOUNT_INVALID_FORMAT","La cuenta es cero o excede 50 caracteres.","Corregir la cuenta en el archivo fuente.","error"
"1544","0","0","account_number","0","0","ACCOUNT_INVALID_FORMAT","La cuenta es cero o excede 50 caracteres.","Corregir la cuenta en el archivo fuente.","error"
"1545","0","0","account_number","0","0","ACCOUNT_INVALID_FORMAT","La cuenta es cero o excede 50 caracteres.","Corregir la cuenta en el archivo fuente.","error"
"1546","0","0","account_number","0","0","ACCOUNT_INVALID_FORMAT","La cuenta es cero o excede 50 caracteres.","Corregir la cuenta en el archivo fuente.","error"
"1547","0","0","account_number","0","0","ACCOUNT_INVALID_FORMAT","La cuenta es cero o excede 50 caracteres.","Corregir la cuenta en el archivo fuente.","error"
"1548","0","0","account_number","0","0","ACCOUNT_INVALID_FORMAT","La cuenta es cero o excede 50 caracteres.","Corregir la cuenta en el archivo fuente.","error"
"1549","0","0","account_number","0","0","ACCOUNT_INVALID_FORMAT","La cuenta es cero o excede 50 caracteres.","Corregir la cuenta en el archivo fuente.","error"
"1550","0","0","account_number","0","0","ACCOUNT_INVALID_FORMAT","La cuenta es cero o excede 50 caracteres.","Corregir la cuenta en el archivo fuente.","error"
"1551","0","0","account_number","0","0","ACCOUNT_INVALID_FORMAT","La cuenta es cero o excede 50 caracteres.","Corregir la cuenta en el archivo fuente.","error"
"1552","0","0","account_number","0","0","ACCOUNT_INVALID_FORMAT","La cuenta es cero o excede 50 caracteres.","Corregir la cuenta en el archivo fuente.","error"
"1553","0","0","account_number","0","0","ACCOUNT_INVALID_FORMAT","La cuenta es cero o excede 50 caracteres.","Corregir la cuenta en el archivo fuente.","error"
"1554","0","0","account_number","0","0","ACCOUNT_INVALID_FORMAT","La cuenta es cero o excede 50 caracteres.","Corregir la cuenta en el archivo fuente.","error"
"1555","0","0","account_number","0","0","ACCOUNT_INVALID_FORMAT","La cuenta es cero o excede 50 caracteres.","Corregir la cuenta en el archivo fuente.","error"
"1556","0","0","account_number","0","0","ACCOUNT_INVALID_FORMAT","La cuenta es cero o excede 50 caracteres.","Corregir la cuenta en el archivo fuente.","error"
"1557","0","0","account_number","0","0","ACCOUNT_INVALID_FORMAT","La cuenta es cero o excede 50 caracteres.","Corregir la cuenta en el archivo fuente.","error"
"1558","0","0","account_number","0","0","ACCOUNT_INVALID_FORMAT","La cuenta es cero o excede 50 caracteres.","Corregir la cuenta en el archivo fuente.","error"
"1559","0","0","account_number","0","0","ACCOUNT_INVALID_FORMAT","La cuenta es cero o excede 50 caracteres.","Corregir la cuenta en el archivo fuente.","error"
"1560","0","0","account_number","0","0","ACCOUNT_INVALID_FORMAT","La cuenta es cero o excede 50 caracteres.","Corregir la cuenta en el archivo fuente.","error"
"1561","0","0","account_number","0","0","ACCOUNT_INVALID_FORMAT","La cuenta es cero o excede 50 caracteres.","Corregir la cuenta en el archivo fuente.","error"
"1562","0","0","account_number","0","0","ACCOUNT_INVALID_FORMAT","La cuenta es cero o excede 50 caracteres.","Corregir la cuenta en el archivo fuente.","error"
"1563","0","0","account_number","0","0","ACCOUNT_INVALID_FORMAT","La cuenta es cero o excede 50 caracteres.","Corregir la cuenta en el archivo fuente.","error"
"1564","0","0","account_number","0","0","ACCOUNT_INVALID_FORMAT","La cuenta es cero o excede 50 caracteres.","Corregir la cuenta en el archivo fuente.","error"
"1565","0","0","account_number","0","0","ACCOUNT_INVALID_FORMAT","La cuenta es cero o excede 50 caracteres.","Corregir la cuenta en el archivo fuente.","error"
"1566","0","0","account_number","0","0","ACCOUNT_INVALID_FORMAT","La cuenta es cero o excede 50 caracteres.","Corregir la cuenta en el archivo fuente.","error"
"1567","0","0","account_number","0","0","ACCOUNT_INVALID_FORMAT","La cuenta es cero o excede 50 caracteres.","Corregir la cuenta en el archivo fuente.","error"
"1568","0","0","account_number","0","0","ACCOUNT_INVALID_FORMAT","La cuenta es cero o excede 50 caracteres.","Corregir la cuenta en el archivo fuente.","error"
"1569","0","0","account_number","0","0","ACCOUNT_INVALID_FORMAT","La cuenta es cero o excede 50 caracteres.","Corregir la cuenta en el archivo fuente.","error"
"1570","0","0","account_number","0","0","ACCOUNT_INVALID_FORMAT","La cuenta es cero o excede 50 caracteres.","Corregir la cuenta en el archivo fuente.","error"
"1571","0","0","account_number","0","0","ACCOUNT_INVALID_FORMAT","La cuenta es cero o excede 50 caracteres.","Corregir la cuenta en el archivo fuente.","error"
"1572","0","0","account_number","0","0","ACCOUNT_INVALID_FORMAT","La cuenta es cero o excede 50 caracteres.","Corregir la cuenta en el archivo fuente.","error"
"1573","0","0","account_number","0","0","ACCOUNT_INVALID_FORMAT","La cuenta es cero o excede 50 caracteres.","Corregir la cuenta en el archivo fuente.","error"
"1574","0","0","account_number","0","0","ACCOUNT_INVALID_FORMAT","La cuenta es cero o excede 50 caracteres.","Corregir la cuenta en el archivo fuente.","error"
"1575","0","0","account_number","0","0","ACCOUNT_INVALID_FORMAT","La cuenta es cero o excede 50 caracteres.","Corregir la cuenta en el archivo fuente.","error"
"1576","0","0","account_number","0","0","ACCOUNT_INVALID_FORMAT","La cuenta es cero o excede 50 caracteres.","Corregir la cuenta en el archivo fuente.","error"
"1577","0","0","account_number","0","0","ACCOUNT_INVALID_FORMAT","La cuenta es cero o excede 50 caracteres.","Corregir la cuenta en el archivo fuente.","error"
"1578","0","0","account_number","0","0","ACCOUNT_INVALID_FORMAT","La cuenta es cero o excede 50 caracteres.","Corregir la cuenta en el archivo fuente.","error"
"1579","0","0","account_number","0","0","ACCOUNT_INVALID_FORMAT","La cuenta es cero o excede 50 caracteres.","Corregir la cuenta en el archivo fuente.","error"
"1580","0","0","account_number","0","0","ACCOUNT_INVALID_FORMAT","La cuenta es cero o excede 50 caracteres.","Corregir la cuenta en el archivo fuente.","error"
"1581","0","0","account_number","0","0","ACCOUNT_INVALID_FORMAT","La cuenta es cero o excede 50 caracteres.","Corregir la cuenta en el archivo fuente.","error"
"1582","0","0","account_number","0","0","ACCOUNT_INVALID_FORMAT","La cuenta es cero o excede 50 caracteres.","Corregir la cuenta en el archivo fuente.","error"
"1583","0","0","account_number","0","0","ACCOUNT_INVALID_FORMAT","La cuenta es cero o excede 50 caracteres.","Corregir la cuenta en el archivo fuente.","error"
"1584","0","0","account_number","0","0","ACCOUNT_INVALID_FORMAT","La cuenta es cero o excede 50 caracteres.","Corregir la cuenta en el archivo fuente.","error"
"1585","0","0","account_number","0","0","ACCOUNT_INVALID_FORMAT","La cuenta es cero o excede 50 caracteres.","Corregir la cuenta en el archivo fuente.","error"
"1586","0","0","account_number","0","0","ACCOUNT_INVALID_FORMAT","La cuenta es cero o excede 50 caracteres.","Corregir la cuenta en el archivo fuente.","error"
"1587","0","0","account_number","0","0","ACCOUNT_INVALID_FORMAT","La cuenta es cero o excede 50 caracteres.","Corregir la cuenta en el archivo fuente.","error"
"1588","0","0","account_number","0","0","ACCOUNT_INVALID_FORMAT","La cuenta es cero o excede 50 caracteres.","Corregir la cuenta en el archivo fuente.","error"
"1589","0","0","account_number","0","0","ACCOUNT_INVALID_FORMAT","La cuenta es cero o excede 50 caracteres.","Corregir la cuenta en el archivo fuente.","error"
"1590","0","0","account_number","0","0","ACCOUNT_INVALID_FORMAT","La cuenta es cero o excede 50 caracteres.","Corregir la cuenta en el archivo fuente.","error"
"1591","0","0","account_number","0","0","ACCOUNT_INVALID_FORMAT","La cuenta es cero o excede 50 caracteres.","Corregir la cuenta en el archivo fuente.","error"
"1592","0","0","account_number","0","0","ACCOUNT_INVALID_FORMAT","La cuenta es cero o excede 50 caracteres.","Corregir la cuenta en el archivo fuente.","error"
"1593","0","0","account_number","0","0","ACCOUNT_INVALID_FORMAT","La cuenta es cero o excede 50 caracteres.","Corregir la cuenta en el archivo fuente.","error"
"1594","0","0","account_number","0","0","ACCOUNT_INVALID_FORMAT","La cuenta es cero o excede 50 caracteres.","Corregir la cuenta en el archivo fuente.","error"
"1595","0","0","account_number","0","0","ACCOUNT_INVALID_FORMAT","La cuenta es cero o excede 50 caracteres.","Corregir la cuenta en el archivo fuente.","error"
"1596","0","0","account_number","0","0","ACCOUNT_INVALID_FORMAT","La cuenta es cero o excede 50 caracteres.","Corregir la cuenta en el archivo fuente.","error"
"1597","0","0","account_number","0","0","ACCOUNT_INVALID_FORMAT","La cuenta es cero o excede 50 caracteres.","Corregir la cuenta en el archivo fuente.","error"
"1598","0","0","account_number","0","0","ACCOUNT_INVALID_FORMAT","La cuenta es cero o excede 50 caracteres.","Corregir la cuenta en el archivo fuente.","error"
"1599","0","0","account_number","0","0","ACCOUNT_INVALID_FORMAT","La cuenta es cero o excede 50 caracteres.","Corregir la cuenta en el archivo fuente.","error"
"1600","0","0","account_number","0","0","ACCOUNT_INVALID_FORMAT","La cuenta es cero o excede 50 caracteres.","Corregir la cuenta en el archivo fuente.","error"
"1601","0","0","account_number","0","0","ACCOUNT_INVALID_FORMAT","La cuenta es cero o excede 50 caracteres.","Corregir la cuenta en el archivo fuente.","error"
"1602","0","0","account_number","0","0","ACCOUNT_INVALID_FORMAT","La cuenta es cero o excede 50 caracteres.","Corregir la cuenta en el archivo fuente.","error"
"1603","0","0","account_number","0","0","ACCOUNT_INVALID_FORMAT","La cuenta es cero o excede 50 caracteres.","Corregir la cuenta en el archivo fuente.","error"
"1604","0","0","account_number","0","0","ACCOUNT_INVALID_FORMAT","La cuenta es cero o excede 50 caracteres.","Corregir la cuenta en el archivo fuente.","error"
"1605","0","0","account_number","0","0","ACCOUNT_INVALID_FORMAT","La cuenta es cero o excede 50 caracteres.","Corregir la cuenta en el archivo fuente.","error"
"1606","0","0","account_number","0","0","ACCOUNT_INVALID_FORMAT","La cuenta es cero o excede 50 caracteres.","Corregir la cuenta en el archivo fuente.","error"
"1607","0","0","account_number","0","0","ACCOUNT_INVALID_FORMAT","La cuenta es cero o excede 50 caracteres.","Corregir la cuenta en el archivo fuente.","error"
"1608","0","0","account_number","0","0","ACCOUNT_INVALID_FORMAT","La cuenta es cero o excede 50 caracteres.","Corregir la cuenta en el archivo fuente.","error"
"1609","0","0","account_number","0","0","ACCOUNT_INVALID_FORMAT","La cuenta es cero o excede 50 caracteres.","Corregir la cuenta en el archivo fuente.","error"
"1610","0","0","account_number","0","0","ACCOUNT_INVALID_FORMAT","La cuenta es cero o excede 50 caracteres.","Corregir la cuenta en el archivo fuente.","error"
"1611","0","0","account_number","0","0","ACCOUNT_INVALID_FORMAT","La cuenta es cero o excede 50 caracteres.","Corregir la cuenta en el archivo fuente.","error"
"1612","0","0","account_number","0","0","ACCOUNT_INVALID_FORMAT","La cuenta es cero o excede 50 caracteres.","Corregir la cuenta en el archivo fuente.","error"
"1613","0","0","account_number","0","0","ACCOUNT_INVALID_FORMAT","La cuenta es cero o excede 50 caracteres.","Corregir la cuenta en el archivo fuente.","error"
"1614","0","0","account_number","0","0","ACCOUNT_INVALID_FORMAT","La cuenta es cero o excede 50 caracteres.","Corregir la cuenta en el archivo fuente.","error"
"1615","0","0","account_number","0","0","ACCOUNT_INVALID_FORMAT","La cuenta es cero o excede 50 caracteres.","Corregir la cuenta en el archivo fuente.","error"
"1616","0","0","account_number","0","0","ACCOUNT_INVALID_FORMAT","La cuenta es cero o excede 50 caracteres.","Corregir la cuenta en el archivo fuente.","error"
"1617","0","0","account_number","0","0","ACCOUNT_INVALID_FORMAT","La cuenta es cero o excede 50 caracteres.","Corregir la cuenta en el archivo fuente.","error"
"1618","0","0","account_number","0","0","ACCOUNT_INVALID_FORMAT","La cuenta es cero o excede 50 caracteres.","Corregir la cuenta en el archivo fuente.","error"
"1619","0","0","account_number","0","0","ACCOUNT_INVALID_FORMAT","La cuenta es cero o excede 50 caracteres.","Corregir la cuenta en el archivo fuente.","error"
"1620","0","0","account_number","0","0","ACCOUNT_INVALID_FORMAT","La cuenta es cero o excede 50 caracteres.","Corregir la cuenta en el archivo fuente.","error"
"1621","0","0","account_number","0","0","ACCOUNT_INVALID_FORMAT","La cuenta es cero o excede 50 caracteres.","Corregir la cuenta en el archivo fuente.","error"
"1622","0","0","account_number","0","0","ACCOUNT_INVALID_FORMAT","La cuenta es cero o excede 50 caracteres.","Corregir la cuenta en el archivo fuente.","error"
"1623","0","0","account_number","0","0","ACCOUNT_INVALID_FORMAT","La cuenta es cero o excede 50 caracteres.","Corregir la cuenta en el archivo fuente.","error"
"1624","0","0","account_number","0","0","ACCOUNT_INVALID_FORMAT","La cuenta es cero o excede 50 caracteres.","Corregir la cuenta en el archivo fuente.","error"
"1625","0","0","account_number","0","0","ACCOUNT_INVALID_FORMAT","La cuenta es cero o excede 50 caracteres.","Corregir la cuenta en el archivo fuente.","error"
"1626","0","0","account_number","0","0","ACCOUNT_INVALID_FORMAT","La cuenta es cero o excede 50 caracteres.","Corregir la cuenta en el archivo fuente.","error"
"1627","0","0","account_number","0","0","ACCOUNT_INVALID_FORMAT","La cuenta es cero o excede 50 caracteres.","Corregir la cuenta en el archivo fuente.","error"
"1628","0","0","account_number","0","0","ACCOUNT_INVALID_FORMAT","La cuenta es cero o excede 50 caracteres.","Corregir la cuenta en el archivo fuente.","error"
"1629","0","0","account_number","0","0","ACCOUNT_INVALID_FORMAT","La cuenta es cero o excede 50 caracteres.","Corregir la cuenta en el archivo fuente.","error"
"1630","0","0","account_number","0","0","ACCOUNT_INVALID_FORMAT","La cuenta es cero o excede 50 caracteres.","Corregir la cuenta en el archivo fuente.","error"
"1631","0","0","account_number","0","0","ACCOUNT_INVALID_FORMAT","La cuenta es cero o excede 50 caracteres.","Corregir la cuenta en el archivo fuente.","error"
"1632","0","0","account_number","0","0","ACCOUNT_INVALID_FORMAT","La cuenta es cero o excede 50 caracteres.","Corregir la cuenta en el archivo fuente.","error"
"1633","0","0","account_number","0","0","ACCOUNT_INVALID_FORMAT","La cuenta es cero o excede 50 caracteres.","Corregir la cuenta en el archivo fuente.","error"
"1634","0","0","account_number","0","0","ACCOUNT_INVALID_FORMAT","La cuenta es cero o excede 50 caracteres.","Corregir la cuenta en el archivo fuente.","error"
"1635","0","0","account_number","0","0","ACCOUNT_INVALID_FORMAT","La cuenta es cero o excede 50 caracteres.","Corregir la cuenta en el archivo fuente.","error"
"1636","0","0","account_number","0","0","ACCOUNT_INVALID_FORMAT","La cuenta es cero o excede 50 caracteres.","Corregir la cuenta en el archivo fuente.","error"
"1637","0","0","account_number","0","0","ACCOUNT_INVALID_FORMAT","La cuenta es cero o excede 50 caracteres.","Corregir la cuenta en el archivo fuente.","error"
"1638","0","0","account_number","0","0","ACCOUNT_INVALID_FORMAT","La cuenta es cero o excede 50 caracteres.","Corregir la cuenta en el archivo fuente.","error"
"1639","0","0","account_number","0","0","ACCOUNT_INVALID_FORMAT","La cuenta es cero o excede 50 caracteres.","Corregir la cuenta en el archivo fuente.","error"
"1640","0","0","account_number","0","0","ACCOUNT_INVALID_FORMAT","La cuenta es cero o excede 50 caracteres.","Corregir la cuenta en el archivo fuente.","error"
"1641","0","0","account_number","0","0","ACCOUNT_INVALID_FORMAT","La cuenta es cero o excede 50 caracteres.","Corregir la cuenta en el archivo fuente.","error"
"1642","0","0","account_number","0","0","ACCOUNT_INVALID_FORMAT","La cuenta es cero o excede 50 caracteres.","Corregir la cuenta en el archivo fuente.","error"
"1643","0","0","account_number","0","0","ACCOUNT_INVALID_FORMAT","La cuenta es cero o excede 50 caracteres.","Corregir la cuenta en el archivo fuente.","error"
"1644","0","0","account_number","0","0","ACCOUNT_INVALID_FORMAT","La cuenta es cero o excede 50 caracteres.","Corregir la cuenta en el archivo fuente.","error"
"1645","0","0","account_number","0","0","ACCOUNT_INVALID_FORMAT","La cuenta es cero o excede 50 caracteres.","Corregir la cuenta en el archivo fuente.","error"
"1646","0","0","account_number","0","0","ACCOUNT_INVALID_FORMAT","La cuenta es cero o excede 50 caracteres.","Corregir la cuenta en el archivo fuente.","error"
"1647","0","0","account_number","0","0","ACCOUNT_INVALID_FORMAT","La cuenta es cero o excede 50 caracteres.","Corregir la cuenta en el archivo fuente.","error"
"1648","0","0","account_number","0","0","ACCOUNT_INVALID_FORMAT","La cuenta es cero o excede 50 caracteres.","Corregir la cuenta en el archivo fuente.","error"
"1649","0","0","account_number","0","0","ACCOUNT_INVALID_FORMAT","La cuenta es cero o excede 50 caracteres.","Corregir la cuenta en el archivo fuente.","error"
"1650","0","0","account_number","0","0","ACCOUNT_INVALID_FORMAT","La cuenta es cero o excede 50 caracteres.","Corregir la cuenta en el archivo fuente.","error"
"1651","0","0","account_number","0","0","ACCOUNT_INVALID_FORMAT","La cuenta es cero o excede 50 caracteres.","Corregir la cuenta en el archivo fuente.","error"
"1652","0","0","account_number","0","0","ACCOUNT_INVALID_FORMAT","La cuenta es cero o excede 50 caracteres.","Corregir la cuenta en el archivo fuente.","error"
"1653","0","0","account_number","0","0","ACCOUNT_INVALID_FORMAT","La cuenta es cero o excede 50 caracteres.","Corregir la cuenta en el archivo fuente.","error"
"1654","0","0","account_number","0","0","ACCOUNT_INVALID_FORMAT","La cuenta es cero o excede 50 caracteres.","Corregir la cuenta en el archivo fuente.","error"
"1655","0","0","account_number","0","0","ACCOUNT_INVALID_FORMAT","La cuenta es cero o excede 50 caracteres.","Corregir la cuenta en el archivo fuente.","error"
"1656","0","0","account_number","0","0","ACCOUNT_INVALID_FORMAT","La cuenta es cero o excede 50 caracteres.","Corregir la cuenta en el archivo fuente.","error"
"1657","0","0","account_number","0","0","ACCOUNT_INVALID_FORMAT","La cuenta es cero o excede 50 caracteres.","Corregir la cuenta en el archivo fuente.","error"
"1658","0","0","account_number","0","0","ACCOUNT_INVALID_FORMAT","La cuenta es cero o excede 50 caracteres.","Corregir la cuenta en el archivo fuente.","error"
"1659","0","0","account_number","0","0","ACCOUNT_INVALID_FORMAT","La cuenta es cero o excede 50 caracteres.","Corregir la cuenta en el archivo fuente.","error"
"1660","0","0","account_number","0","0","ACCOUNT_INVALID_FORMAT","La cuenta es cero o excede 50 caracteres.","Corregir la cuenta en el archivo fuente.","error"
"1661","0","0","account_number","0","0","ACCOUNT_INVALID_FORMAT","La cuenta es cero o excede 50 caracteres.","Corregir la cuenta en el archivo fuente.","error"
"1662","0","0","account_number","0","0","ACCOUNT_INVALID_FORMAT","La cuenta es cero o excede 50 caracteres.","Corregir la cuenta en el archivo fuente.","error"
"1663","0","0","account_number","0","0","ACCOUNT_INVALID_FORMAT","La cuenta es cero o excede 50 caracteres.","Corregir la cuenta en el archivo fuente.","error"
"1664","0","0","account_number","0","0","ACCOUNT_INVALID_FORMAT","La cuenta es cero o excede 50 caracteres.","Corregir la cuenta en el archivo fuente.","error"
"1665","0","0","account_number","0","0","ACCOUNT_INVALID_FORMAT","La cuenta es cero o excede 50 caracteres.","Corregir la cuenta en el archivo fuente.","error"
"1666","0","0","account_number","0","0","ACCOUNT_INVALID_FORMAT","La cuenta es cero o excede 50 caracteres.","Corregir la cuenta en el archivo fuente.","error"
"1667","0","0","account_number","0","0","ACCOUNT_INVALID_FORMAT","La cuenta es cero o excede 50 caracteres.","Corregir la cuenta en el archivo fuente.","error"
"1668","0","0","account_number","0","0","ACCOUNT_INVALID_FORMAT","La cuenta es cero o excede 50 caracteres.","Corregir la cuenta en el archivo fuente.","error"
"1669","0","0","account_number","0","0","ACCOUNT_INVALID_FORMAT","La cuenta es cero o excede 50 caracteres.","Corregir la cuenta en el archivo fuente.","error"
"1670","0","0","account_number","0","0","ACCOUNT_INVALID_FORMAT","La cuenta es cero o excede 50 caracteres.","Corregir la cuenta en el archivo fuente.","error"
"1671","0","0","account_number","0","0","ACCOUNT_INVALID_FORMAT","La cuenta es cero o excede 50 caracteres.","Corregir la cuenta en el archivo fuente.","error"
"1672","0","0","account_number","0","0","ACCOUNT_INVALID_FORMAT","La cuenta es cero o excede 50 caracteres.","Corregir la cuenta en el archivo fuente.","error"
"1673","0","0","account_number","0","0","ACCOUNT_INVALID_FORMAT","La cuenta es cero o excede 50 caracteres.","Corregir la cuenta en el archivo fuente.","error"
"1674","0","0","account_number","0","0","ACCOUNT_INVALID_FORMAT","La cuenta es cero o excede 50 caracteres.","Corregir la cuenta en el archivo fuente.","error"
"1675","0","0","account_number","0","0","ACCOUNT_INVALID_FORMAT","La cuenta es cero o excede 50 caracteres.","Corregir la cuenta en el archivo fuente.","error"
"1676","0","0","account_number","0","0","ACCOUNT_INVALID_FORMAT","La cuenta es cero o excede 50 caracteres.","Corregir la cuenta en el archivo fuente.","error"
"1677","0","0","account_number","0","0","ACCOUNT_INVALID_FORMAT","La cuenta es cero o excede 50 caracteres.","Corregir la cuenta en el archivo fuente.","error"
"1678","0","0","account_number","0","0","ACCOUNT_INVALID_FORMAT","La cuenta es cero o excede 50 caracteres.","Corregir la cuenta en el archivo fuente.","error"
"1679","0","0","account_number","0","0","ACCOUNT_INVALID_FORMAT","La cuenta es cero o excede 50 caracteres.","Corregir la cuenta en el archivo fuente.","error"
"1680","0","0","account_number","0","0","ACCOUNT_INVALID_FORMAT","La cuenta es cero o excede 50 caracteres.","Corregir la cuenta en el archivo fuente.","error"
"1681","0","0","account_number","0","0","ACCOUNT_INVALID_FORMAT","La cuenta es cero o excede 50 caracteres.","Corregir la cuenta en el archivo fuente.","error"
"1682","0","0","account_number","0","0","ACCOUNT_INVALID_FORMAT","La cuenta es cero o excede 50 caracteres.","Corregir la cuenta en el archivo fuente.","error"
"1683","0","0","account_number","0","0","ACCOUNT_INVALID_FORMAT","La cuenta es cero o excede 50 caracteres.","Corregir la cuenta en el archivo fuente.","error"
"1684","0","0","account_number","0","0","ACCOUNT_INVALID_FORMAT","La cuenta es cero o excede 50 caracteres.","Corregir la cuenta en el archivo fuente.","error"
"1685","0","0","account_number","0","0","ACCOUNT_INVALID_FORMAT","La cuenta es cero o excede 50 caracteres.","Corregir la cuenta en el archivo fuente.","error"
"1686","0","0","account_number","0","0","ACCOUNT_INVALID_FORMAT","La cuenta es cero o excede 50 caracteres.","Corregir la cuenta en el archivo fuente.","error"
"1687","0","0","account_number","0","0","ACCOUNT_INVALID_FORMAT","La cuenta es cero o excede 50 caracteres.","Corregir la cuenta en el archivo fuente.","error"
"1688","0","0","account_number","0","0","ACCOUNT_INVALID_FORMAT","La cuenta es cero o excede 50 caracteres.","Corregir la cuenta en el archivo fuente.","error"
"1689","0","0","account_number","0","0","ACCOUNT_INVALID_FORMAT","La cuenta es cero o excede 50 caracteres.","Corregir la cuenta en el archivo fuente.","error"
"1690","0","0","account_number","0","0","ACCOUNT_INVALID_FORMAT","La cuenta es cero o excede 50 caracteres.","Corregir la cuenta en el archivo fuente.","error"
"1691","0","0","account_number","0","0","ACCOUNT_INVALID_FORMAT","La cuenta es cero o excede 50 caracteres.","Corregir la cuenta en el archivo fuente.","error"
"1692","0","0","account_number","0","0","ACCOUNT_INVALID_FORMAT","La cuenta es cero o excede 50 caracteres.","Corregir la cuenta en el archivo fuente.","error"
"1693","0","0","account_number","0","0","ACCOUNT_INVALID_FORMAT","La cuenta es cero o excede 50 caracteres.","Corregir la cuenta en el archivo fuente.","error"
"1694","0","0","account_number","0","0","ACCOUNT_INVALID_FORMAT","La cuenta es cero o excede 50 caracteres.","Corregir la cuenta en el archivo fuente.","error"
"1695","0","0","account_number","0","0","ACCOUNT_INVALID_FORMAT","La cuenta es cero o excede 50 caracteres.","Corregir la cuenta en el archivo fuente.","error"
"1696","0","0","account_number","0","0","ACCOUNT_INVALID_FORMAT","La cuenta es cero o excede 50 caracteres.","Corregir la cuenta en el archivo fuente.","error"
"1697","0","0","account_number","0","0","ACCOUNT_INVALID_FORMAT","La cuenta es cero o excede 50 caracteres.","Corregir la cuenta en el archivo fuente.","error"
"1698","0","0","account_number","0","0","ACCOUNT_INVALID_FORMAT","La cuenta es cero o excede 50 caracteres.","Corregir la cuenta en el archivo fuente.","error"
"1699","0","0","account_number","0","0","ACCOUNT_INVALID_FORMAT","La cuenta es cero o excede 50 caracteres.","Corregir la cuenta en el archivo fuente.","error"
"1700","0","0","account_number","0","0","ACCOUNT_INVALID_FORMAT","La cuenta es cero o excede 50 caracteres.","Corregir la cuenta en el archivo fuente.","error"
"1701","0","0","account_number","0","0","ACCOUNT_INVALID_FORMAT","La cuenta es cero o excede 50 caracteres.","Corregir la cuenta en el archivo fuente.","error"
"1702","0","0","account_number","0","0","ACCOUNT_INVALID_FORMAT","La cuenta es cero o excede 50 caracteres.","Corregir la cuenta en el archivo fuente.","error"
"1703","0","0","account_number","0","0","ACCOUNT_INVALID_FORMAT","La cuenta es cero o excede 50 caracteres.","Corregir la cuenta en el archivo fuente.","error"
"1704","0","0","account_number","0","0","ACCOUNT_INVALID_FORMAT","La cuenta es cero o excede 50 caracteres.","Corregir la cuenta en el archivo fuente.","error"
"1705","0","0","account_number","0","0","ACCOUNT_INVALID_FORMAT","La cuenta es cero o excede 50 caracteres.","Corregir la cuenta en el archivo fuente.","error"
"1706","0","0","account_number","0","0","ACCOUNT_INVALID_FORMAT","La cuenta es cero o excede 50 caracteres.","Corregir la cuenta en el archivo fuente.","error"
"1707","0","0","account_number","0","0","ACCOUNT_INVALID_FORMAT","La cuenta es cero o excede 50 caracteres.","Corregir la cuenta en el archivo fuente.","error"
"1708","0","0","account_number","0","0","ACCOUNT_INVALID_FORMAT","La cuenta es cero o excede 50 caracteres.","Corregir la cuenta en el archivo fuente.","error"
"1709","0","0","account_number","0","0","ACCOUNT_INVALID_FORMAT","La cuenta es cero o excede 50 caracteres.","Corregir la cuenta en el archivo fuente.","error"
"1710","0","0","account_number","0","0","ACCOUNT_INVALID_FORMAT","La cuenta es cero o excede 50 caracteres.","Corregir la cuenta en el archivo fuente.","error"
"1711","0","0","account_number","0","0","ACCOUNT_INVALID_FORMAT","La cuenta es cero o excede 50 caracteres.","Corregir la cuenta en el archivo fuente.","error"
"1712","0","0","account_number","0","0","ACCOUNT_INVALID_FORMAT","La cuenta es cero o excede 50 caracteres.","Corregir la cuenta en el archivo fuente.","error"
"1713","0","0","account_number","0","0","ACCOUNT_INVALID_FORMAT","La cuenta es cero o excede 50 caracteres.","Corregir la cuenta en el archivo fuente.","error"
"1714","0","0","account_number","0","0","ACCOUNT_INVALID_FORMAT","La cuenta es cero o excede 50 caracteres.","Corregir la cuenta en el archivo fuente.","error"
"1715","0","0","account_number","0","0","ACCOUNT_INVALID_FORMAT","La cuenta es cero o excede 50 caracteres.","Corregir la cuenta en el archivo fuente.","error"
"1716","0","0","account_number","0","0","ACCOUNT_INVALID_FORMAT","La cuenta es cero o excede 50 caracteres.","Corregir la cuenta en el archivo fuente.","error"
"1717","0","0","account_number","0","0","ACCOUNT_INVALID_FORMAT","La cuenta es cero o excede 50 caracteres.","Corregir la cuenta en el archivo fuente.","error"
"1718","0","0","account_number","0","0","ACCOUNT_INVALID_FORMAT","La cuenta es cero o excede 50 caracteres.","Corregir la cuenta en el archivo fuente.","error"
"1719","0","0","account_number","0","0","ACCOUNT_INVALID_FORMAT","La cuenta es cero o excede 50 caracteres.","Corregir la cuenta en el archivo fuente.","error"
"1720","0","0","account_number","0","0","ACCOUNT_INVALID_FORMAT","La cuenta es cero o excede 50 caracteres.","Corregir la cuenta en el archivo fuente.","error"
"1721","0","0","account_number","0","0","ACCOUNT_INVALID_FORMAT","La cuenta es cero o excede 50 caracteres.","Corregir la cuenta en el archivo fuente.","error"
"1722","0","0","account_number","0","0","ACCOUNT_INVALID_FORMAT","La cuenta es cero o excede 50 caracteres.","Corregir la cuenta en el archivo fuente.","error"
"1723","0","0","account_number","0","0","ACCOUNT_INVALID_FORMAT","La cuenta es cero o excede 50 caracteres.","Corregir la cuenta en el archivo fuente.","error"
"1724","0","0","account_number","0","0","ACCOUNT_INVALID_FORMAT","La cuenta es cero o excede 50 caracteres.","Corregir la cuenta en el archivo fuente.","error"
"1725","0","0","account_number","0","0","ACCOUNT_INVALID_FORMAT","La cuenta es cero o excede 50 caracteres.","Corregir la cuenta en el archivo fuente.","error"
"1726","0","0","account_number","0","0","ACCOUNT_INVALID_FORMAT","La cuenta es cero o excede 50 caracteres.","Corregir la cuenta en el archivo fuente.","error"
"1727","0","0","account_number","0","0","ACCOUNT_INVALID_FORMAT","La cuenta es cero o excede 50 caracteres.","Corregir la cuenta en el archivo fuente.","error"
"1728","0","0","account_number","0","0","ACCOUNT_INVALID_FORMAT","La cuenta es cero o excede 50 caracteres.","Corregir la cuenta en el archivo fuente.","error"
"1729","0","0","account_number","0","0","ACCOUNT_INVALID_FORMAT","La cuenta es cero o excede 50 caracteres.","Corregir la cuenta en el archivo fuente.","error"
"1730","0","0","account_number","0","0","ACCOUNT_INVALID_FORMAT","La cuenta es cero o excede 50 caracteres.","Corregir la cuenta en el archivo fuente.","error"
"1731","0","0","account_number","0","0","ACCOUNT_INVALID_FORMAT","La cuenta es cero o excede 50 caracteres.","Corregir la cuenta en el archivo fuente.","error"
"1732","0","0","account_number","0","0","ACCOUNT_INVALID_FORMAT","La cuenta es cero o excede 50 caracteres.","Corregir la cuenta en el archivo fuente.","error"
"1733","0","0","account_number","0","0","ACCOUNT_INVALID_FORMAT","La cuenta es cero o excede 50 caracteres.","Corregir la cuenta en el archivo fuente.","error"
"1734","0","0","account_number","0","0","ACCOUNT_INVALID_FORMAT","La cuenta es cero o excede 50 caracteres.","Corregir la cuenta en el archivo fuente.","error"
"1735","0","0","account_number","0","0","ACCOUNT_INVALID_FORMAT","La cuenta es cero o excede 50 caracteres.","Corregir la cuenta en el archivo fuente.","error"
"1736","0","0","account_number","0","0","ACCOUNT_INVALID_FORMAT","La cuenta es cero o excede 50 caracteres.","Corregir la cuenta en el archivo fuente.","error"
"1737","0","0","account_number","0","0","ACCOUNT_INVALID_FORMAT","La cuenta es cero o excede 50 caracteres.","Corregir la cuenta en el archivo fuente.","error"
"1738","0","0","account_number","0","0","ACCOUNT_INVALID_FORMAT","La cuenta es cero o excede 50 caracteres.","Corregir la cuenta en el archivo fuente.","error"
"1739","0","0","account_number","0","0","ACCOUNT_INVALID_FORMAT","La cuenta es cero o excede 50 caracteres.","Corregir la cuenta en el archivo fuente.","error"
"1740","0","0","account_number","0","0","ACCOUNT_INVALID_FORMAT","La cuenta es cero o excede 50 caracteres.","Corregir la cuenta en el archivo fuente.","error"
"1741","0","0","account_number","0","0","ACCOUNT_INVALID_FORMAT","La cuenta es cero o excede 50 caracteres.","Corregir la cuenta en el archivo fuente.","error"
"1742","0","0","account_number","0","0","ACCOUNT_INVALID_FORMAT","La cuenta es cero o excede 50 caracteres.","Corregir la cuenta en el archivo fuente.","error"
"1743","0","0","account_number","0","0","ACCOUNT_INVALID_FORMAT","La cuenta es cero o excede 50 caracteres.","Corregir la cuenta en el archivo fuente.","error"
"1744","0","0","account_number","0","0","ACCOUNT_INVALID_FORMAT","La cuenta es cero o excede 50 caracteres.","Corregir la cuenta en el archivo fuente.","error"
"1745","0","0","account_number","0","0","ACCOUNT_INVALID_FORMAT","La cuenta es cero o excede 50 caracteres.","Corregir la cuenta en el archivo fuente.","error"
"1746","0","0","account_number","0","0","ACCOUNT_INVALID_FORMAT","La cuenta es cero o excede 50 caracteres.","Corregir la cuenta en el archivo fuente.","error"
"1747","0","0","account_number","0","0","ACCOUNT_INVALID_FORMAT","La cuenta es cero o excede 50 caracteres.","Corregir la cuenta en el archivo fuente.","error"
"1748","0","0","account_number","0","0","ACCOUNT_INVALID_FORMAT","La cuenta es cero o excede 50 caracteres.","Corregir la cuenta en el archivo fuente.","error"
"1749","0","0","account_number","0","0","ACCOUNT_INVALID_FORMAT","La cuenta es cero o excede 50 caracteres.","Corregir la cuenta en el archivo fuente.","error"
"1750","0","0","account_number","0","0","ACCOUNT_INVALID_FORMAT","La cuenta es cero o excede 50 caracteres.","Corregir la cuenta en el archivo fuente.","error"
"1751","0","0","account_number","0","0","ACCOUNT_INVALID_FORMAT","La cuenta es cero o excede 50 caracteres.","Corregir la cuenta en el archivo fuente.","error"
"1752","0","0","account_number","0","0","ACCOUNT_INVALID_FORMAT","La cuenta es cero o excede 50 caracteres.","Corregir la cuenta en el archivo fuente.","error"
"1753","0","0","account_number","0","0","ACCOUNT_INVALID_FORMAT","La cuenta es cero o excede 50 caracteres.","Corregir la cuenta en el archivo fuente.","error"
"1754","0","0","account_number","0","0","ACCOUNT_INVALID_FORMAT","La cuenta es cero o excede 50 caracteres.","Corregir la cuenta en el archivo fuente.","error"
"1755","0","0","account_number","0","0","ACCOUNT_INVALID_FORMAT","La cuenta es cero o excede 50 caracteres.","Corregir la cuenta en el archivo fuente.","error"
"1756","0","0","account_number","0","0","ACCOUNT_INVALID_FORMAT","La cuenta es cero o excede 50 caracteres.","Corregir la cuenta en el archivo fuente.","error"
"1757","0","0","account_number","0","0","ACCOUNT_INVALID_FORMAT","La cuenta es cero o excede 50 caracteres.","Corregir la cuenta en el archivo fuente.","error"
"1758","0","0","account_number","0","0","ACCOUNT_INVALID_FORMAT","La cuenta es cero o excede 50 caracteres.","Corregir la cuenta en el archivo fuente.","error"
"1759","0","0","account_number","0","0","ACCOUNT_INVALID_FORMAT","La cuenta es cero o excede 50 caracteres.","Corregir la cuenta en el archivo fuente.","error"
"1760","0","0","account_number","0","0","ACCOUNT_INVALID_FORMAT","La cuenta es cero o excede 50 caracteres.","Corregir la cuenta en el archivo fuente.","error"
"1761","0","0","account_number","0","0","ACCOUNT_INVALID_FORMAT","La cuenta es cero o excede 50 caracteres.","Corregir la cuenta en el archivo fuente.","error"
"1762","0","0","account_number","0","0","ACCOUNT_INVALID_FORMAT","La cuenta es cero o excede 50 caracteres.","Corregir la cuenta en el archivo fuente.","error"
"1763","0","0","account_number","0","0","ACCOUNT_INVALID_FORMAT","La cuenta es cero o excede 50 caracteres.","Corregir la cuenta en el archivo fuente.","error"
"1764","0","0","account_number","0","0","ACCOUNT_INVALID_FORMAT","La cuenta es cero o excede 50 caracteres.","Corregir la cuenta en el archivo fuente.","error"
"1765","0","0","account_number","0","0","ACCOUNT_INVALID_FORMAT","La cuenta es cero o excede 50 caracteres.","Corregir la cuenta en el archivo fuente.","error"
"1766","0","0","account_number","0","0","ACCOUNT_INVALID_FORMAT","La cuenta es cero o excede 50 caracteres.","Corregir la cuenta en el archivo fuente.","error"
"1767","0","0","account_number","0","0","ACCOUNT_INVALID_FORMAT","La cuenta es cero o excede 50 caracteres.","Corregir la cuenta en el archivo fuente.","error"
"1768","0","0","account_number","0","0","ACCOUNT_INVALID_FORMAT","La cuenta es cero o excede 50 caracteres.","Corregir la cuenta en el archivo fuente.","error"
"1769","0","0","account_number","0","0","ACCOUNT_INVALID_FORMAT","La cuenta es cero o excede 50 caracteres.","Corregir la cuenta en el archivo fuente.","error"
"1770","0","0","account_number","0","0","ACCOUNT_INVALID_FORMAT","La cuenta es cero o excede 50 caracteres.","Corregir la cuenta en el archivo fuente.","error"
"1771","0","0","account_number","0","0","ACCOUNT_INVALID_FORMAT","La cuenta es cero o excede 50 caracteres.","Corregir la cuenta en el archivo fuente.","error"
"1772","0","0","account_number","0","0","ACCOUNT_INVALID_FORMAT","La cuenta es cero o excede 50 caracteres.","Corregir la cuenta en el archivo fuente.","error"
"1773","0","0","account_number","0","0","ACCOUNT_INVALID_FORMAT","La cuenta es cero o excede 50 caracteres.","Corregir la cuenta en el archivo fuente.","error"
"1774","0","0","account_number","0","0","ACCOUNT_INVALID_FORMAT","La cuenta es cero o excede 50 caracteres.","Corregir la cuenta en el archivo fuente.","error"
"1775","0","0","account_number","0","0","ACCOUNT_INVALID_FORMAT","La cuenta es cero o excede 50 caracteres.","Corregir la cuenta en el archivo fuente.","error"
"1776","0","0","account_number","0","0","ACCOUNT_INVALID_FORMAT","La cuenta es cero o excede 50 caracteres.","Corregir la cuenta en el archivo fuente.","error"
"1777","0","0","account_number","0","0","ACCOUNT_INVALID_FORMAT","La cuenta es cero o excede 50 caracteres.","Corregir la cuenta en el archivo fuente.","error"
"1778","0","0","account_number","0","0","ACCOUNT_INVALID_FORMAT","La cuenta es cero o excede 50 caracteres.","Corregir la cuenta en el archivo fuente.","error"
"1779","0","0","account_number","0","0","ACCOUNT_INVALID_FORMAT","La cuenta es cero o excede 50 caracteres.","Corregir la cuenta en el archivo fuente.","error"
"1780","0","0","account_number","0","0","ACCOUNT_INVALID_FORMAT","La cuenta es cero o excede 50 caracteres.","Corregir la cuenta en el archivo fuente.","error"
"1781","0","0","account_number","0","0","ACCOUNT_INVALID_FORMAT","La cuenta es cero o excede 50 caracteres.","Corregir la cuenta en el archivo fuente.","error"
"1782","0","0","account_number","0","0","ACCOUNT_INVALID_FORMAT","La cuenta es cero o excede 50 caracteres.","Corregir la cuenta en el archivo fuente.","error"
"1783","0","0","account_number","0","0","ACCOUNT_INVALID_FORMAT","La cuenta es cero o excede 50 caracteres.","Corregir la cuenta en el archivo fuente.","error"
"1784","0","0","account_number","0","0","ACCOUNT_INVALID_FORMAT","La cuenta es cero o excede 50 caracteres.","Corregir la cuenta en el archivo fuente.","error"
"1785","0","0","account_number","0","0","ACCOUNT_INVALID_FORMAT","La cuenta es cero o excede 50 caracteres.","Corregir la cuenta en el archivo fuente.","error"
"1786","0","0","account_number","0","0","ACCOUNT_INVALID_FORMAT","La cuenta es cero o excede 50 caracteres.","Corregir la cuenta en el archivo fuente.","error"
"1787","0","0","account_number","0","0","ACCOUNT_INVALID_FORMAT","La cuenta es cero o excede 50 caracteres.","Corregir la cuenta en el archivo fuente.","error"
"1788","0","0","account_number","0","0","ACCOUNT_INVALID_FORMAT","La cuenta es cero o excede 50 caracteres.","Corregir la cuenta en el archivo fuente.","error"
"1789","0","0","account_number","0","0","ACCOUNT_INVALID_FORMAT","La cuenta es cero o excede 50 caracteres.","Corregir la cuenta en el archivo fuente.","error"
"1790","0","0","account_number","0","0","ACCOUNT_INVALID_FORMAT","La cuenta es cero o excede 50 caracteres.","Corregir la cuenta en el archivo fuente.","error"
"1791","0","0","account_number","0","0","ACCOUNT_INVALID_FORMAT","La cuenta es cero o excede 50 caracteres.","Corregir la cuenta en el archivo fuente.","error"
"1792","0","0","account_number","0","0","ACCOUNT_INVALID_FORMAT","La cuenta es cero o excede 50 caracteres.","Corregir la cuenta en el archivo fuente.","error"
"1793","0","0","account_number","0","0","ACCOUNT_INVALID_FORMAT","La cuenta es cero o excede 50 caracteres.","Corregir la cuenta en el archivo fuente.","error"
"1794","0","0","account_number","0","0","ACCOUNT_INVALID_FORMAT","La cuenta es cero o excede 50 caracteres.","Corregir la cuenta en el archivo fuente.","error"
"1795","0","0","account_number","0","0","ACCOUNT_INVALID_FORMAT","La cuenta es cero o excede 50 caracteres.","Corregir la cuenta en el archivo fuente.","error"
"1796","0","0","account_number","0","0","ACCOUNT_INVALID_FORMAT","La cuenta es cero o excede 50 caracteres.","Corregir la cuenta en el archivo fuente.","error"
"1797","0","0","account_number","0","0","ACCOUNT_INVALID_FORMAT","La cuenta es cero o excede 50 caracteres.","Corregir la cuenta en el archivo fuente.","error"
"1798","0","0","account_number","0","0","ACCOUNT_INVALID_FORMAT","La cuenta es cero o excede 50 caracteres.","Corregir la cuenta en el archivo fuente.","error"
"1799","0","0","account_number","0","0","ACCOUNT_INVALID_FORMAT","La cuenta es cero o excede 50 caracteres.","Corregir la cuenta en el archivo fuente.","error"
"1800","0","0","account_number","0","0","ACCOUNT_INVALID_FORMAT","La cuenta es cero o excede 50 caracteres.","Corregir la cuenta en el archivo fuente.","error"
"1801","0","0","account_number","0","0","ACCOUNT_INVALID_FORMAT","La cuenta es cero o excede 50 caracteres.","Corregir la cuenta en el archivo fuente.","error"
"1802","0","0","account_number","0","0","ACCOUNT_INVALID_FORMAT","La cuenta es cero o excede 50 caracteres.","Corregir la cuenta en el archivo fuente.","error"
"1803","0","0","account_number","0","0","ACCOUNT_INVALID_FORMAT","La cuenta es cero o excede 50 caracteres.","Corregir la cuenta en el archivo fuente.","error"
"1804","0","0","account_number","0","0","ACCOUNT_INVALID_FORMAT","La cuenta es cero o excede 50 caracteres.","Corregir la cuenta en el archivo fuente.","error"
"1805","0","0","account_number","0","0","ACCOUNT_INVALID_FORMAT","La cuenta es cero o excede 50 caracteres.","Corregir la cuenta en el archivo fuente.","error"
"1806","0","0","account_number","0","0","ACCOUNT_INVALID_FORMAT","La cuenta es cero o excede 50 caracteres.","Corregir la cuenta en el archivo fuente.","error"
"1807","0","0","account_number","0","0","ACCOUNT_INVALID_FORMAT","La cuenta es cero o excede 50 caracteres.","Corregir la cuenta en el archivo fuente.","error"
"1808","0","0","account_number","0","0","ACCOUNT_INVALID_FORMAT","La cuenta es cero o excede 50 caracteres.","Corregir la cuenta en el archivo fuente.","error"
"1809","0","0","account_number","0","0","ACCOUNT_INVALID_FORMAT","La cuenta es cero o excede 50 caracteres.","Corregir la cuenta en el archivo fuente.","error"
"1810","0","0","account_number","0","0","ACCOUNT_INVALID_FORMAT","La cuenta es cero o excede 50 caracteres.","Corregir la cuenta en el archivo fuente.","error"
"1811","0","0","account_number","0","0","ACCOUNT_INVALID_FORMAT","La cuenta es cero o excede 50 caracteres.","Corregir la cuenta en el archivo fuente.","error"
"1812","0","0","account_number","0","0","ACCOUNT_INVALID_FORMAT","La cuenta es cero o excede 50 caracteres.","Corregir la cuenta en el archivo fuente.","error"
"1813","0","0","account_number","0","0","ACCOUNT_INVALID_FORMAT","La cuenta es cero o excede 50 caracteres.","Corregir la cuenta en el archivo fuente.","error"
"1814","0","0","account_number","0","0","ACCOUNT_INVALID_FORMAT","La cuenta es cero o excede 50 caracteres.","Corregir la cuenta en el archivo fuente.","error"
"1815","0","0","account_number","0","0","ACCOUNT_INVALID_FORMAT","La cuenta es cero o excede 50 caracteres.","Corregir la cuenta en el archivo fuente.","error"
"1816","0","0","account_number","0","0","ACCOUNT_INVALID_FORMAT","La cuenta es cero o excede 50 caracteres.","Corregir la cuenta en el archivo fuente.","error"
"1817","0","0","account_number","0","0","ACCOUNT_INVALID_FORMAT","La cuenta es cero o excede 50 caracteres.","Corregir la cuenta en el archivo fuente.","error"
"1818","0","0","account_number","0","0","ACCOUNT_INVALID_FORMAT","La cuenta es cero o excede 50 caracteres.","Corregir la cuenta en el archivo fuente.","error"
"1819","0","0","account_number","0","0","ACCOUNT_INVALID_FORMAT","La cuenta es cero o excede 50 caracteres.","Corregir la cuenta en el archivo fuente.","error"
"1820","0","0","account_number","0","0","ACCOUNT_INVALID_FORMAT","La cuenta es cero o excede 50 caracteres.","Corregir la cuenta en el archivo fuente.","error"
"1821","0","0","account_number","0","0","ACCOUNT_INVALID_FORMAT","La cuenta es cero o excede 50 caracteres.","Corregir la cuenta en el archivo fuente.","error"
"1822","0","0","account_number","0","0","ACCOUNT_INVALID_FORMAT","La cuenta es cero o excede 50 caracteres.","Corregir la cuenta en el archivo fuente.","error"
"1823","0","0","account_number","0","0","ACCOUNT_INVALID_FORMAT","La cuenta es cero o excede 50 caracteres.","Corregir la cuenta en el archivo fuente.","error"
"1824","0","0","account_number","0","0","ACCOUNT_INVALID_FORMAT","La cuenta es cero o excede 50 caracteres.","Corregir la cuenta en el archivo fuente.","error"
"1825","0","0","account_number","0","0","ACCOUNT_INVALID_FORMAT","La cuenta es cero o excede 50 caracteres.","Corregir la cuenta en el archivo fuente.","error"
"1826","0","0","account_number","0","0","ACCOUNT_INVALID_FORMAT","La cuenta es cero o excede 50 caracteres.","Corregir la cuenta en el archivo fuente.","error"
"1827","0","0","account_number","0","0","ACCOUNT_INVALID_FORMAT","La cuenta es cero o excede 50 caracteres.","Corregir la cuenta en el archivo fuente.","error"
"1828","0","0","account_number","0","0","ACCOUNT_INVALID_FORMAT","La cuenta es cero o excede 50 caracteres.","Corregir la cuenta en el archivo fuente.","error"
"1829","0","0","account_number","0","0","ACCOUNT_INVALID_FORMAT","La cuenta es cero o excede 50 caracteres.","Corregir la cuenta en el archivo fuente.","error"
"1830","0","0","account_number","0","0","ACCOUNT_INVALID_FORMAT","La cuenta es cero o excede 50 caracteres.","Corregir la cuenta en el archivo fuente.","error"
"1831","0","0","account_number","0","0","ACCOUNT_INVALID_FORMAT","La cuenta es cero o excede 50 caracteres.","Corregir la cuenta en el archivo fuente.","error"
"1832","0","0","account_number","0","0","ACCOUNT_INVALID_FORMAT","La cuenta es cero o excede 50 caracteres.","Corregir la cuenta en el archivo fuente.","error"
"1833","0","0","account_number","0","0","ACCOUNT_INVALID_FORMAT","La cuenta es cero o excede 50 caracteres.","Corregir la cuenta en el archivo fuente.","error"
"1834","0","0","account_number","0","0","ACCOUNT_INVALID_FORMAT","La cuenta es cero o excede 50 caracteres.","Corregir la cuenta en el archivo fuente.","error"
"1835","0","0","account_number","0","0","ACCOUNT_INVALID_FORMAT","La cuenta es cero o excede 50 caracteres.","Corregir la cuenta en el archivo fuente.","error"
"1836","0","0","account_number","0","0","ACCOUNT_INVALID_FORMAT","La cuenta es cero o excede 50 caracteres.","Corregir la cuenta en el archivo fuente.","error"
"1837","0","0","account_number","0","0","ACCOUNT_INVALID_FORMAT","La cuenta es cero o excede 50 caracteres.","Corregir la cuenta en el archivo fuente.","error"
"1838","0","0","account_number","0","0","ACCOUNT_INVALID_FORMAT","La cuenta es cero o excede 50 caracteres.","Corregir la cuenta en el archivo fuente.","error"
"1839","0","0","account_number","0","0","ACCOUNT_INVALID_FORMAT","La cuenta es cero o excede 50 caracteres.","Corregir la cuenta en el archivo fuente.","error"
"1840","0","0","account_number","0","0","ACCOUNT_INVALID_FORMAT","La cuenta es cero o excede 50 caracteres.","Corregir la cuenta en el archivo fuente.","error"
"1841","0","0","account_number","0","0","ACCOUNT_INVALID_FORMAT","La cuenta es cero o excede 50 caracteres.","Corregir la cuenta en el archivo fuente.","error"
"1842","0","0","account_number","0","0","ACCOUNT_INVALID_FORMAT","La cuenta es cero o excede 50 caracteres.","Corregir la cuenta en el archivo fuente.","error"
"1843","0","0","account_number","0","0","ACCOUNT_INVALID_FORMAT","La cuenta es cero o excede 50 caracteres.","Corregir la cuenta en el archivo fuente.","error"
"1844","0","0","account_number","0","0","ACCOUNT_INVALID_FORMAT","La cuenta es cero o excede 50 caracteres.","Corregir la cuenta en el archivo fuente.","error"
"1845","0","0","account_number","0","0","ACCOUNT_INVALID_FORMAT","La cuenta es cero o excede 50 caracteres.","Corregir la cuenta en el archivo fuente.","error"
"1846","0","0","account_number","0","0","ACCOUNT_INVALID_FORMAT","La cuenta es cero o excede 50 caracteres.","Corregir la cuenta en el archivo fuente.","error"
"1847","0","0","account_number","0","0","ACCOUNT_INVALID_FORMAT","La cuenta es cero o excede 50 caracteres.","Corregir la cuenta en el archivo fuente.","error"
"1848","0","0","account_number","0","0","ACCOUNT_INVALID_FORMAT","La cuenta es cero o excede 50 caracteres.","Corregir la cuenta en el archivo fuente.","error"
"1849","0","0","account_number","0","0","ACCOUNT_INVALID_FORMAT","La cuenta es cero o excede 50 caracteres.","Corregir la cuenta en el archivo fuente.","error"
"1850","0","0","account_number","0","0","ACCOUNT_INVALID_FORMAT","La cuenta es cero o excede 50 caracteres.","Corregir la cuenta en el archivo fuente.","error"
"1851","0","0","account_number","0","0","ACCOUNT_INVALID_FORMAT","La cuenta es cero o excede 50 caracteres.","Corregir la cuenta en el archivo fuente.","error"
"1852","0","0","account_number","0","0","ACCOUNT_INVALID_FORMAT","La cuenta es cero o excede 50 caracteres.","Corregir la cuenta en el archivo fuente.","error"
"1853","0","0","account_number","0","0","ACCOUNT_INVALID_FORMAT","La cuenta es cero o excede 50 caracteres.","Corregir la cuenta en el archivo fuente.","error"
"1854","0","0","account_number","0","0","ACCOUNT_INVALID_FORMAT","La cuenta es cero o excede 50 caracteres.","Corregir la cuenta en el archivo fuente.","error"
"1855","0","0","account_number","0","0","ACCOUNT_INVALID_FORMAT","La cuenta es cero o excede 50 caracteres.","Corregir la cuenta en el archivo fuente.","error"
"1856","0","0","account_number","0","0","ACCOUNT_INVALID_FORMAT","La cuenta es cero o excede 50 caracteres.","Corregir la cuenta en el archivo fuente.","error"
"1857","0","0","account_number","0","0","ACCOUNT_INVALID_FORMAT","La cuenta es cero o excede 50 caracteres.","Corregir la cuenta en el archivo fuente.","error"
"1858","0","0","account_number","0","0","ACCOUNT_INVALID_FORMAT","La cuenta es cero o excede 50 caracteres.","Corregir la cuenta en el archivo fuente.","error"
"1859","0","0","account_number","0","0","ACCOUNT_INVALID_FORMAT","La cuenta es cero o excede 50 caracteres.","Corregir la cuenta en el archivo fuente.","error"
"1860","0","0","account_number","0","0","ACCOUNT_INVALID_FORMAT","La cuenta es cero o excede 50 caracteres.","Corregir la cuenta en el archivo fuente.","error"
"1861","0","0","account_number","0","0","ACCOUNT_INVALID_FORMAT","La cuenta es cero o excede 50 caracteres.","Corregir la cuenta en el archivo fuente.","error"
"1862","0","0","account_number","0","0","ACCOUNT_INVALID_FORMAT","La cuenta es cero o excede 50 caracteres.","Corregir la cuenta en el archivo fuente.","error"
"1863","0","0","account_number","0","0","ACCOUNT_INVALID_FORMAT","La cuenta es cero o excede 50 caracteres.","Corregir la cuenta en el archivo fuente.","error"
"1864","0","0","account_number","0","0","ACCOUNT_INVALID_FORMAT","La cuenta es cero o excede 50 caracteres.","Corregir la cuenta en el archivo fuente.","error"
"1865","0","0","account_number","0","0","ACCOUNT_INVALID_FORMAT","La cuenta es cero o excede 50 caracteres.","Corregir la cuenta en el archivo fuente.","error"
"1866","0","0","account_number","0","0","ACCOUNT_INVALID_FORMAT","La cuenta es cero o excede 50 caracteres.","Corregir la cuenta en el archivo fuente.","error"
"1867","0","0","account_number","0","0","ACCOUNT_INVALID_FORMAT","La cuenta es cero o excede 50 caracteres.","Corregir la cuenta en el archivo fuente.","error"
"1868","0","0","account_number","0","0","ACCOUNT_INVALID_FORMAT","La cuenta es cero o excede 50 caracteres.","Corregir la cuenta en el archivo fuente.","error"
"1869","0","0","account_number","0","0","ACCOUNT_INVALID_FORMAT","La cuenta es cero o excede 50 caracteres.","Corregir la cuenta en el archivo fuente.","error"
"1870","137","137","installation_year","0","","YEAR_INVALID_FORMAT","El año no es un entero dentro del rango 1900–año siguiente.","Importar NULL y revisar el valor original conservado en metadata.","warning"
"1871","142","142","installation_year","0","","YEAR_INVALID_FORMAT","El año no es un entero dentro del rango 1900–año siguiente.","Importar NULL y revisar el valor original conservado en metadata.","warning"
"1872","180","180","installation_year","0","","YEAR_INVALID_FORMAT","El año no es un entero dentro del rango 1900–año siguiente.","Importar NULL y revisar el valor original conservado en metadata.","warning"
"1873","78","78","installation_year","0","","YEAR_INVALID_FORMAT","El año no es un entero dentro del rango 1900–año siguiente.","Importar NULL y revisar el valor original conservado en metadata.","warning"
"1874","273","273","installation_year","0","","YEAR_INVALID_FORMAT","El año no es un entero dentro del rango 1900–año siguiente.","Importar NULL y revisar el valor original conservado en metadata.","warning"
"1878","359","359","installation_year","0","","YEAR_INVALID_FORMAT","El año no es un entero dentro del rango 1900–año siguiente.","Importar NULL y revisar el valor original conservado en metadata.","warning"
"1879","365","365","installation_year","0","","YEAR_INVALID_FORMAT","El año no es un entero dentro del rango 1900–año siguiente.","Importar NULL y revisar el valor original conservado en metadata.","warning"
"1880","3671","3671","installation_year","0","","YEAR_INVALID_FORMAT","El año no es un entero dentro del rango 1900–año siguiente.","Importar NULL y revisar el valor original conservado en metadata.","warning"
"1881","374","374","installation_year","0","","YEAR_INVALID_FORMAT","El año no es un entero dentro del rango 1900–año siguiente.","Importar NULL y revisar el valor original conservado en metadata.","warning"
"1882","526","526","installation_year","0","","YEAR_INVALID_FORMAT","El año no es un entero dentro del rango 1900–año siguiente.","Importar NULL y revisar el valor original conservado en metadata.","warning"
"1885","93","93","installation_year","0","","YEAR_INVALID_FORMAT","El año no es un entero dentro del rango 1900–año siguiente.","Importar NULL y revisar el valor original conservado en metadata.","warning"
"1886","2515","2515","installation_year","0","","YEAR_INVALID_FORMAT","El año no es un entero dentro del rango 1900–año siguiente.","Importar NULL y revisar el valor original conservado en metadata.","warning"
"1903","990","990","installation_year","0","","YEAR_INVALID_FORMAT","El año no es un entero dentro del rango 1900–año siguiente.","Importar NULL y revisar el valor original conservado en metadata.","warning"
"1904","340","340","installation_year","0","","YEAR_INVALID_FORMAT","El año no es un entero dentro del rango 1900–año siguiente.","Importar NULL y revisar el valor original conservado en metadata.","warning"
"1905","339","339","installation_year","0","","YEAR_INVALID_FORMAT","El año no es un entero dentro del rango 1900–año siguiente.","Importar NULL y revisar el valor original conservado en metadata.","warning"
"1913","762","762","installation_year","0","","YEAR_INVALID_FORMAT","El año no es un entero dentro del rango 1900–año siguiente.","Importar NULL y revisar el valor original conservado en metadata.","warning"
"1914","254","254","installation_year","0","","YEAR_INVALID_FORMAT","El año no es un entero dentro del rango 1900–año siguiente.","Importar NULL y revisar el valor original conservado en metadata.","warning"
"1915","235","235","installation_year","0","","YEAR_INVALID_FORMAT","El año no es un entero dentro del rango 1900–año siguiente.","Importar NULL y revisar el valor original conservado en metadata.","warning"
"1916","814","814","installation_year","0","","YEAR_INVALID_FORMAT","El año no es un entero dentro del rango 1900–año siguiente.","Importar NULL y revisar el valor original conservado en metadata.","warning"
"1925","364","364","installation_year","0","","YEAR_INVALID_FORMAT","El año no es un entero dentro del rango 1900–año siguiente.","Importar NULL y revisar el valor original conservado en metadata.","warning"
"1926","368","368","installation_year","0","","YEAR_INVALID_FORMAT","El año no es un entero dentro del rango 1900–año siguiente.","Importar NULL y revisar el valor original conservado en metadata.","warning"
"1927","291","291","installation_year","0","","YEAR_INVALID_FORMAT","El año no es un entero dentro del rango 1900–año siguiente.","Importar NULL y revisar el valor original conservado en metadata.","warning"
"1928","21","21","installation_year","0","","YEAR_INVALID_FORMAT","El año no es un entero dentro del rango 1900–año siguiente.","Importar NULL y revisar el valor original conservado en metadata.","warning"
"1940","640","640","installation_year","0","","YEAR_INVALID_FORMAT","El año no es un entero dentro del rango 1900–año siguiente.","Importar NULL y revisar el valor original conservado en metadata.","warning"
"1941","638","638","installation_year","0","","YEAR_INVALID_FORMAT","El año no es un entero dentro del rango 1900–año siguiente.","Importar NULL y revisar el valor original conservado en metadata.","warning"
"1942","637","637","installation_year","0","","YEAR_INVALID_FORMAT","El año no es un entero dentro del rango 1900–año siguiente.","Importar NULL y revisar el valor original conservado en metadata.","warning"
"1943","1042","1042","installation_year","0","","YEAR_INVALID_FORMAT","El año no es un entero dentro del rango 1900–año siguiente.","Importar NULL y revisar el valor original conservado en metadata.","warning"
"1944","1039","1039","installation_year","0","","YEAR_INVALID_FORMAT","El año no es un entero dentro del rango 1900–año siguiente.","Importar NULL y revisar el valor original conservado en metadata.","warning"
"1945","639","639","installation_year","0","","YEAR_INVALID_FORMAT","El año no es un entero dentro del rango 1900–año siguiente.","Importar NULL y revisar el valor original conservado en metadata.","warning"
"1946","1038","1038","installation_year","0","","YEAR_INVALID_FORMAT","El año no es un entero dentro del rango 1900–año siguiente.","Importar NULL y revisar el valor original conservado en metadata.","warning"
"1947","87","87","installation_year","0","","YEAR_INVALID_FORMAT","El año no es un entero dentro del rango 1900–año siguiente.","Importar NULL y revisar el valor original conservado en metadata.","warning"
"1948","104","104","installation_year","0","","YEAR_INVALID_FORMAT","El año no es un entero dentro del rango 1900–año siguiente.","Importar NULL y revisar el valor original conservado en metadata.","warning"
"1950","1661","1661","installation_angle_deg","800","","ANGLE_OUT_OF_RANGE","El ángulo no está entre 0 y 360.","Importar NULL y revisar el valor original conservado en metadata.","warning"
"1957","1661","1661","installation_angle_deg","800","","ANGLE_OUT_OF_RANGE","El ángulo no está entre 0 y 360.","Importar NULL y revisar el valor original conservado en metadata.","warning"
"3","1867","1867","account_number","1867","1867","ACCOUNT_DUPLICATE","Cuenta duplicada con conflictos: sourceX, sourceY, elevationM.","Resolver el grupo manualmente antes de importar.","error"
"21","1867","1867","account_number","1867","1867","ACCOUNT_DUPLICATE","Cuenta duplicada con conflictos: sourceX, sourceY, elevationM.","Resolver el grupo manualmente antes de importar.","error"
"4","1847","1847","account_number","1847","1847","ACCOUNT_DUPLICATE","Cuenta duplicada con conflictos: sourceX, sourceY, installationAngleDeg, elevationM.","Resolver el grupo manualmente antes de importar.","error"
"26","1847","1847","account_number","1847","1847","ACCOUNT_DUPLICATE","Cuenta duplicada con conflictos: sourceX, sourceY, installationAngleDeg, elevationM.","Resolver el grupo manualmente antes de importar.","error"
"36","1727","1727","account_number","1727","1727","ACCOUNT_DUPLICATE","Cuenta duplicada con conflictos: sourceX, sourceY, installationAngleDeg, elevationM, outletCount.","Resolver el grupo manualmente antes de importar.","error"
"70","1727","1727","account_number","1727","1727","ACCOUNT_DUPLICATE","Cuenta duplicada con conflictos: sourceX, sourceY, installationAngleDeg, elevationM, outletCount.","Resolver el grupo manualmente antes de importar.","error"
"1894","1727","1727","account_number","1727","1727","ACCOUNT_DUPLICATE","Cuenta duplicada con conflictos: sourceX, sourceY, installationAngleDeg, elevationM, outletCount.","Resolver el grupo manualmente antes de importar.","error"
"38","1718","1718","account_number","1718","1718","ACCOUNT_DUPLICATE","Cuenta duplicada con conflictos: sourceX, sourceY, installationAngleDeg, elevationM.","Resolver el grupo manualmente antes de importar.","error"
"1955","1718","1718","account_number","1718","1718","ACCOUNT_DUPLICATE","Cuenta duplicada con conflictos: sourceX, sourceY, installationAngleDeg, elevationM.","Resolver el grupo manualmente antes de importar.","error"
"42","1756","1756","account_number","1756","1756","ACCOUNT_DUPLICATE","Cuenta duplicada con conflictos: sourceX, sourceY, installationAngleDeg, elevationM, outletCount.","Resolver el grupo manualmente antes de importar.","error"
"72","1756","1756","account_number","1756","1756","ACCOUNT_DUPLICATE","Cuenta duplicada con conflictos: sourceX, sourceY, installationAngleDeg, elevationM, outletCount.","Resolver el grupo manualmente antes de importar.","error"
"1898","1756","1756","account_number","1756","1756","ACCOUNT_DUPLICATE","Cuenta duplicada con conflictos: sourceX, sourceY, installationAngleDeg, elevationM, outletCount.","Resolver el grupo manualmente antes de importar.","error"
"43","1832","1832","account_number","1832","1832","ACCOUNT_DUPLICATE","Cuenta duplicada con conflictos: sourceX, sourceY, installationAngleDeg, elevationM, outletCount.","Resolver el grupo manualmente antes de importar.","error"
"1901","1832","1832","account_number","1832","1832","ACCOUNT_DUPLICATE","Cuenta duplicada con conflictos: sourceX, sourceY, installationAngleDeg, elevationM, outletCount.","Resolver el grupo manualmente antes de importar.","error"
"53","1710","1710","account_number","1710","1710","ACCOUNT_DUPLICATE","Cuenta duplicada con conflictos: sourceX, sourceY, installationAngleDeg, elevationM.","Resolver el grupo manualmente antes de importar.","error"
"91","1710","1710","account_number","1710","1710","ACCOUNT_DUPLICATE","Cuenta duplicada con conflictos: sourceX, sourceY, installationAngleDeg, elevationM.","Resolver el grupo manualmente antes de importar.","error"
"58","1651","1651","account_number","1651","1651","ACCOUNT_DUPLICATE","Cuenta duplicada con conflictos: sourceX, sourceY, installationAngleDeg, elevationM.","Resolver el grupo manualmente antes de importar.","error"
"153","1651","1651","account_number","1651","1651","ACCOUNT_DUPLICATE","Cuenta duplicada con conflictos: sourceX, sourceY, installationAngleDeg, elevationM.","Resolver el grupo manualmente antes de importar.","error"
"59","1728","1728","account_number","1728","1728","ACCOUNT_DUPLICATE","Cuenta duplicada con conflictos: sourceX, sourceY, elevationM, outletCount.","Resolver el grupo manualmente antes de importar.","error"
"1895","1728","1728","account_number","1728","1728","ACCOUNT_DUPLICATE","Cuenta duplicada con conflictos: sourceX, sourceY, elevationM, outletCount.","Resolver el grupo manualmente antes de importar.","error"
"60","1726","1726","account_number","1726","1726","ACCOUNT_DUPLICATE","Cuenta duplicada con conflictos: sourceX, sourceY, installationAngleDeg, elevationM.","Resolver el grupo manualmente antes de importar.","error"
"103","1726","1726","account_number","1726","1726","ACCOUNT_DUPLICATE","Cuenta duplicada con conflictos: sourceX, sourceY, installationAngleDeg, elevationM.","Resolver el grupo manualmente antes de importar.","error"
"61","1716","1716","account_number","1716","1716","ACCOUNT_DUPLICATE","Cuenta duplicada con conflictos: sourceX, sourceY, elevationM, outletCount.","Resolver el grupo manualmente antes de importar.","error"
"1893","1716","1716","account_number","1716","1716","ACCOUNT_DUPLICATE","Cuenta duplicada con conflictos: sourceX, sourceY, elevationM, outletCount.","Resolver el grupo manualmente antes de importar.","error"
"64","1655","1655","account_number","1655","1655","ACCOUNT_DUPLICATE","Cuenta duplicada con conflictos: sourceX, sourceY, installationAngleDeg, elevationM, outletCount.","Resolver el grupo manualmente antes de importar.","error"
"1888","1655","1655","account_number","1655","1655","ACCOUNT_DUPLICATE","Cuenta duplicada con conflictos: sourceX, sourceY, installationAngleDeg, elevationM, outletCount.","Resolver el grupo manualmente antes de importar.","error"
"69","1736","1736","account_number","1736","1736","ACCOUNT_DUPLICATE","Cuenta duplicada con conflictos: sourceX, sourceY, outletCount.","Resolver el grupo manualmente antes de importar.","error"
"1896","1736","1736","account_number","1736","1736","ACCOUNT_DUPLICATE","Cuenta duplicada con conflictos: sourceX, sourceY, outletCount.","Resolver el grupo manualmente antes de importar.","error"
"77","1754","1754","account_number","1754","1754","ACCOUNT_DUPLICATE","Cuenta duplicada con conflictos: sourceX, sourceY, installationAngleDeg, elevationM.","Resolver el grupo manualmente antes de importar.","error"
"1952","1754","1754","account_number","1754","1754","ACCOUNT_DUPLICATE","Cuenta duplicada con conflictos: sourceX, sourceY, installationAngleDeg, elevationM.","Resolver el grupo manualmente antes de importar.","error"
"78","1752","1752","account_number","1752","1752","ACCOUNT_DUPLICATE","Cuenta duplicada con conflictos: sourceX, sourceY, elevationM, outletCount.","Resolver el grupo manualmente antes de importar.","error"
"1897","1752","1752","account_number","1752","1752","ACCOUNT_DUPLICATE","Cuenta duplicada con conflictos: sourceX, sourceY, elevationM, outletCount.","Resolver el grupo manualmente antes de importar.","error"
"82","1794","1794","account_number","1794","1794","ACCOUNT_DUPLICATE","Cuenta duplicada con conflictos: sourceX, sourceY, installationAngleDeg, elevationM.","Resolver el grupo manualmente antes de importar.","error"
"97","1794","1794","account_number","1794","1794","ACCOUNT_DUPLICATE","Cuenta duplicada con conflictos: sourceX, sourceY, installationAngleDeg, elevationM.","Resolver el grupo manualmente antes de importar.","error"
"89","1673","1673","account_number","1673","1673","ACCOUNT_DUPLICATE","Cuenta duplicada con conflictos: sourceX, sourceY, installationAngleDeg, elevationM.","Resolver el grupo manualmente antes de importar.","error"
"147","1673","1673","account_number","1673","1673","ACCOUNT_DUPLICATE","Cuenta duplicada con conflictos: sourceX, sourceY, installationAngleDeg, elevationM.","Resolver el grupo manualmente antes de importar.","error"
"90","1787","1787","account_number","1787","1787","ACCOUNT_DUPLICATE","Cuenta duplicada con conflictos: sourceX, sourceY, installationAngleDeg, elevationM.","Resolver el grupo manualmente antes de importar.","error"
"1951","1787","1787","account_number","1787","1787","ACCOUNT_DUPLICATE","Cuenta duplicada con conflictos: sourceX, sourceY, installationAngleDeg, elevationM.","Resolver el grupo manualmente antes de importar.","error"
"94","1790","1790","account_number","1790","1790","ACCOUNT_DUPLICATE","Cuenta duplicada con conflictos: sourceX, sourceY, installationAngleDeg, elevationM.","Resolver el grupo manualmente antes de importar.","error"
"1949","1790","1790","account_number","1790","1790","ACCOUNT_DUPLICATE","Cuenta duplicada con conflictos: sourceX, sourceY, installationAngleDeg, elevationM.","Resolver el grupo manualmente antes de importar.","error"
"98","1791","1791","account_number","1791","1791","ACCOUNT_DUPLICATE","Cuenta duplicada con conflictos: sourceX, sourceY, elevationM, outletCount.","Resolver el grupo manualmente antes de importar.","error"
"1900","1791","1791","account_number","1791","1791","ACCOUNT_DUPLICATE","Cuenta duplicada con conflictos: sourceX, sourceY, elevationM, outletCount.","Resolver el grupo manualmente antes de importar.","error"
"1953","1791","1791","account_number","1791","1791","ACCOUNT_DUPLICATE","Cuenta duplicada con conflictos: sourceX, sourceY, elevationM, outletCount.","Resolver el grupo manualmente antes de importar.","error"
"108","1691","1691","account_number","1691","1691","ACCOUNT_DUPLICATE","Cuenta duplicada con conflictos: sourceX, sourceY, installationAngleDeg, elevationM, outletCount.","Resolver el grupo manualmente antes de importar.","error"
"1891","1691","1691","account_number","1691","1691","ACCOUNT_DUPLICATE","Cuenta duplicada con conflictos: sourceX, sourceY, installationAngleDeg, elevationM, outletCount.","Resolver el grupo manualmente antes de importar.","error"
"140","1693","1693","account_number","1693","1693","ACCOUNT_DUPLICATE","Cuenta duplicada con conflictos: sourceX, sourceY, installationAngleDeg, elevationM, outletCount.","Resolver el grupo manualmente antes de importar.","error"
"1892","1693","1693","account_number","1693","1693","ACCOUNT_DUPLICATE","Cuenta duplicada con conflictos: sourceX, sourceY, installationAngleDeg, elevationM, outletCount.","Resolver el grupo manualmente antes de importar.","error"
"145","1660","1660","account_number","1660","1660","ACCOUNT_DUPLICATE","Cuenta duplicada con conflictos: sourceX, sourceY, outletCount.","Resolver el grupo manualmente antes de importar.","error"
"1909","1660","1660","account_number","1660","1660","ACCOUNT_DUPLICATE","Cuenta duplicada con conflictos: sourceX, sourceY, outletCount.","Resolver el grupo manualmente antes de importar.","error"
"164","1890","1890","account_number","1890","1890","ACCOUNT_DUPLICATE","Cuenta duplicada con conflictos: sourceX, sourceY, elevationM, outletCount.","Resolver el grupo manualmente antes de importar.","error"
"1902","1890","1890","account_number","1890","1890","ACCOUNT_DUPLICATE","Cuenta duplicada con conflictos: sourceX, sourceY, elevationM, outletCount.","Resolver el grupo manualmente antes de importar.","error"
"175","1263","1263","account_number","1263","1263","ACCOUNT_DUPLICATE","Cuenta duplicada con conflictos: sourceX, sourceY, sectionCode, installationYear, elevationM, outletCount.","Resolver el grupo manualmente antes de importar.","error"
"601","1263","1263","account_number","1263","1263","ACCOUNT_DUPLICATE","Cuenta duplicada con conflictos: sourceX, sourceY, sectionCode, installationYear, elevationM, outletCount.","Resolver el grupo manualmente antes de importar.","error"
"178","2088","2088","account_number","2088","2088","ACCOUNT_DUPLICATE","Cuenta duplicada con conflictos: sourceX, sourceY, elevationM.","Resolver el grupo manualmente antes de importar.","error"
"224","2088","2088","account_number","2088","2088","ACCOUNT_DUPLICATE","Cuenta duplicada con conflictos: sourceX, sourceY, elevationM.","Resolver el grupo manualmente antes de importar.","error"
"235","1440","1440","account_number","1440","1440","ACCOUNT_DUPLICATE","Cuenta duplicada con conflictos: sourceX, sourceY, elevationM, outletCount.","Resolver el grupo manualmente antes de importar.","error"
"321","1440","1440","account_number","1440","1440","ACCOUNT_DUPLICATE","Cuenta duplicada con conflictos: sourceX, sourceY, elevationM, outletCount.","Resolver el grupo manualmente antes de importar.","error"
"268","844","844","account_number","844","844","ACCOUNT_DUPLICATE","Cuenta duplicada con conflictos: sourceX, sourceY, sectionCode, installationYear, elevationM, outletCount.","Resolver el grupo manualmente antes de importar.","error"
"1271","844","844","account_number","844","844","ACCOUNT_DUPLICATE","Cuenta duplicada con conflictos: sourceX, sourceY, sectionCode, installationYear, elevationM, outletCount.","Resolver el grupo manualmente antes de importar.","error"
"274","1393","1393","account_number","1393","1393","ACCOUNT_DUPLICATE","Cuenta duplicada con conflictos: sourceX, sourceY, elevationM, outletCount.","Resolver el grupo manualmente antes de importar.","error"
"324","1393","1393","account_number","1393","1393","ACCOUNT_DUPLICATE","Cuenta duplicada con conflictos: sourceX, sourceY, elevationM, outletCount.","Resolver el grupo manualmente antes de importar.","error"
"308","1428","1428","account_number","1428","1428","ACCOUNT_DUPLICATE","Cuenta duplicada con conflictos: sourceX, sourceY, elevationM.","Resolver el grupo manualmente antes de importar.","error"
"311","1428","1428","account_number","1428","1428","ACCOUNT_DUPLICATE","Cuenta duplicada con conflictos: sourceX, sourceY, elevationM.","Resolver el grupo manualmente antes de importar.","error"
"312","1427","1427","account_number","1427","1427","ACCOUNT_DUPLICATE","Cuenta duplicada con conflictos: sourceX, sourceY, elevationM, outletCount.","Resolver el grupo manualmente antes de importar.","error"
"327","1427","1427","account_number","1427","1427","ACCOUNT_DUPLICATE","Cuenta duplicada con conflictos: sourceX, sourceY, elevationM, outletCount.","Resolver el grupo manualmente antes de importar.","error"
"318","1450","1450","account_number","1450","1450","ACCOUNT_DUPLICATE","Cuenta duplicada con conflictos: sourceX, sourceY, elevationM, outletCount.","Resolver el grupo manualmente antes de importar.","error"
"328","1450","1450","account_number","1450","1450","ACCOUNT_DUPLICATE","Cuenta duplicada con conflictos: sourceX, sourceY, elevationM, outletCount.","Resolver el grupo manualmente antes de importar.","error"
"1517","1220","1220","account_number","1220","1220","ACCOUNT_DUPLICATE","Duplicado exacto; se importará una sola fila.","No se requiere crear un segundo hidrante.","warning"
"455","1170","1170","account_number","1170","1170","ACCOUNT_DUPLICATE","Cuenta duplicada con conflictos: sourceX, sourceY, elevationM.","Resolver el grupo manualmente antes de importar.","error"
"476","1170","1170","account_number","1170","1170","ACCOUNT_DUPLICATE","Cuenta duplicada con conflictos: sourceX, sourceY, elevationM.","Resolver el grupo manualmente antes de importar.","error"
"459","1188","1188","account_number","1188","1188","ACCOUNT_DUPLICATE","Cuenta duplicada con conflictos: sourceX, sourceY, elevationM, outletCount.","Resolver el grupo manualmente antes de importar.","error"
"464","1188","1188","account_number","1188","1188","ACCOUNT_DUPLICATE","Cuenta duplicada con conflictos: sourceX, sourceY, elevationM, outletCount.","Resolver el grupo manualmente antes de importar.","error"
"460","1190","1190","account_number","1190","1190","ACCOUNT_DUPLICATE","Cuenta duplicada con conflictos: sourceX, sourceY, elevationM, outletCount.","Resolver el grupo manualmente antes de importar.","error"
"532","1190","1190","account_number","1190","1190","ACCOUNT_DUPLICATE","Cuenta duplicada con conflictos: sourceX, sourceY, elevationM, outletCount.","Resolver el grupo manualmente antes de importar.","error"
"488","1205","1205","account_number","1205","1205","ACCOUNT_DUPLICATE","Cuenta duplicada con conflictos: sourceX, sourceY, elevationM, outletCount.","Resolver el grupo manualmente antes de importar.","error"
"505","1205","1205","account_number","1205","1205","ACCOUNT_DUPLICATE","Cuenta duplicada con conflictos: sourceX, sourceY, elevationM, outletCount.","Resolver el grupo manualmente antes de importar.","error"
"496","1230","1230","account_number","1230","1230","ACCOUNT_DUPLICATE","Cuenta duplicada con conflictos: sourceX, sourceY, elevationM, outletCount.","Resolver el grupo manualmente antes de importar.","error"
"517","1230","1230","account_number","1230","1230","ACCOUNT_DUPLICATE","Cuenta duplicada con conflictos: sourceX, sourceY, elevationM, outletCount.","Resolver el grupo manualmente antes de importar.","error"
"497","1229","1229","account_number","1229","1229","ACCOUNT_DUPLICATE","Cuenta duplicada con conflictos: sourceX, sourceY, elevationM, outletCount.","Resolver el grupo manualmente antes de importar.","error"
"518","1229","1229","account_number","1229","1229","ACCOUNT_DUPLICATE","Cuenta duplicada con conflictos: sourceX, sourceY, elevationM, outletCount.","Resolver el grupo manualmente antes de importar.","error"
"501","941","941","account_number","941","941","ACCOUNT_DUPLICATE","Cuenta duplicada con conflictos: sourceX, sourceY, elevationM, outletCount.","Resolver el grupo manualmente antes de importar.","error"
"506","941","941","account_number","941","941","ACCOUNT_DUPLICATE","Cuenta duplicada con conflictos: sourceX, sourceY, elevationM, outletCount.","Resolver el grupo manualmente antes de importar.","error"
"509","1207","1207","account_number","1207","1207","ACCOUNT_DUPLICATE","Cuenta duplicada con conflictos: sourceX, sourceY, elevationM, outletCount.","Resolver el grupo manualmente antes de importar.","error"
"510","1207","1207","account_number","1207","1207","ACCOUNT_DUPLICATE","Cuenta duplicada con conflictos: sourceX, sourceY, elevationM, outletCount.","Resolver el grupo manualmente antes de importar.","error"
"511","1208","1208","account_number","1208","1208","ACCOUNT_DUPLICATE","Cuenta duplicada con conflictos: sourceX, sourceY, elevationM, outletCount, flowLps.","Resolver el grupo manualmente antes de importar.","error"
"512","1208","1208","account_number","1208","1208","ACCOUNT_DUPLICATE","Cuenta duplicada con conflictos: sourceX, sourceY, elevationM, outletCount, flowLps.","Resolver el grupo manualmente antes de importar.","error"
"534","1283","1283","account_number","1283","1283","ACCOUNT_DUPLICATE","Cuenta duplicada con conflictos: sourceX, sourceY, elevationM.","Resolver el grupo manualmente antes de importar.","error"
"610","1283","1283","account_number","1283","1283","ACCOUNT_DUPLICATE","Cuenta duplicada con conflictos: sourceX, sourceY, elevationM.","Resolver el grupo manualmente antes de importar.","error"
"542","1295","1295","account_number","1295","1295","ACCOUNT_DUPLICATE","Cuenta duplicada con conflictos: sourceX, sourceY, elevationM, outletCount.","Resolver el grupo manualmente antes de importar.","error"
"552","1295","1295","account_number","1295","1295","ACCOUNT_DUPLICATE","Cuenta duplicada con conflictos: sourceX, sourceY, elevationM, outletCount.","Resolver el grupo manualmente antes de importar.","error"
"551","947","947","account_number","947","947","ACCOUNT_DUPLICATE","Cuenta duplicada con conflictos: sourceX, sourceY, sectionCode, installationYear, elevationM.","Resolver el grupo manualmente antes de importar.","error"
"665","947","947","account_number","947","947","ACCOUNT_DUPLICATE","Cuenta duplicada con conflictos: sourceX, sourceY, sectionCode, installationYear, elevationM.","Resolver el grupo manualmente antes de importar.","error"
"580","1252","1252","account_number","1252","1252","ACCOUNT_DUPLICATE","Cuenta duplicada con conflictos: sourceX, sourceY, elevationM, outletCount.","Resolver el grupo manualmente antes de importar.","error"
"583","1252","1252","account_number","1252","1252","ACCOUNT_DUPLICATE","Cuenta duplicada con conflictos: sourceX, sourceY, elevationM, outletCount.","Resolver el grupo manualmente antes de importar.","error"
"588","1260","1260","account_number","1260","1260","ACCOUNT_DUPLICATE","Cuenta duplicada con conflictos: sourceX, sourceY, installationYear, elevationM, outletCount.","Resolver el grupo manualmente antes de importar.","error"
"594","1260","1260","account_number","1260","1260","ACCOUNT_DUPLICATE","Cuenta duplicada con conflictos: sourceX, sourceY, installationYear, elevationM, outletCount.","Resolver el grupo manualmente antes de importar.","error"
"593","1249","1249","account_number","1249","1249","ACCOUNT_DUPLICATE","Cuenta duplicada con conflictos: sourceX, sourceY, elevationM, outletCount.","Resolver el grupo manualmente antes de importar.","error"
"595","1249","1249","account_number","1249","1249","ACCOUNT_DUPLICATE","Cuenta duplicada con conflictos: sourceX, sourceY, elevationM, outletCount.","Resolver el grupo manualmente antes de importar.","error"
"596","1264","1264","account_number","1264","1264","ACCOUNT_DUPLICATE","Cuenta duplicada con conflictos: sourceX, sourceY, elevationM, outletCount.","Resolver el grupo manualmente antes de importar.","error"
"597","1264","1264","account_number","1264","1264","ACCOUNT_DUPLICATE","Cuenta duplicada con conflictos: sourceX, sourceY, elevationM, outletCount.","Resolver el grupo manualmente antes de importar.","error"
"661","954","954","account_number","954","954","ACCOUNT_DUPLICATE","Cuenta duplicada con conflictos: sourceX, sourceY, elevationM, outletCount.","Resolver el grupo manualmente antes de importar.","error"
"712","954","954","account_number","954","954","ACCOUNT_DUPLICATE","Cuenta duplicada con conflictos: sourceX, sourceY, elevationM, outletCount.","Resolver el grupo manualmente antes de importar.","error"
"718","919","919","account_number","919","919","ACCOUNT_DUPLICATE","Cuenta duplicada con conflictos: sourceX, sourceY, elevationM, outletCount.","Resolver el grupo manualmente antes de importar.","error"
"719","919","919","account_number","919","919","ACCOUNT_DUPLICATE","Cuenta duplicada con conflictos: sourceX, sourceY, elevationM, outletCount.","Resolver el grupo manualmente antes de importar.","error"
"722","1134","1134","account_number","1134","1134","ACCOUNT_DUPLICATE","Cuenta duplicada con conflictos: sourceX, sourceY, elevationM, outletCount.","Resolver el grupo manualmente antes de importar.","error"
"723","1134","1134","account_number","1134","1134","ACCOUNT_DUPLICATE","Cuenta duplicada con conflictos: sourceX, sourceY, elevationM, outletCount.","Resolver el grupo manualmente antes de importar.","error"
"736","1158","1158","account_number","1158","1158","ACCOUNT_DUPLICATE","Cuenta duplicada con conflictos: sourceX, sourceY, elevationM, outletCount.","Resolver el grupo manualmente antes de importar.","error"
"740","1158","1158","account_number","1158","1158","ACCOUNT_DUPLICATE","Cuenta duplicada con conflictos: sourceX, sourceY, elevationM, outletCount.","Resolver el grupo manualmente antes de importar.","error"
"763","1045","1045","account_number","1045","1045","ACCOUNT_DUPLICATE","Cuenta duplicada con conflictos: sourceX, sourceY, elevationM.","Resolver el grupo manualmente antes de importar.","error"
"764","1045","1045","account_number","1045","1045","ACCOUNT_DUPLICATE","Cuenta duplicada con conflictos: sourceX, sourceY, elevationM.","Resolver el grupo manualmente antes de importar.","error"
"771","2563","2563","account_number","2563","2563","ACCOUNT_DUPLICATE","Cuenta duplicada con conflictos: sourceX, sourceY, sectionCode, elevationM, outletCount.","Resolver el grupo manualmente antes de importar.","error"
"851","2563","2563","account_number","2563","2563","ACCOUNT_DUPLICATE","Cuenta duplicada con conflictos: sourceX, sourceY, sectionCode, elevationM, outletCount.","Resolver el grupo manualmente antes de importar.","error"
"780","1029","1029","account_number","1029","1029","ACCOUNT_DUPLICATE","Cuenta duplicada con conflictos: sourceX, sourceY, elevationM, outletCount.","Resolver el grupo manualmente antes de importar.","error"
"785","1029","1029","account_number","1029","1029","ACCOUNT_DUPLICATE","Cuenta duplicada con conflictos: sourceX, sourceY, elevationM, outletCount.","Resolver el grupo manualmente antes de importar.","error"
"789","1035","1035","account_number","1035","1035","ACCOUNT_DUPLICATE","Cuenta duplicada con conflictos: sourceX, sourceY, elevationM, outletCount.","Resolver el grupo manualmente antes de importar.","error"
"790","1035","1035","account_number","1035","1035","ACCOUNT_DUPLICATE","Cuenta duplicada con conflictos: sourceX, sourceY, elevationM, outletCount.","Resolver el grupo manualmente antes de importar.","error"
"804","1007","1007","account_number","1007","1007","ACCOUNT_DUPLICATE","Cuenta duplicada con conflictos: sourceX, sourceY, elevationM, outletCount.","Resolver el grupo manualmente antes de importar.","error"
"806","1007","1007","account_number","1007","1007","ACCOUNT_DUPLICATE","Cuenta duplicada con conflictos: sourceX, sourceY, elevationM, outletCount.","Resolver el grupo manualmente antes de importar.","error"
"814","996","996","account_number","996","996","ACCOUNT_DUPLICATE","Cuenta duplicada con conflictos: sourceX, sourceY, elevationM.","Resolver el grupo manualmente antes de importar.","error"
"815","996","996","account_number","996","996","ACCOUNT_DUPLICATE","Cuenta duplicada con conflictos: sourceX, sourceY, elevationM.","Resolver el grupo manualmente antes de importar.","error"
"816","1002","1002","account_number","1002","1002","ACCOUNT_DUPLICATE","Cuenta duplicada con conflictos: sourceX, sourceY, elevationM, outletCount.","Resolver el grupo manualmente antes de importar.","error"
"823","1002","1002","account_number","1002","1002","ACCOUNT_DUPLICATE","Cuenta duplicada con conflictos: sourceX, sourceY, elevationM, outletCount.","Resolver el grupo manualmente antes de importar.","error"
"822","987","987","account_number","987","987","ACCOUNT_DUPLICATE","Cuenta duplicada con conflictos: sourceX, sourceY, installationYear, elevationM, outletCount.","Resolver el grupo manualmente antes de importar.","error"
"828","987","987","account_number","987","987","ACCOUNT_DUPLICATE","Cuenta duplicada con conflictos: sourceX, sourceY, installationYear, elevationM, outletCount.","Resolver el grupo manualmente antes de importar.","error"
"827","2441","2441","account_number","2441","2441","ACCOUNT_DUPLICATE","Cuenta duplicada con conflictos: sourceX, sourceY, sectionCode, installationYear, elevationM.","Resolver el grupo manualmente antes de importar.","error"
"1936","2441","2441","account_number","2441","2441","ACCOUNT_DUPLICATE","Cuenta duplicada con conflictos: sourceX, sourceY, sectionCode, installationYear, elevationM.","Resolver el grupo manualmente antes de importar.","error"
"837","2506","2506","account_number","2506","2506","ACCOUNT_DUPLICATE","Cuenta duplicada con conflictos: sourceX, sourceY, sectionCode, installationYear, elevationM, outletCount.","Resolver el grupo manualmente antes de importar.","error"
"941","2506","2506","account_number","2506","2506","ACCOUNT_DUPLICATE","Cuenta duplicada con conflictos: sourceX, sourceY, sectionCode, installationYear, elevationM, outletCount.","Resolver el grupo manualmente antes de importar.","error"
"856","2605","2605","account_number","2605","2605","ACCOUNT_DUPLICATE","Cuenta duplicada con conflictos: sourceX, sourceY, elevationM, outletCount.","Resolver el grupo manualmente antes de importar.","error"
"884","2605","2605","account_number","2605","2605","ACCOUNT_DUPLICATE","Cuenta duplicada con conflictos: sourceX, sourceY, elevationM, outletCount.","Resolver el grupo manualmente antes de importar.","error"
"861","692","692","account_number","692","692","ACCOUNT_DUPLICATE","Cuenta duplicada con conflictos: sourceX, sourceY, elevationM, outletCount.","Resolver el grupo manualmente antes de importar.","error"
"933","692","692","account_number","692","692","ACCOUNT_DUPLICATE","Cuenta duplicada con conflictos: sourceX, sourceY, elevationM, outletCount.","Resolver el grupo manualmente antes de importar.","error"
"864","551","551","account_number","551","551","ACCOUNT_DUPLICATE","Cuenta duplicada con conflictos: sourceX, sourceY, elevationM, outletCount.","Resolver el grupo manualmente antes de importar.","error"
"865","551","551","account_number","551","551","ACCOUNT_DUPLICATE","Cuenta duplicada con conflictos: sourceX, sourceY, elevationM, outletCount.","Resolver el grupo manualmente antes de importar.","error"
"867","2589","2589","account_number","2589","2589","ACCOUNT_DUPLICATE","Cuenta duplicada con conflictos: sourceX, sourceY, elevationM, outletCount.","Resolver el grupo manualmente antes de importar.","error"
"886","2589","2589","account_number","2589","2589","ACCOUNT_DUPLICATE","Cuenta duplicada con conflictos: sourceX, sourceY, elevationM, outletCount.","Resolver el grupo manualmente antes de importar.","error"
"869","2601","2601","account_number","2601","2601","ACCOUNT_DUPLICATE","Cuenta duplicada con conflictos: sourceX, sourceY, elevationM, outletCount.","Resolver el grupo manualmente antes de importar.","error"
"871","2601","2601","account_number","2601","2601","ACCOUNT_DUPLICATE","Cuenta duplicada con conflictos: sourceX, sourceY, elevationM, outletCount.","Resolver el grupo manualmente antes de importar.","error"
"880","2601","2601","account_number","2601","2601","ACCOUNT_DUPLICATE","Cuenta duplicada con conflictos: sourceX, sourceY, elevationM, outletCount.","Resolver el grupo manualmente antes de importar.","error"
"877","2547","2547","account_number","2547","2547","ACCOUNT_DUPLICATE","Cuenta duplicada con conflictos: sourceX, sourceY, installationYear, elevationM, outletCount.","Resolver el grupo manualmente antes de importar.","error"
"917","2547","2547","account_number","2547","2547","ACCOUNT_DUPLICATE","Cuenta duplicada con conflictos: sourceX, sourceY, installationYear, elevationM, outletCount.","Resolver el grupo manualmente antes de importar.","error"
"889","675","675","account_number","675","675","ACCOUNT_DUPLICATE","Cuenta duplicada con conflictos: sourceX, sourceY, sectionCode, installationYear, elevationM, outletCount.","Resolver el grupo manualmente antes de importar.","error"
"1365","675","675","account_number","675","675","ACCOUNT_DUPLICATE","Cuenta duplicada con conflictos: sourceX, sourceY, sectionCode, installationYear, elevationM, outletCount.","Resolver el grupo manualmente antes de importar.","error"
"1378","675","675","account_number","675","675","ACCOUNT_DUPLICATE","Cuenta duplicada con conflictos: sourceX, sourceY, sectionCode, installationYear, elevationM, outletCount.","Resolver el grupo manualmente antes de importar.","error"
"891","754","754","account_number","754","754","ACCOUNT_DUPLICATE","Cuenta duplicada con conflictos: sourceX, sourceY, elevationM, outletCount.","Resolver el grupo manualmente antes de importar.","error"
"902","754","754","account_number","754","754","ACCOUNT_DUPLICATE","Cuenta duplicada con conflictos: sourceX, sourceY, elevationM, outletCount.","Resolver el grupo manualmente antes de importar.","error"
"898","2534","2534","account_number","2534","2534","ACCOUNT_DUPLICATE","Cuenta duplicada con conflictos: sourceX, sourceY, sectionCode, elevationM, outletCount.","Resolver el grupo manualmente antes de importar.","error"
"950","2534","2534","account_number","2534","2534","ACCOUNT_DUPLICATE","Cuenta duplicada con conflictos: sourceX, sourceY, sectionCode, elevationM, outletCount.","Resolver el grupo manualmente antes de importar.","error"
"924","2626","2626","account_number","2626","2626","ACCOUNT_DUPLICATE","Cuenta duplicada con conflictos: sourceX, sourceY, elevationM, outletCount.","Resolver el grupo manualmente antes de importar.","error"
"925","2626","2626","account_number","2626","2626","ACCOUNT_DUPLICATE","Cuenta duplicada con conflictos: sourceX, sourceY, elevationM, outletCount.","Resolver el grupo manualmente antes de importar.","error"
"949","2456","2456","account_number","2456","2456","ACCOUNT_DUPLICATE","Cuenta duplicada con conflictos: sourceX, sourceY, elevationM.","Resolver el grupo manualmente antes de importar.","error"
"981","2456","2456","account_number","2456","2456","ACCOUNT_DUPLICATE","Cuenta duplicada con conflictos: sourceX, sourceY, elevationM.","Resolver el grupo manualmente antes de importar.","error"
"955","2434","2434","account_number","2434","2434","ACCOUNT_DUPLICATE","Cuenta duplicada con conflictos: sourceX, sourceY, elevationM, outletCount.","Resolver el grupo manualmente antes de importar.","error"
"956","2434","2434","account_number","2434","2434","ACCOUNT_DUPLICATE","Cuenta duplicada con conflictos: sourceX, sourceY, elevationM, outletCount.","Resolver el grupo manualmente antes de importar.","error"
"978","2460","2460","account_number","2460","2460","ACCOUNT_DUPLICATE","Cuenta duplicada con conflictos: sourceX, sourceY, installationYear, elevationM.","Resolver el grupo manualmente antes de importar.","error"
"1937","2460","2460","account_number","2460","2460","ACCOUNT_DUPLICATE","Cuenta duplicada con conflictos: sourceX, sourceY, installationYear, elevationM.","Resolver el grupo manualmente antes de importar.","error"
"979","2471","2471","account_number","2471","2471","ACCOUNT_DUPLICATE","Cuenta duplicada con conflictos: sourceX, sourceY, elevationM.","Resolver el grupo manualmente antes de importar.","error"
"1938","2471","2471","account_number","2471","2471","ACCOUNT_DUPLICATE","Cuenta duplicada con conflictos: sourceX, sourceY, elevationM.","Resolver el grupo manualmente antes de importar.","error"
"985","2486","2486","account_number","2486","2486","ACCOUNT_DUPLICATE","Cuenta duplicada con conflictos: sourceX, sourceY, installationYear, elevationM, outletCount.","Resolver el grupo manualmente antes de importar.","error"
"988","2486","2486","account_number","2486","2486","ACCOUNT_DUPLICATE","Cuenta duplicada con conflictos: sourceX, sourceY, installationYear, elevationM, outletCount.","Resolver el grupo manualmente antes de importar.","error"
"991","2476","2476","account_number","2476","2476","ACCOUNT_DUPLICATE","Cuenta duplicada con conflictos: sourceX, sourceY, elevationM.","Resolver el grupo manualmente antes de importar.","error"
"993","2476","2476","account_number","2476","2476","ACCOUNT_DUPLICATE","Cuenta duplicada con conflictos: sourceX, sourceY, elevationM.","Resolver el grupo manualmente antes de importar.","error"
"1034","2347","2347","account_number","2347","2347","ACCOUNT_DUPLICATE","Cuenta duplicada con conflictos: sourceX, sourceY, installationYear, elevationM.","Resolver el grupo manualmente antes de importar.","error"
"1061","2347","2347","account_number","2347","2347","ACCOUNT_DUPLICATE","Cuenta duplicada con conflictos: sourceX, sourceY, installationYear, elevationM.","Resolver el grupo manualmente antes de importar.","error"
"1077","2335","2335","account_number","2335","2335","ACCOUNT_DUPLICATE","Cuenta duplicada con conflictos: sourceX, sourceY, elevationM.","Resolver el grupo manualmente antes de importar.","error"
"1079","2335","2335","account_number","2335","2335","ACCOUNT_DUPLICATE","Cuenta duplicada con conflictos: sourceX, sourceY, elevationM.","Resolver el grupo manualmente antes de importar.","error"
"1084","2126","2126","account_number","2126","2126","ACCOUNT_DUPLICATE","Cuenta duplicada con conflictos: sourceX, sourceY, elevationM, outletCount.","Resolver el grupo manualmente antes de importar.","error"
"1103","2126","2126","account_number","2126","2126","ACCOUNT_DUPLICATE","Cuenta duplicada con conflictos: sourceX, sourceY, elevationM, outletCount.","Resolver el grupo manualmente antes de importar.","error"
"1086","2212","2212","account_number","2212","2212","ACCOUNT_DUPLICATE","Cuenta duplicada con conflictos: sourceX, sourceY, elevationM, outletCount.","Resolver el grupo manualmente antes de importar.","error"
"1087","2212","2212","account_number","2212","2212","ACCOUNT_DUPLICATE","Cuenta duplicada con conflictos: sourceX, sourceY, elevationM, outletCount.","Resolver el grupo manualmente antes de importar.","error"
"1094","2382","2382","account_number","2382","2382","ACCOUNT_DUPLICATE","Cuenta duplicada con conflictos: sourceX, sourceY, installationYear, elevationM.","Resolver el grupo manualmente antes de importar.","error"
"1095","2382","2382","account_number","2382","2382","ACCOUNT_DUPLICATE","Cuenta duplicada con conflictos: sourceX, sourceY, installationYear, elevationM.","Resolver el grupo manualmente antes de importar.","error"
"1120","1352","1352","account_number","1352","1352","ACCOUNT_DUPLICATE","Cuenta duplicada con conflictos: sourceX, sourceY, installationYear, elevationM, outletCount.","Resolver el grupo manualmente antes de importar.","error"
"1920","1352","1352","account_number","1352","1352","ACCOUNT_DUPLICATE","Cuenta duplicada con conflictos: sourceX, sourceY, installationYear, elevationM, outletCount.","Resolver el grupo manualmente antes de importar.","error"
"1183","1074","1074","account_number","1074","1074","ACCOUNT_DUPLICATE","Cuenta duplicada con conflictos: sourceX, sourceY, installationYear, elevationM.","Resolver el grupo manualmente antes de importar.","error"
"1919","1074","1074","account_number","1074","1074","ACCOUNT_DUPLICATE","Cuenta duplicada con conflictos: sourceX, sourceY, installationYear, elevationM.","Resolver el grupo manualmente antes de importar.","error"
"1217","410","410","account_number","410","410","ACCOUNT_DUPLICATE","Cuenta duplicada con conflictos: sourceX, sourceY, elevationM, outletCount, flowLps.","Resolver el grupo manualmente antes de importar.","error"
"1218","410","410","account_number","410","410","ACCOUNT_DUPLICATE","Cuenta duplicada con conflictos: sourceX, sourceY, elevationM, outletCount, flowLps.","Resolver el grupo manualmente antes de importar.","error"
"1222","462","462","account_number","462","462","ACCOUNT_DUPLICATE","Cuenta duplicada con conflictos: sourceX, sourceY, elevationM.","Resolver el grupo manualmente antes de importar.","error"
"1265","462","462","account_number","462","462","ACCOUNT_DUPLICATE","Cuenta duplicada con conflictos: sourceX, sourceY, elevationM.","Resolver el grupo manualmente antes de importar.","error"
"1233","446","446","account_number","446","446","ACCOUNT_DUPLICATE","Cuenta duplicada con conflictos: sourceX, sourceY, installationYear, elevationM.","Resolver el grupo manualmente antes de importar.","error"
"1234","446","446","account_number","446","446","ACCOUNT_DUPLICATE","Cuenta duplicada con conflictos: sourceX, sourceY, installationYear, elevationM.","Resolver el grupo manualmente antes de importar.","error"
"1246","833","833","account_number","833","833","ACCOUNT_DUPLICATE","Cuenta duplicada con conflictos: sourceX, sourceY, elevationM.","Resolver el grupo manualmente antes de importar.","error"
"1247","833","833","account_number","833","833","ACCOUNT_DUPLICATE","Cuenta duplicada con conflictos: sourceX, sourceY, elevationM.","Resolver el grupo manualmente antes de importar.","error"
"1257","836","836","account_number","836","836","ACCOUNT_DUPLICATE","Cuenta duplicada con conflictos: sourceX, sourceY, elevationM.","Resolver el grupo manualmente antes de importar.","error"
"1258","836","836","account_number","836","836","ACCOUNT_DUPLICATE","Cuenta duplicada con conflictos: sourceX, sourceY, elevationM.","Resolver el grupo manualmente antes de importar.","error"
"1278","472","472","account_number","472","472","ACCOUNT_DUPLICATE","Cuenta duplicada con conflictos: sourceX, sourceY, elevationM, outletCount.","Resolver el grupo manualmente antes de importar.","error"
"1279","472","472","account_number","472","472","ACCOUNT_DUPLICATE","Cuenta duplicada con conflictos: sourceX, sourceY, elevationM, outletCount.","Resolver el grupo manualmente antes de importar.","error"
"1282","480","480","account_number","480","480","ACCOUNT_DUPLICATE","Cuenta duplicada con conflictos: sourceX, sourceY, installationYear, elevationM, flowLps.","Resolver el grupo manualmente antes de importar.","error"
"1283","480","480","account_number","480","480","ACCOUNT_DUPLICATE","Cuenta duplicada con conflictos: sourceX, sourceY, installationYear, elevationM, flowLps.","Resolver el grupo manualmente antes de importar.","error"
"1288","576","576","account_number","576","576","ACCOUNT_DUPLICATE","Cuenta duplicada con conflictos: sourceX, sourceY, elevationM, outletCount.","Resolver el grupo manualmente antes de importar.","error"
"1289","576","576","account_number","576","576","ACCOUNT_DUPLICATE","Cuenta duplicada con conflictos: sourceX, sourceY, elevationM, outletCount.","Resolver el grupo manualmente antes de importar.","error"
"1291","649","649","account_number","649","649","ACCOUNT_DUPLICATE","Cuenta duplicada con conflictos: sourceX, sourceY, elevationM, flowLps.","Resolver el grupo manualmente antes de importar.","error"
"1292","649","649","account_number","649","649","ACCOUNT_DUPLICATE","Cuenta duplicada con conflictos: sourceX, sourceY, elevationM, flowLps.","Resolver el grupo manualmente antes de importar.","error"
"1315","477","477","account_number","477","477","ACCOUNT_DUPLICATE","Cuenta duplicada con conflictos: sourceX, sourceY, installationYear, elevationM.","Resolver el grupo manualmente antes de importar.","error"
"1334","477","477","account_number","477","477","ACCOUNT_DUPLICATE","Cuenta duplicada con conflictos: sourceX, sourceY, installationYear, elevationM.","Resolver el grupo manualmente antes de importar.","error"
"1325","390","390","account_number","390","390","ACCOUNT_DUPLICATE","Cuenta duplicada con conflictos: sourceX, sourceY, elevationM, outletCount, flowLps.","Resolver el grupo manualmente antes de importar.","error"
"1326","390","390","account_number","390","390","ACCOUNT_DUPLICATE","Cuenta duplicada con conflictos: sourceX, sourceY, elevationM, outletCount, flowLps.","Resolver el grupo manualmente antes de importar.","error"
"1346","679","679","account_number","679","679","ACCOUNT_DUPLICATE","Cuenta duplicada con conflictos: sourceX, sourceY, elevationM, outletCount.","Resolver el grupo manualmente antes de importar.","error"
"1389","679","679","account_number","679","679","ACCOUNT_DUPLICATE","Cuenta duplicada con conflictos: sourceX, sourceY, elevationM, outletCount.","Resolver el grupo manualmente antes de importar.","error"
"1355","719","719","account_number","719","719","ACCOUNT_DUPLICATE","Cuenta duplicada con conflictos: sourceX, sourceY, elevationM.","Resolver el grupo manualmente antes de importar.","error"
"1357","719","719","account_number","719","719","ACCOUNT_DUPLICATE","Cuenta duplicada con conflictos: sourceX, sourceY, elevationM.","Resolver el grupo manualmente antes de importar.","error"
"1372","705","705","account_number","705","705","ACCOUNT_DUPLICATE","Cuenta duplicada con conflictos: sourceX, sourceY, elevationM, outletCount.","Resolver el grupo manualmente antes de importar.","error"
"1373","705","705","account_number","705","705","ACCOUNT_DUPLICATE","Cuenta duplicada con conflictos: sourceX, sourceY, elevationM, outletCount.","Resolver el grupo manualmente antes de importar.","error"
"1376","645","645","account_number","645","645","ACCOUNT_DUPLICATE","Cuenta duplicada con conflictos: sourceX, sourceY, elevationM.","Resolver el grupo manualmente antes de importar.","error"
"1377","645","645","account_number","645","645","ACCOUNT_DUPLICATE","Cuenta duplicada con conflictos: sourceX, sourceY, elevationM.","Resolver el grupo manualmente antes de importar.","error"
"1379","676","676","account_number","676","676","ACCOUNT_DUPLICATE","Cuenta duplicada con conflictos: sourceX, sourceY, elevationM.","Resolver el grupo manualmente antes de importar.","error"
"1380","676","676","account_number","676","676","ACCOUNT_DUPLICATE","Cuenta duplicada con conflictos: sourceX, sourceY, elevationM.","Resolver el grupo manualmente antes de importar.","error"
"1381","706","706","account_number","706","706","ACCOUNT_DUPLICATE","Cuenta duplicada con conflictos: sourceX, sourceY, elevationM, outletCount.","Resolver el grupo manualmente antes de importar.","error"
"1382","706","706","account_number","706","706","ACCOUNT_DUPLICATE","Cuenta duplicada con conflictos: sourceX, sourceY, elevationM, outletCount.","Resolver el grupo manualmente antes de importar.","error"
"1889","1661","1661","account_number","1661","1661","ACCOUNT_DUPLICATE","Cuenta duplicada con conflictos: sourceX, sourceY, elevationM, outletCount.","Resolver el grupo manualmente antes de importar.","error"
"1950","1661","1661","account_number","1661","1661","ACCOUNT_DUPLICATE","Cuenta duplicada con conflictos: sourceX, sourceY, elevationM, outletCount.","Resolver el grupo manualmente antes de importar.","error"
"1957","1661","1661","account_number","1661","1661","ACCOUNT_DUPLICATE","Cuenta duplicada con conflictos: sourceX, sourceY, elevationM, outletCount.","Resolver el grupo manualmente antes de importar.","error"
"1890","1670","1670","account_number","1670","1670","ACCOUNT_DUPLICATE","Cuenta duplicada con conflictos: sourceX, sourceY, elevationM, outletCount.","Resolver el grupo manualmente antes de importar.","error"
"1954","1670","1670","account_number","1670","1670","ACCOUNT_DUPLICATE","Cuenta duplicada con conflictos: sourceX, sourceY, elevationM, outletCount.","Resolver el grupo manualmente antes de importar.","error"
"1899","1764","1764","account_number","1764","1764","ACCOUNT_DUPLICATE","Cuenta duplicada con conflictos: sourceX, sourceY, installationAngleDeg, elevationM, outletCount.","Resolver el grupo manualmente antes de importar.","error"
"1956","1764","1764","account_number","1764","1764","ACCOUNT_DUPLICATE","Cuenta duplicada con conflictos: sourceX, sourceY, installationAngleDeg, elevationM, outletCount.","Resolver el grupo manualmente antes de importar.","error"