"sourceRow","accountNumber","sourceX","sourceY","sourceCrs","sectionCode","installationYear","installationAngleDeg","elevationM","outletCount","flowLps","metadataJson"
"1404","1","774196.125584","2450556.74052","UNKNOWN","1","","135","1906.4003","3","10","{""feature_name"":""<UNNAMED FEATURE>"",""feature_type"":""Unknown Point Feature"",""layer"":""Cabezal de riego"",""feature_description"":""Cabezal de riego"",""feature_layer_name"":""Hidrantes_ddr001.shp"",""index_in_layer"":1402,""invalid_installation_year"":""0""}"
"1411","10","775495.901348","2450413.31808","UNKNOWN","1","","240","1905.4952","3","10","{""feature_name"":""<UNNAMED FEATURE>"",""feature_type"":""Unknown Point Feature"",""layer"":""Cabezal de riego"",""feature_description"":""Cabezal de riego"",""feature_layer_name"":""Hidrantes_ddr001.shp"",""index_in_layer"":1409,""invalid_installation_year"":""0""}"
"812","1000","781981.809813","2455424.74023","UNKNOWN","9","2014","0","1919.73","3","10","{""feature_name"":""<UNNAMED FEATURE>"",""feature_type"":""Unknown Point Feature"",""layer"":""Cabezal de riego"",""feature_description"":""Cabezal de riego"",""feature_layer_name"":""Hidrantes_ddr001.shp"",""index_in_layer"":810}"
"824","1001","781717.069589","2454904.1248","UNKNOWN","9","2014","0","1910.16","3","10","{""feature_name"":""<UNNAMED FEATURE>"",""feature_type"":""Unknown Point Feature"",""layer"":""Cabezal de riego"",""feature_description"":""Cabezal de riego"",""feature_layer_name"":""Hidrantes_ddr001.shp"",""index_in_layer"":822}"
"767","1003","782428.33973","2455490.31208","UNKNOWN","9","2010","0","1921.29","3","10","{""feature_name"":""<UNNAMED FEATURE>"",""feature_type"":""Unknown Point Feature"",""layer"":""Cabezal de riego"",""feature_description"":""Cabezal de riego"",""feature_layer_name"":""Hidrantes_ddr001.shp"",""index_in_layer"":765}"
"768","1004","782679.402686","2454721.68669","UNKNOWN","9","2014","0","1919.83","3","10","{""feature_name"":""<UNNAMED FEATURE>"",""feature_type"":""Unknown Point Feature"",""layer"":""Cabezal de riego"",""feature_description"":""Cabezal de riego"",""feature_layer_name"":""Hidrantes_ddr001.shp"",""index_in_layer"":766}"
"540","1005","781099.405057","2458332.58692","UNKNOWN","15","","0","1921.8101","0","10","{""feature_name"":""<UNNAMED FEATURE>"",""feature_type"":""Unknown Point Feature"",""layer"":""Cabezal de riego"",""feature_description"":""Cabezal de riego"",""feature_layer_name"":""Hidrantes_ddr001.shp"",""index_in_layer"":538,""invalid_installation_year"":""0""}"
"773","1006","781815.620019","2456336.52342","UNKNOWN","9","2014","0","1916.5601","3","10","{""feature_name"":""<UNNAMED FEATURE>"",""feature_type"":""Unknown Point Feature"",""layer"":""Cabezal de riego"",""feature_description"":""Cabezal de riego"",""feature_layer_name"":""Hidrantes_ddr001.shp"",""index_in_layer"":771}"
"777","1008","781707.633555","2456831.02878","UNKNOWN","9","2014","0","1918.76","3","10","{""feature_name"":""<UNNAMED FEATURE>"",""feature_type"":""Unknown Point Feature"",""layer"":""Cabezal de riego"",""feature_description"":""Cabezal de riego"",""feature_layer_name"":""Hidrantes_ddr001.shp"",""index_in_layer"":775}"
"805","1009","781533.22141","2457186.59406","UNKNOWN","9","","0","1922.02","0","10","{""feature_name"":""<UNNAMED FEATURE>"",""feature_type"":""Unknown Point Feature"",""layer"":""Cabezal de riego"",""feature_description"":""Cabezal de riego"",""feature_layer_name"":""Hidrantes_ddr001.shp"",""index_in_layer"":803,""invalid_installation_year"":""0""}"
"803","1010","781758.460859","2457211.4874","UNKNOWN","9","2014","0","1921","3","10","{""feature_name"":""<UNNAMED FEATURE>"",""feature_type"":""Unknown Point Feature"",""layer"":""Cabezal de riego"",""feature_description"":""Cabezal de riego"",""feature_layer_name"":""Hidrantes_ddr001.shp"",""index_in_layer"":801}"
"809","1011","781757.814352","2456886.78699","UNKNOWN","9","2014","0","1917.42","3","10","{""feature_name"":""<UNNAMED FEATURE>"",""feature_type"":""Unknown Point Feature"",""layer"":""Cabezal de riego"",""feature_description"":""Cabezal de riego"",""feature_layer_name"":""Hidrantes_ddr001.shp"",""index_in_layer"":807}"
"801","1012","781977.517487","2457241.59163","UNKNOWN","9","2022","0","1918.79","3","10","{""feature_name"":""<UNNAMED FEATURE>"",""feature_type"":""Unknown Point Feature"",""layer"":""Cabezal de riego"",""feature_description"":""Cabezal de riego"",""feature_layer_name"":""Hidrantes_ddr001.shp"",""index_in_layer"":799}"
"787","1013","782098.001032","2456884.16993","UNKNOWN","9","2014","0","1917.2","3","10","{""feature_name"":""<UNNAMED FEATURE>"",""feature_type"":""Unknown Point Feature"",""layer"":""Cabezal de riego"",""feature_description"":""Cabezal de riego"",""feature_layer_name"":""Hidrantes_ddr001.shp"",""index_in_layer"":785}"
"800","1014","782072.2775","2457257.26483","UNKNOWN","9","2010","0","1919.04","3","10","{""feature_name"":""<UNNAMED FEATURE>"",""feature_type"":""Unknown Point Feature"",""layer"":""Cabezal de riego"",""feature_description"":""Cabezal de riego"",""feature_layer_name"":""Hidrantes_ddr001.shp"",""index_in_layer"":798}"
"797","1015","782253.485374","2457131.76941","UNKNOWN","9","2014","0","1919.03","3","10","{""feature_name"":""<UNNAMED FEATURE>"",""feature_type"":""Unknown Point Feature"",""layer"":""Cabezal de riego"",""feature_description"":""Cabezal de riego"",""feature_layer_name"":""Hidrantes_ddr001.shp"",""index_in_layer"":795}"
"798","1016","782313.632217","2457275.47593","UNKNOWN","9","2014","0","1916.1","3","10","{""feature_name"":""<UNNAMED FEATURE>"",""feature_type"":""Unknown Point Feature"",""layer"":""Cabezal de riego"",""feature_description"":""Cabezal de riego"",""feature_layer_name"":""Hidrantes_ddr001.shp"",""index_in_layer"":796}"
"796","1017","782368.696723","2457192.14013","UNKNOWN","9","2014","0","1916.95","3","10","{""feature_name"":""<UNNAMED FEATURE>"",""feature_type"":""Unknown Point Feature"",""layer"":""Cabezal de riego"",""feature_description"":""Cabezal de riego"",""feature_layer_name"":""Hidrantes_ddr001.shp"",""index_in_layer"":794}"
"799","1018","782217.024121","2457047.88823","UNKNOWN","9","2014","0","1919.67","3","10","{""feature_name"":""<UNNAMED FEATURE>"",""feature_type"":""Unknown Point Feature"",""layer"":""Cabezal de riego"",""feature_description"":""Cabezal de riego"",""feature_layer_name"":""Hidrantes_ddr001.shp"",""index_in_layer"":797}"
"788","1019","782640.725805","2456878.12992","UNKNOWN","9","2014","0","1915.1","3","10","{""feature_name"":""<UNNAMED FEATURE>"",""feature_type"":""Unknown Point Feature"",""layer"":""Cabezal de riego"",""feature_description"":""Cabezal de riego"",""feature_layer_name"":""Hidrantes_ddr001.shp"",""index_in_layer"":786}"
"774","1020","781836.829204","2456350.75773","UNKNOWN","9","2014","0","1916.62","3","10","{""feature_name"":""<UNNAMED FEATURE>"",""feature_type"":""Unknown Point Feature"",""layer"":""Cabezal de riego"",""feature_description"":""Cabezal de riego"",""feature_layer_name"":""Hidrantes_ddr001.shp"",""index_in_layer"":772}"
"794","1021","782593.415745","2457143.12194","UNKNOWN","9","2014","0","1915.76","3","10","{""feature_name"":""<UNNAMED FEATURE>"",""feature_type"":""Unknown Point Feature"",""layer"":""Cabezal de riego"",""feature_description"":""Cabezal de riego"",""feature_layer_name"":""Hidrantes_ddr001.shp"",""index_in_layer"":792}"
"786","1023","781761.789515","2456826.57517","UNKNOWN","9","2014","0","1916.74","3","10","{""feature_name"":""<UNNAMED FEATURE>"",""feature_type"":""Unknown Point Feature"",""layer"":""Cabezal de riego"",""feature_description"":""Cabezal de riego"",""feature_layer_name"":""Hidrantes_ddr001.shp"",""index_in_layer"":784}"
"776","1024","781779.609632","2456725.38971","UNKNOWN","9","2014","0","1914.26","3","10","{""feature_name"":""<UNNAMED FEATURE>"",""feature_type"":""Unknown Point Feature"",""layer"":""Cabezal de riego"",""feature_description"":""Cabezal de riego"",""feature_layer_name"":""Hidrantes_ddr001.shp"",""index_in_layer"":774}"
"779","1025","782046.26224","2456726.09965","UNKNOWN","9","2014","0","1918.5601","3","10","{""feature_name"":""<UNNAMED FEATURE>"",""feature_type"":""Unknown Point Feature"",""layer"":""Cabezal de riego"",""feature_description"":""Cabezal de riego"",""feature_layer_name"":""Hidrantes_ddr001.shp"",""index_in_layer"":777}"
"778","1026","781962.208754","2456511.48493","UNKNOWN","9","2014","0","1917.4301","3","10","{""feature_name"":""<UNNAMED FEATURE>"",""feature_type"":""Unknown Point Feature"",""layer"":""Cabezal de riego"",""feature_description"":""Cabezal de riego"",""feature_layer_name"":""Hidrantes_ddr001.shp"",""index_in_layer"":776}"
"808","1027","781156.004785","2457475.45561","UNKNOWN","9","2010","0","1922.75","3","10","{""feature_name"":""<UNNAMED FEATURE>"",""feature_type"":""Unknown Point Feature"",""layer"":""Cabezal de riego"",""feature_description"":""Cabezal de riego"",""feature_layer_name"":""Hidrantes_ddr001.shp"",""index_in_layer"":806}"
"772","1028","782018.992224","2456046.86311","UNKNOWN","9","2014","0","1915.38","3","10","{""feature_name"":""<UNNAMED FEATURE>"",""feature_type"":""Unknown Point Feature"",""layer"":""Cabezal de riego"",""feature_description"":""Cabezal de riego"",""feature_layer_name"":""Hidrantes_ddr001.shp"",""index_in_layer"":770}"
"897","103","782377.219787","2450393.21678","UNKNOWN","10","2010","0","1902.51","2","10","{""feature_name"":""<UNNAMED FEATURE>"",""feature_type"":""Unknown Point Feature"",""layer"":""Cabezal de riego"",""feature_description"":""Cabezal de riego"",""feature_layer_name"":""Hidrantes_ddr001.shp"",""index_in_layer"":895}"
"783","1030","782242.391103","2456848.98897","UNKNOWN","9","2014","0","1911","3","10","{""feature_name"":""<UNNAMED FEATURE>"",""feature_type"":""Unknown Point Feature"",""layer"":""Cabezal de riego"",""feature_description"":""Cabezal de riego"",""feature_layer_name"":""Hidrantes_ddr001.shp"",""index_in_layer"":781}"
"795","1031","782402.437552","2457283.72976","UNKNOWN","9","2014","0","1915.23","3","10","{""feature_name"":""<UNNAMED FEATURE>"",""feature_type"":""Unknown Point Feature"",""layer"":""Cabezal de riego"",""feature_description"":""Cabezal de riego"",""feature_layer_name"":""Hidrantes_ddr001.shp"",""index_in_layer"":793}"
"793","1032","783108.501264","2457243.98058","UNKNOWN","9","2014","0","1915.87","3","10","{""feature_name"":""<UNNAMED FEATURE>"",""feature_type"":""Unknown Point Feature"",""layer"":""Cabezal de riego"",""feature_description"":""Cabezal de riego"",""feature_layer_name"":""Hidrantes_ddr001.shp"",""index_in_layer"":791}"
"792","1033","782816.08783","2456808.16392","UNKNOWN","9","2014","0","1923.59","3","20","{""feature_name"":""<UNNAMED FEATURE>"",""feature_type"":""Unknown Point Feature"",""layer"":""Cabezal de riego"",""feature_description"":""Cabezal de riego"",""feature_layer_name"":""Hidrantes_ddr001.shp"",""index_in_layer"":790}"
"782","1034","782665.411515","2456546.01749","UNKNOWN","9","2014","0","1908.01","3","10","{""feature_name"":""<UNNAMED FEATURE>"",""feature_type"":""Unknown Point Feature"",""layer"":""Cabezal de riego"",""feature_description"":""Cabezal de riego"",""feature_layer_name"":""Hidrantes_ddr001.shp"",""index_in_layer"":780}"
"770","1037","782626.762511","2455983.81417","UNKNOWN","9","2014","0","1900.95","3","10","{""feature_name"":""<UNNAMED FEATURE>"",""feature_type"":""Unknown Point Feature"",""layer"":""Cabezal de riego"",""feature_description"":""Cabezal de riego"",""feature_layer_name"":""Hidrantes_ddr001.shp"",""index_in_layer"":768}"
"1946","1038","783095.397547","2454351.5756","UNKNOWN","9","","0","1904","0","10","{""feature_name"":""<UNNAMED FEATURE>"",""feature_type"":""Unknown Point Feature"",""layer"":""Cabezal de riego"",""feature_description"":""Cabezal de riego"",""feature_layer_name"":""Hidrantes_ddr001.shp"",""index_in_layer"":1944,""invalid_installation_year"":""0""}"
"1944","1039","782322.812669","2454221.92951","UNKNOWN","9","","0","1904","0","10","{""feature_name"":""<UNNAMED FEATURE>"",""feature_type"":""Unknown Point Feature"",""layer"":""Cabezal de riego"",""feature_description"":""Cabezal de riego"",""feature_layer_name"":""Hidrantes_ddr001.shp"",""index_in_layer"":1942,""invalid_installation_year"":""0""}"
"1948","104","777381.29163","2450650.83867","UNKNOWN","1","","50","1897.6761","0","10","{""feature_name"":""<UNNAMED FEATURE>"",""feature_type"":""Unknown Point Feature"",""layer"":""Cabezal de riego"",""feature_description"":""Cabezal de riego"",""feature_layer_name"":""Hidrantes_ddr001.shp"",""index_in_layer"":1946,""invalid_installation_year"":""0""}"
"766","1040","782313.954569","2453667.65984","UNKNOWN","9","2014","0","1916.37","3","10","{""feature_name"":""<UNNAMED FEATURE>"",""feature_type"":""Unknown Point Feature"",""layer"":""Cabezal de riego"",""feature_description"":""Cabezal de riego"",""feature_layer_name"":""Hidrantes_ddr001.shp"",""index_in_layer"":764}"
"765","1041","782340.601773","2453763.99583","UNKNOWN","9","2014","0","1916.8101","3","10","{""feature_name"":""<UNNAMED FEATURE>"",""feature_type"":""Unknown Point Feature"",""layer"":""Cabezal de riego"",""feature_description"":""Cabezal de riego"",""feature_layer_name"":""Hidrantes_ddr001.shp"",""index_in_layer"":763}"
"1943","1042","782172.105701","2453869.71547","UNKNOWN","9","","0","1904","0","10","{""feature_name"":""<UNNAMED FEATURE>"",""feature_type"":""Unknown Point Feature"",""layer"":""Cabezal de riego"",""feature_description"":""Cabezal de riego"",""feature_layer_name"":""Hidrantes_ddr001.shp"",""index_in_layer"":1941,""invalid_installation_year"":""0""}"
"762","1043","782458.928151","2453138.4727","UNKNOWN","9","2014","0","1910.65","3","10","{""feature_name"":""<UNNAMED FEATURE>"",""feature_type"":""Unknown Point Feature"",""layer"":""Cabezal de riego"",""feature_description"":""Cabezal de riego"",""feature_layer_name"":""Hidrantes_ddr001.shp"",""index_in_layer"":760}"
"1910","1044","782086.124757","2453338.03259","UNKNOWN","9","2014","0","1916.37","3","10","{""feature_name"":""<UNNAMED FEATURE>"",""feature_type"":""Unknown Point Feature"",""layer"":""Cabezal de riego"",""feature_description"":""Cabezal de riego"",""feature_layer_name"":""Hidrantes_ddr001.shp"",""index_in_layer"":1908}"
"759","1046","781950.674032","2452725.05707","UNKNOWN","9","2010","0","1908.13","3","10","{""feature_name"":""<UNNAMED FEATURE>"",""feature_type"":""Unknown Point Feature"",""layer"":""Cabezal de riego"",""feature_description"":""Cabezal de riego"",""feature_layer_name"":""Hidrantes_ddr001.shp"",""index_in_layer"":757}"
"539","1048","781075.154776","2458453.04944","UNKNOWN","15","2017","0","1925.58","3","10","{""feature_name"":""<UNNAMED FEATURE>"",""feature_type"":""Unknown Point Feature"",""layer"":""Cabezal de riego"",""feature_description"":""Cabezal de riego"",""feature_layer_name"":""Hidrantes_ddr001.shp"",""index_in_layer"":537}"
"825","1049","781054.503466","2453200.84747","UNKNOWN","9","","0","1904","0","10","{""feature_name"":""<UNNAMED FEATURE>"",""feature_type"":""Unknown Point Feature"",""layer"":""Cabezal de riego"",""feature_description"":""Cabezal de riego"",""feature_layer_name"":""Hidrantes_ddr001.shp"",""index_in_layer"":823,""invalid_installation_year"":""0""}"
"845","1050","782127.179912","2450650.79055","UNKNOWN","10","2010","0","1895.4301","2","10","{""feature_name"":""<UNNAMED FEATURE>"",""feature_type"":""Unknown Point Feature"",""layer"":""Cabezal de riego"",""feature_description"":""Cabezal de riego"",""feature_layer_name"":""Hidrantes_ddr001.shp"",""index_in_layer"":843}"
"758","1051","782010.224018","2452100.9122","UNKNOWN","9","2010","0","1906.8","3","10","{""feature_name"":""<UNNAMED FEATURE>"",""feature_type"":""Unknown Point Feature"",""layer"":""Cabezal de riego"",""feature_description"":""Cabezal de riego"",""feature_layer_name"":""Hidrantes_ddr001.shp"",""index_in_layer"":756}"
"807","1052","781432.277129","2457227.77176","UNKNOWN","9","2014","0","1922.08","3","10","{""feature_name"":""<UNNAMED FEATURE>"",""feature_type"":""Unknown Point Feature"",""layer"":""Cabezal de riego"",""feature_description"":""Cabezal de riego"",""feature_layer_name"":""Hidrantes_ddr001.shp"",""index_in_layer"":805}"
"1298","1053","777555.834611","2455013.01029","UNKNOWN","7","2014","0","1929.63","3","10","{""feature_name"":""<UNNAMED FEATURE>"",""feature_type"":""Unknown Point Feature"",""layer"":""Cabezal de riego"",""feature_description"":""Cabezal de riego"",""feature_layer_name"":""Hidrantes_ddr001.shp"",""index_in_layer"":1296}"
"892","1054","782121.467909","2450205.32352","UNKNOWN","10","2010","0","1907.48","1","10","{""feature_name"":""<UNNAMED FEATURE>"",""feature_type"":""Unknown Point Feature"",""layer"":""Cabezal de riego"",""feature_description"":""Cabezal de riego"",""feature_layer_name"":""Hidrantes_ddr001.shp"",""index_in_layer"":890}"
"761","1056","782301.041757","2452929.95149","UNKNOWN","9","2014","0","1902.49","3","10","{""feature_name"":""<UNNAMED FEATURE>"",""feature_type"":""Unknown Point Feature"",""layer"":""Cabezal de riego"",""feature_description"":""Cabezal de riego"",""feature_layer_name"":""Hidrantes_ddr001.shp"",""index_in_layer"":759}"
"850","1062","782369.713096","2450317.06252","UNKNOWN","10","2014","0","1896.64","3","10","{""feature_name"":""<UNNAMED FEATURE>"",""feature_type"":""Unknown Point Feature"",""layer"":""Cabezal de riego"",""feature_description"":""Cabezal de riego"",""feature_layer_name"":""Hidrantes_ddr001.shp"",""index_in_layer"":848}"
"760","1065","781883.087929","2452431.17828","UNKNOWN","9","2010","0","1908.72","3","10","{""feature_name"":""<UNNAMED FEATURE>"",""feature_type"":""Unknown Point Feature"",""layer"":""Cabezal de riego"",""feature_description"":""Cabezal de riego"",""feature_layer_name"":""Hidrantes_ddr001.shp"",""index_in_layer"":758}"
"895","107","782240.695084","2450298.00563","UNKNOWN","10","2010","0","1907.29","1","10","{""feature_name"":""<UNNAMED FEATURE>"",""feature_type"":""Unknown Point Feature"",""layer"":""Cabezal de riego"",""feature_description"":""Cabezal de riego"",""feature_layer_name"":""Hidrantes_ddr001.shp"",""index_in_layer"":893}"
"1178","1072","778503.281249","2459122.92973","UNKNOWN","14","2014","0","1921.85","3","10","{""feature_name"":""<UNNAMED FEATURE>"",""feature_type"":""Unknown Point Feature"",""layer"":""Cabezal de riego"",""feature_description"":""Cabezal de riego"",""feature_layer_name"":""Hidrantes_ddr001.shp"",""index_in_layer"":1176}"
"1176","1073","778376.294288","2459485.903","UNKNOWN","14","2010","0","1921.23","3","10","{""feature_name"":""<UNNAMED FEATURE>"",""feature_type"":""Unknown Point Feature"",""layer"":""Cabezal de riego"",""feature_description"":""Cabezal de riego"",""feature_layer_name"":""Hidrantes_ddr001.shp"",""index_in_layer"":1174}"
"1179","1076","778499.382075","2458982.9038","UNKNOWN","14","2010","0","1924.62","3","10","{""feature_name"":""<UNNAMED FEATURE>"",""feature_type"":""Unknown Point Feature"",""layer"":""Cabezal de riego"",""feature_description"":""Cabezal de riego"",""feature_layer_name"":""Hidrantes_ddr001.shp"",""index_in_layer"":1177}"
"1180","1077","778720.30842","2458831.70849","UNKNOWN","14","2014","0","1922.8","3","10","{""feature_name"":""<UNNAMED FEATURE>"",""feature_type"":""Unknown Point Feature"",""layer"":""Cabezal de riego"",""feature_description"":""Cabezal de riego"",""feature_layer_name"":""Hidrantes_ddr001.shp"",""index_in_layer"":1178}"
"1177","1078","778508.23747","2459111.1612","UNKNOWN","14","2014","0","1921","3","10","{""feature_name"":""<UNNAMED FEATURE>"",""feature_type"":""Unknown Point Feature"",""layer"":""Cabezal de riego"",""feature_description"":""Cabezal de riego"",""feature_layer_name"":""Hidrantes_ddr001.shp"",""index_in_layer"":1175}"
"1182","1079","778799.229035","2459115.57963","UNKNOWN","14","2014","0","1924.76","3","10","{""feature_name"":""<UNNAMED FEATURE>"",""feature_type"":""Unknown Point Feature"",""layer"":""Cabezal de riego"",""feature_description"":""Cabezal de riego"",""feature_layer_name"":""Hidrantes_ddr001.shp"",""index_in_layer"":1180}"
"721","1082","779010.76525","2458548.78243","UNKNOWN","8","2010","0","1925.26","3","10","{""feature_name"":""<UNNAMED FEATURE>"",""feature_type"":""Unknown Point Feature"",""layer"":""Cabezal de riego"",""feature_description"":""Cabezal de riego"",""feature_layer_name"":""Hidrantes_ddr001.shp"",""index_in_layer"":719}"
"720","1083","779079.110686","2458379.24083","UNKNOWN","8","2010","0","1923.21","3","10","{""feature_name"":""<UNNAMED FEATURE>"",""feature_type"":""Unknown Point Feature"",""layer"":""Cabezal de riego"",""feature_description"":""Cabezal de riego"",""feature_layer_name"":""Hidrantes_ddr001.shp"",""index_in_layer"":718}"
"1403","11","774167.77","2450372.431","UNKNOWN","1","","135","1907.52","3","10","{""feature_name"":""<UNNAMED FEATURE>"",""feature_type"":""Unknown Point Feature"",""layer"":""Cabezal de riego"",""feature_description"":""Cabezal de riego"",""feature_layer_name"":""Hidrantes_ddr001.shp"",""index_in_layer"":1401,""invalid_installation_year"":""0""}"
"293","1130","780035.392076","2464425.65713","UNKNOWN","17","2020","0","1938.28","1","10","{""feature_name"":""<UNNAMED FEATURE>"",""feature_type"":""Unknown Point Feature"",""layer"":""Cabezal de riego"",""feature_description"":""Cabezal de riego"",""feature_layer_name"":""Hidrantes_ddr001.shp"",""index_in_layer"":291}"
"1185","1131","778817.743647","2459609.8037","UNKNOWN","14","2014","0","1929.04","3","10","{""feature_name"":""<UNNAMED FEATURE>"",""feature_type"":""Unknown Point Feature"",""layer"":""Cabezal de riego"",""feature_description"":""Cabezal de riego"",""feature_layer_name"":""Hidrantes_ddr001.shp"",""index_in_layer"":1183}"
"724","1133","779196.875971","2459341.0993","UNKNOWN","8","2014","0","1926.8199","3","10","{""feature_name"":""<UNNAMED FEATURE>"",""feature_type"":""Unknown Point Feature"",""layer"":""Cabezal de riego"",""feature_description"":""Cabezal de riego"",""feature_layer_name"":""Hidrantes_ddr001.shp"",""index_in_layer"":722}"
"726","1136","779203.533459","2459718.75941","UNKNOWN","8","2014","0","1929.62","3","10","{""feature_name"":""<UNNAMED FEATURE>"",""feature_type"":""Unknown Point Feature"",""layer"":""Cabezal de riego"",""feature_description"":""Cabezal de riego"",""feature_layer_name"":""Hidrantes_ddr001.shp"",""index_in_layer"":724}"
"725","1137","779209.251752","2459704.78841","UNKNOWN","8","2022","0","1929.7","3","10","{""feature_name"":""<UNNAMED FEATURE>"",""feature_type"":""Unknown Point Feature"",""layer"":""Cabezal de riego"",""feature_description"":""Cabezal de riego"",""feature_layer_name"":""Hidrantes_ddr001.shp"",""index_in_layer"":723}"
"729","1138","779338.325457","2459952.66079","UNKNOWN","8","2014","0","1931.73","3","10","{""feature_name"":""<UNNAMED FEATURE>"",""feature_type"":""Unknown Point Feature"",""layer"":""Cabezal de riego"",""feature_description"":""Cabezal de riego"",""feature_layer_name"":""Hidrantes_ddr001.shp"",""index_in_layer"":727}"
"728","1139","779344.547685","2459950.88834","UNKNOWN","8","2014","0","1931.73","3","10","{""feature_name"":""<UNNAMED FEATURE>"",""feature_type"":""Unknown Point Feature"",""layer"":""Cabezal de riego"",""feature_description"":""Cabezal de riego"",""feature_layer_name"":""Hidrantes_ddr001.shp"",""index_in_layer"":726}"
"730","1140","779669.524837","2460055.88741","UNKNOWN","8","2014","0","1930.2","3","10","{""feature_name"":""<UNNAMED FEATURE>"",""feature_type"":""Unknown Point Feature"",""layer"":""Cabezal de riego"",""feature_description"":""Cabezal de riego"",""feature_layer_name"":""Hidrantes_ddr001.shp"",""index_in_layer"":728}"
"727","1141","779257.413896","2459711.74485","UNKNOWN","8","2014","0","1930.16","3","10","{""feature_name"":""<UNNAMED FEATURE>"",""feature_type"":""Unknown Point Feature"",""layer"":""Cabezal de riego"",""feature_description"":""Cabezal de riego"",""feature_layer_name"":""Hidrantes_ddr001.shp"",""index_in_layer"":725}"
"738","1142","779602.044568","2459140.35432","UNKNOWN","8","2014","0","1932.73","3","10","{""feature_name"":""<UNNAMED FEATURE>"",""feature_type"":""Unknown Point Feature"",""layer"":""Cabezal de riego"",""feature_description"":""Cabezal de riego"",""feature_layer_name"":""Hidrantes_ddr001.shp"",""index_in_layer"":736}"
"734","1143","779634.73856","2459751.63427","UNKNOWN","8","2014","0","1932.39","3","10","{""feature_name"":""<UNNAMED FEATURE>"",""feature_type"":""Unknown Point Feature"",""layer"":""Cabezal de riego"",""feature_description"":""Cabezal de riego"",""feature_layer_name"":""Hidrantes_ddr001.shp"",""index_in_layer"":732}"
"735","1144","779813.402765","2459765.25304","UNKNOWN","8","2014","0","1931.77","3","10","{""feature_name"":""<UNNAMED FEATURE>"",""feature_type"":""Unknown Point Feature"",""layer"":""Cabezal de riego"",""feature_description"":""Cabezal de riego"",""feature_layer_name"":""Hidrantes_ddr001.shp"",""index_in_layer"":733}"
"739","1145","779466.222351","2458975.24803","UNKNOWN","8","2014","0","1931.84","3","10","{""feature_name"":""<UNNAMED FEATURE>"",""feature_type"":""Unknown Point Feature"",""layer"":""Cabezal de riego"",""feature_description"":""Cabezal de riego"",""feature_layer_name"":""Hidrantes_ddr001.shp"",""index_in_layer"":737}"
"737","1146","779607.104748","2459140.11251","UNKNOWN","8","2014","0","1932.38","3","10","{""feature_name"":""<UNNAMED FEATURE>"",""feature_type"":""Unknown Point Feature"",""layer"":""Cabezal de riego"",""feature_description"":""Cabezal de riego"",""feature_layer_name"":""Hidrantes_ddr001.shp"",""index_in_layer"":735}"
"298","1147","780243.462336","2463478.27576","UNKNOWN","17","2010","0","1941.4399","2","10","{""feature_name"":""<UNNAMED FEATURE>"",""feature_type"":""Unknown Point Feature"",""layer"":""Cabezal de riego"",""feature_description"":""Cabezal de riego"",""feature_layer_name"":""Hidrantes_ddr001.shp"",""index_in_layer"":296}"
"451","1148","779175.05753","2460376.14905","UNKNOWN","15","2017","0","1932.15","3","10","{""feature_name"":""<UNNAMED FEATURE>"",""feature_type"":""Unknown Point Feature"",""layer"":""Cabezal de riego"",""feature_description"":""Cabezal de riego"",""feature_layer_name"":""Hidrantes_ddr001.shp"",""index_in_layer"":449}"
"450","1149","779208.741617","2460523.24721","UNKNOWN","15","2017","0","1932.62","3","10","{""feature_name"":""<UNNAMED FEATURE>"",""feature_type"":""Unknown Point Feature"",""layer"":""Cabezal de riego"",""feature_description"":""Cabezal de riego"",""feature_layer_name"":""Hidrantes_ddr001.shp"",""index_in_layer"":448}"
"452","1150","779595.548877","2460568.2945","UNKNOWN","15","2017","0","1933.12","2","10","{""feature_name"":""<UNNAMED FEATURE>"",""feature_type"":""Unknown Point Feature"",""layer"":""Cabezal de riego"",""feature_description"":""Cabezal de riego"",""feature_layer_name"":""Hidrantes_ddr001.shp"",""index_in_layer"":450}"
"453","1151","779759.883811","2460770.5949","UNKNOWN","15","2017","0","1936.36","3","10","{""feature_name"":""<UNNAMED FEATURE>"",""feature_type"":""Unknown Point Feature"",""layer"":""Cabezal de riego"",""feature_description"":""Cabezal de riego"",""feature_layer_name"":""Hidrantes_ddr001.shp"",""index_in_layer"":451}"
"463","1152","780050.925714","2460787.89588","UNKNOWN","15","2022","0","1929.15","0","10","{""feature_name"":""<UNNAMED FEATURE>"",""feature_type"":""Unknown Point Feature"",""layer"":""Cabezal de riego"",""feature_description"":""Cabezal de riego"",""feature_layer_name"":""Hidrantes_ddr001.shp"",""index_in_layer"":461}"
"294","1153","780055.94415","2464269.33462","UNKNOWN","17","2020","0","1939.23","3","10","{""feature_name"":""<UNNAMED FEATURE>"",""feature_type"":""Unknown Point Feature"",""layer"":""Cabezal de riego"",""feature_description"":""Cabezal de riego"",""feature_layer_name"":""Hidrantes_ddr001.shp"",""index_in_layer"":292}"
"461","1155","780307.082587","2460788.72899","UNKNOWN","15","2017","0","1926.04","3","10","{""feature_name"":""<UNNAMED FEATURE>"",""feature_type"":""Unknown Point Feature"",""layer"":""Cabezal de riego"",""feature_description"":""Cabezal de riego"",""feature_layer_name"":""Hidrantes_ddr001.shp"",""index_in_layer"":459}"
"1145","1156","778618.069412","2457604.7392","UNKNOWN","14","2014","0","1926.5","3","10","{""feature_name"":""<UNNAMED FEATURE>"",""feature_type"":""Unknown Point Feature"",""layer"":""Cabezal de riego"",""feature_description"":""Cabezal de riego"",""feature_layer_name"":""Hidrantes_ddr001.shp"",""index_in_layer"":1143}"
"733","1157","779814.985376","2459935.93486","UNKNOWN","8","2014","0","1931.24","3","10","{""feature_name"":""<UNNAMED FEATURE>"",""feature_type"":""Unknown Point Feature"",""layer"":""Cabezal de riego"",""feature_description"":""Cabezal de riego"",""feature_layer_name"":""Hidrantes_ddr001.shp"",""index_in_layer"":731}"
"742","1161","780011.190376","2458919.8542","UNKNOWN","8","2014","0","1932.79","3","10","{""feature_name"":""<UNNAMED FEATURE>"",""feature_type"":""Unknown Point Feature"",""layer"":""Cabezal de riego"",""feature_description"":""Cabezal de riego"",""feature_layer_name"":""Hidrantes_ddr001.shp"",""index_in_layer"":740}"
"741","1164","779900.338968","2458904.45799","UNKNOWN","8","2010","0","1933.26","3","10","{""feature_name"":""<UNNAMED FEATURE>"",""feature_type"":""Unknown Point Feature"",""layer"":""Cabezal de riego"",""feature_description"":""Cabezal de riego"",""feature_layer_name"":""Hidrantes_ddr001.shp"",""index_in_layer"":739}"
"751","1165","780325.094607","2458947.31765","UNKNOWN","8","2014","0","1924.21","3","10","{""feature_name"":""<UNNAMED FEATURE>"",""feature_type"":""Unknown Point Feature"",""layer"":""Cabezal de riego"",""feature_description"":""Cabezal de riego"",""feature_layer_name"":""Hidrantes_ddr001.shp"",""index_in_layer"":749}"
"744","1166","780346.78389","2458492.14975","UNKNOWN","8","2014","0","1932.02","3","10","{""feature_name"":""<UNNAMED FEATURE>"",""feature_type"":""Unknown Point Feature"",""layer"":""Cabezal de riego"",""feature_description"":""Cabezal de riego"",""feature_layer_name"":""Hidrantes_ddr001.shp"",""index_in_layer"":742}"
"743","1167","780190.276873","2458467.73202","UNKNOWN","8","2010","0","1930.5601","3","10","{""feature_name"":""<UNNAMED FEATURE>"",""feature_type"":""Unknown Point Feature"",""layer"":""Cabezal de riego"",""feature_description"":""Cabezal de riego"",""feature_layer_name"":""Hidrantes_ddr001.shp"",""index_in_layer"":741}"
"449","1168","779274.917229","2460768.66474","UNKNOWN","15","2017","0","1931.29","3","10","{""feature_name"":""<UNNAMED FEATURE>"",""feature_type"":""Unknown Point Feature"",""layer"":""Cabezal de riego"",""feature_description"":""Cabezal de riego"",""feature_layer_name"":""Hidrantes_ddr001.shp"",""index_in_layer"":447}"
"448","1169","779401.163424","2461300.39337","UNKNOWN","15","2017","0","1922.13","3","10","{""feature_name"":""<UNNAMED FEATURE>"",""feature_type"":""Unknown Point Feature"",""layer"":""Cabezal de riego"",""feature_description"":""Cabezal de riego"",""feature_layer_name"":""Hidrantes_ddr001.shp"",""index_in_layer"":446}"
"881","117","782243.207333","2450061.01811","UNKNOWN","10","2010","0","1895.01","1","10","{""feature_name"":""<UNNAMED FEATURE>"",""feature_type"":""Unknown Point Feature"",""layer"":""Cabezal de riego"",""feature_description"":""Cabezal de riego"",""feature_layer_name"":""Hidrantes_ddr001.shp"",""index_in_layer"":879}"
"465","1171","779481.313622","2461421.84086","UNKNOWN","15","2017","0","1934.1","3","10","{""feature_name"":""<UNNAMED FEATURE>"",""feature_type"":""Unknown Point Feature"",""layer"":""Cabezal de riego"",""feature_description"":""Cabezal de riego"",""feature_layer_name"":""Hidrantes_ddr001.shp"",""index_in_layer"":463}"
"454","1172","779501.01898","2460874.88454","UNKNOWN","15","2017","0","1938.77","3","10","{""feature_name"":""<UNNAMED FEATURE>"",""feature_type"":""Unknown Point Feature"",""layer"":""Cabezal de riego"",""feature_description"":""Cabezal de riego"",""feature_layer_name"":""Hidrantes_ddr001.shp"",""index_in_layer"":452}"
"457","1173","779717.076176","2461368.44451","UNKNOWN","15","2017","0","1933.75","3","10","{""feature_name"":""<UNNAMED FEATURE>"",""feature_type"":""Unknown Point Feature"",""layer"":""Cabezal de riego"",""feature_description"":""Cabezal de riego"",""feature_layer_name"":""Hidrantes_ddr001.shp"",""index_in_layer"":455}"
"456","1174","779688.75986","2461181.32586","UNKNOWN","15","2014","0","1938.42","1","10","{""feature_name"":""<UNNAMED FEATURE>"",""feature_type"":""Unknown Point Feature"",""layer"":""Cabezal de riego"",""feature_description"":""Cabezal de riego"",""feature_layer_name"":""Hidrantes_ddr001.shp"",""index_in_layer"":454}"
"470","1175","779713.426263","2461566.18213","UNKNOWN","15","2014","0","1927.49","3","10","{""feature_name"":""<UNNAMED FEATURE>"",""feature_type"":""Unknown Point Feature"",""layer"":""Cabezal de riego"",""feature_description"":""Cabezal de riego"",""feature_layer_name"":""Hidrantes_ddr001.shp"",""index_in_layer"":468}"
"469","1176","779728.234092","2461551.59867","UNKNOWN","15","2017","0","1927.02","3","10","{""feature_name"":""<UNNAMED FEATURE>"",""feature_type"":""Unknown Point Feature"",""layer"":""Cabezal de riego"",""feature_description"":""Cabezal de riego"",""feature_layer_name"":""Hidrantes_ddr001.shp"",""index_in_layer"":467}"
"487","1177","781332.658978","2461792.11936","UNKNOWN","15","2017","0","1924.24","3","10","{""feature_name"":""<UNNAMED FEATURE>"",""feature_type"":""Unknown Point Feature"",""layer"":""Cabezal de riego"",""feature_description"":""Cabezal de riego"",""feature_layer_name"":""Hidrantes_ddr001.shp"",""index_in_layer"":485}"
"479","1179","779830.887089","2462195.16555","UNKNOWN","15","2017","0","1931.65","3","10","{""feature_name"":""<UNNAMED FEATURE>"",""feature_type"":""Unknown Point Feature"",""layer"":""Cabezal de riego"",""feature_description"":""Cabezal de riego"",""feature_layer_name"":""Hidrantes_ddr001.shp"",""index_in_layer"":477}"
"474","1180","780159.613858","2461939.43651","UNKNOWN","15","2017","0","1929.25","3","10","{""feature_name"":""<UNNAMED FEATURE>"",""feature_type"":""Unknown Point Feature"",""layer"":""Cabezal de riego"",""feature_description"":""Cabezal de riego"",""feature_layer_name"":""Hidrantes_ddr001.shp"",""index_in_layer"":472}"
"477","1181","779981.04971","2462249.05793","UNKNOWN","15","2017","0","1931.54","3","10","{""feature_name"":""<UNNAMED FEATURE>"",""feature_type"":""Unknown Point Feature"",""layer"":""Cabezal de riego"",""feature_description"":""Cabezal de riego"",""feature_layer_name"":""Hidrantes_ddr001.shp"",""index_in_layer"":475}"
"475","1182","780104.706867","2462256.5984","UNKNOWN","15","2017","0","1930.05","3","10","{""feature_name"":""<UNNAMED FEATURE>"",""feature_type"":""Unknown Point Feature"",""layer"":""Cabezal de riego"",""feature_description"":""Cabezal de riego"",""feature_layer_name"":""Hidrantes_ddr001.shp"",""index_in_layer"":473}"
"480","1183","780538.857677","2462001.55234","UNKNOWN","15","","0","1923.0699","0","10","{""feature_name"":""<UNNAMED FEATURE>"",""feature_type"":""Unknown Point Feature"",""layer"":""Cabezal de riego"",""feature_description"":""Cabezal de riego"",""feature_layer_name"":""Hidrantes_ddr001.shp"",""index_in_layer"":478,""invalid_installation_year"":""0""}"
"458","1185","780082.467656","2461386.97039","UNKNOWN","15","2017","0","1932.53","3","10","{""feature_name"":""<UNNAMED FEATURE>"",""feature_type"":""Unknown Point Feature"",""layer"":""Cabezal de riego"",""feature_description"":""Cabezal de riego"",""feature_layer_name"":""Hidrantes_ddr001.shp"",""index_in_layer"":456}"
"471","1186","780079.037489","2461440.09968","UNKNOWN","15","2014","0","1927.33","3","10","{""feature_name"":""<UNNAMED FEATURE>"",""feature_type"":""Unknown Point Feature"",""layer"":""Cabezal de riego"",""feature_description"":""Cabezal de riego"",""feature_layer_name"":""Hidrantes_ddr001.shp"",""index_in_layer"":469}"
"472","1187","779982.502049","2461771.80651","UNKNOWN","15","2010","0","1928.72","3","10","{""feature_name"":""<UNNAMED FEATURE>"",""feature_type"":""Unknown Point Feature"",""layer"":""Cabezal de riego"",""feature_description"":""Cabezal de riego"",""feature_layer_name"":""Hidrantes_ddr001.shp"",""index_in_layer"":470}"
"545","1189","781313.969684","2459281.14942","UNKNOWN","15","2010","0","1929.53","2","10","{""feature_name"":""<UNNAMED FEATURE>"",""feature_type"":""Unknown Point Feature"",""layer"":""Cabezal de riego"",""feature_description"":""Cabezal de riego"",""feature_layer_name"":""Hidrantes_ddr001.shp"",""index_in_layer"":543}"
"482","1191","780588.422005","2461339.66055","UNKNOWN","15","2017","0","1925.71","3","10","{""feature_name"":""<UNNAMED FEATURE>"",""feature_type"":""Unknown Point Feature"",""layer"":""Cabezal de riego"",""feature_description"":""Cabezal de riego"",""feature_layer_name"":""Hidrantes_ddr001.shp"",""index_in_layer"":480}"
"531","1192","780760.636325","2460799.32344","UNKNOWN","15","2017","0","1928.52","3","10","{""feature_name"":""<UNNAMED FEATURE>"",""feature_type"":""Unknown Point Feature"",""layer"":""Cabezal de riego"",""feature_description"":""Cabezal de riego"",""feature_layer_name"":""Hidrantes_ddr001.shp"",""index_in_layer"":529}"
"483","1193","780679.161876","2461319.35201","UNKNOWN","15","2017","0","1924.47","2","10","{""feature_name"":""<UNNAMED FEATURE>"",""feature_type"":""Unknown Point Feature"",""layer"":""Cabezal de riego"",""feature_description"":""Cabezal de riego"",""feature_layer_name"":""Hidrantes_ddr001.shp"",""index_in_layer"":481}"
"504","1194","780886.972599","2461306.13869","UNKNOWN","15","2017","0","1925.86","3","10","{""feature_name"":""<UNNAMED FEATURE>"",""feature_type"":""Unknown Point Feature"",""layer"":""Cabezal de riego"",""feature_description"":""Cabezal de riego"",""feature_layer_name"":""Hidrantes_ddr001.shp"",""index_in_layer"":502}"
"528","1195","780847.020025","2460918.00987","UNKNOWN","15","2017","0","1926.79","3","10","{""feature_name"":""<UNNAMED FEATURE>"",""feature_type"":""Unknown Point Feature"",""layer"":""Cabezal de riego"",""feature_description"":""Cabezal de riego"",""feature_layer_name"":""Hidrantes_ddr001.shp"",""index_in_layer"":526}"
"527","1196","780987.01943","2460981.14702","UNKNOWN","15","2017","0","1924.77","3","10","{""feature_name"":""<UNNAMED FEATURE>"",""feature_type"":""Unknown Point Feature"",""layer"":""Cabezal de riego"",""feature_description"":""Cabezal de riego"",""feature_layer_name"":""Hidrantes_ddr001.shp"",""index_in_layer"":525}"
"503","1197","781122.901537","2461329.89314","UNKNOWN","15","2017","0","1925.13","3","10","{""feature_name"":""<UNNAMED FEATURE>"",""feature_type"":""Unknown Point Feature"",""layer"":""Cabezal de riego"",""feature_description"":""Cabezal de riego"",""feature_layer_name"":""Hidrantes_ddr001.shp"",""index_in_layer"":501}"
"525","1198","781149.769234","2460846.66874","UNKNOWN","15","2017","0","1923.1899","3","10","{""feature_name"":""<UNNAMED FEATURE>"",""feature_type"":""Unknown Point Feature"",""layer"":""Cabezal de riego"",""feature_description"":""Cabezal de riego"",""feature_layer_name"":""Hidrantes_ddr001.shp"",""index_in_layer"":523}"
"502","1199","781264.890054","2461328.24223","UNKNOWN","15","2017","0","1924.9399","3","10","{""feature_name"":""<UNNAMED FEATURE>"",""feature_type"":""Unknown Point Feature"",""layer"":""Cabezal de riego"",""feature_description"":""Cabezal de riego"",""feature_layer_name"":""Hidrantes_ddr001.shp"",""index_in_layer"":500}"
"481","1201","780570.754454","2461564.74003","UNKNOWN","15","2017","0","1925.1801","3","10","{""feature_name"":""<UNNAMED FEATURE>"",""feature_type"":""Unknown Point Feature"",""layer"":""Cabezal de riego"",""feature_description"":""Cabezal de riego"",""feature_layer_name"":""Hidrantes_ddr001.shp"",""index_in_layer"":479}"
"237","1202","782001.931","2462354.207","UNKNOWN","17","2017","0","1923.83","3","10","{""feature_name"":""<UNNAMED FEATURE>"",""feature_type"":""Unknown Point Feature"",""layer"":""Cabezal de riego"",""feature_description"":""Cabezal de riego"",""feature_layer_name"":""Hidrantes_ddr001.shp"",""index_in_layer"":235}"
"484","1203","781196.203484","2461767.49483","UNKNOWN","15","2017","0","1923.71","3","10","{""feature_name"":""<UNNAMED FEATURE>"",""feature_type"":""Unknown Point Feature"",""layer"":""Cabezal de riego"",""feature_description"":""Cabezal de riego"",""feature_layer_name"":""Hidrantes_ddr001.shp"",""index_in_layer"":482}"
"473","1204","780035.821176","2461899.09242","UNKNOWN","15","2010","0","1929.98","2","10","{""feature_name"":""<UNNAMED FEATURE>"",""feature_type"":""Unknown Point Feature"",""layer"":""Cabezal de riego"",""feature_description"":""Cabezal de riego"",""feature_layer_name"":""Hidrantes_ddr001.shp"",""index_in_layer"":471}"
"508","1206","781602.333011","2461557.84694","UNKNOWN","15","","0","1926.88","0","10","{""feature_name"":""<UNNAMED FEATURE>"",""feature_type"":""Unknown Point Feature"",""layer"":""Cabezal de riego"",""feature_description"":""Cabezal de riego"",""feature_layer_name"":""Hidrantes_ddr001.shp"",""index_in_layer"":506,""invalid_installation_year"":""0""}"
"492","1209","781925.103475","2461856.67663","UNKNOWN","15","2017","0","1926.96","3","10","{""feature_name"":""<UNNAMED FEATURE>"",""feature_type"":""Unknown Point Feature"",""layer"":""Cabezal de riego"",""feature_description"":""Cabezal de riego"",""feature_layer_name"":""Hidrantes_ddr001.shp"",""index_in_layer"":490}"
"493","1210","782059.423168","2461799.7084","UNKNOWN","15","2017","0","1927.05","3","10","{""feature_name"":""<UNNAMED FEATURE>"",""feature_type"":""Unknown Point Feature"",""layer"":""Cabezal de riego"",""feature_description"":""Cabezal de riego"",""feature_layer_name"":""Hidrantes_ddr001.shp"",""index_in_layer"":491}"
"491","1212","781615.923609","2461930.65507","UNKNOWN","15","2017","0","1925.96","3","20","{""feature_name"":""<UNNAMED FEATURE>"",""feature_type"":""Unknown Point Feature"",""layer"":""Cabezal de riego"",""feature_description"":""Cabezal de riego"",""feature_layer_name"":""Hidrantes_ddr001.shp"",""index_in_layer"":489}"
"1933","1213","782001.931","2462354.207","UNKNOWN","17","2017","0","1923.83","3","10","{""feature_name"":""<UNNAMED FEATURE>"",""feature_type"":""Unknown Point Feature"",""layer"":""Cabezal de riego"",""feature_description"":""Cabezal de riego"",""feature_layer_name"":""Hidrantes_ddr001.shp"",""index_in_layer"":1931}"
"515","1214","782427.428225","2460904.54532","UNKNOWN","15","2017","0","1862.6","3","10","{""feature_name"":""<UNNAMED FEATURE>"",""feature_type"":""Unknown Point Feature"",""layer"":""Cabezal de riego"",""feature_description"":""Cabezal de riego"",""feature_layer_name"":""Hidrantes_ddr001.shp"",""index_in_layer"":513}"
"499","1215","781548.726506","2461367.0517","UNKNOWN","15","2017","0","1925.42","3","10","{""feature_name"":""<UNNAMED FEATURE>"",""feature_type"":""Unknown Point Feature"",""layer"":""Cabezal de riego"",""feature_description"":""Cabezal de riego"",""feature_layer_name"":""Hidrantes_ddr001.shp"",""index_in_layer"":497}"
"490","1216","781621.493144","2461827.91859","UNKNOWN","15","2017","0","1925.0699","3","10","{""feature_name"":""<UNNAMED FEATURE>"",""feature_type"":""Unknown Point Feature"",""layer"":""Cabezal de riego"",""feature_description"":""Cabezal de riego"",""feature_layer_name"":""Hidrantes_ddr001.shp"",""index_in_layer"":488}"
"486","1217","781229.122308","2462150.18029","UNKNOWN","15","2017","0","1921.27","3","10","{""feature_name"":""<UNNAMED FEATURE>"",""feature_type"":""Unknown Point Feature"",""layer"":""Cabezal de riego"",""feature_description"":""Cabezal de riego"",""feature_layer_name"":""Hidrantes_ddr001.shp"",""index_in_layer"":484}"
"238","1218","782126.32475","2462218.80699","UNKNOWN","17","2017","0","1921.7","3","10","{""feature_name"":""<UNNAMED FEATURE>"",""feature_type"":""Unknown Point Feature"",""layer"":""Cabezal de riego"",""feature_description"":""Cabezal de riego"",""feature_layer_name"":""Hidrantes_ddr001.shp"",""index_in_layer"":236}"
"599","1219","782189.391451","2459741.87647","UNKNOWN","15","2017","0","1917.26","2","10","{""feature_name"":""<UNNAMED FEATURE>"",""feature_type"":""Unknown Point Feature"",""layer"":""Cabezal de riego"",""feature_description"":""Cabezal de riego"",""feature_layer_name"":""Hidrantes_ddr001.shp"",""index_in_layer"":597}"
"322","1220","782526.83674","2462359.26193","UNKNOWN","17","","0","1918.9399","0","10","{""feature_name"":""<UNNAMED FEATURE>"",""feature_type"":""Unknown Point Feature"",""layer"":""Cabezal de riego"",""feature_description"":""Cabezal de riego"",""feature_layer_name"":""Hidrantes_ddr001.shp"",""index_in_layer"":320,""invalid_installation_year"":""0""}"
"233","1221","782814.430091","2462081.89372","UNKNOWN","17","2017","0","1913.16","1","10","{""feature_name"":""<UNNAMED FEATURE>"",""feature_type"":""Unknown Point Feature"",""layer"":""Cabezal de riego"",""feature_description"":""Cabezal de riego"",""feature_layer_name"":""Hidrantes_ddr001.shp"",""index_in_layer"":231}"
"231","1222","782812.542502","2461827.6455","UNKNOWN","17","2017","0","1909.3199","3","10","{""feature_name"":""<UNNAMED FEATURE>"",""feature_type"":""Unknown Point Feature"",""layer"":""Cabezal de riego"",""feature_description"":""Cabezal de riego"",""feature_layer_name"":""Hidrantes_ddr001.shp"",""index_in_layer"":229}"
"234","1223","782742.065145","2462101.048","UNKNOWN","17","2018","0","1915.77","3","10","{""feature_name"":""<UNNAMED FEATURE>"",""feature_type"":""Unknown Point Feature"",""layer"":""Cabezal de riego"",""feature_description"":""Cabezal de riego"",""feature_layer_name"":""Hidrantes_ddr001.shp"",""index_in_layer"":232}"
"1934","1224","782737.533968","2461797.97753","UNKNOWN","17","2017","0","1909.3199","3","10","{""feature_name"":""<UNNAMED FEATURE>"",""feature_type"":""Unknown Point Feature"",""layer"":""Cabezal de riego"",""feature_description"":""Cabezal de riego"",""feature_layer_name"":""Hidrantes_ddr001.shp"",""index_in_layer"":1932}"
"232","1225","782821.478401","2461949.26291","UNKNOWN","17","2017","0","1911.41","1","10","{""feature_name"":""<UNNAMED FEATURE>"",""feature_type"":""Unknown Point Feature"",""layer"":""Cabezal de riego"",""feature_description"":""Cabezal de riego"",""feature_layer_name"":""Hidrantes_ddr001.shp"",""index_in_layer"":230}"
"230","1226","782755.17039","2461589.3462","UNKNOWN","17","2017","0","1894.16","1","10","{""feature_name"":""<UNNAMED FEATURE>"",""feature_type"":""Unknown Point Feature"",""layer"":""Cabezal de riego"",""feature_description"":""Cabezal de riego"",""feature_layer_name"":""Hidrantes_ddr001.shp"",""index_in_layer"":228}"
"498","1227","781687.496394","2461389.3936","UNKNOWN","15","2017","0","1912.75","1","10","{""feature_name"":""<UNNAMED FEATURE>"",""feature_type"":""Unknown Point Feature"",""layer"":""Cabezal de riego"",""feature_description"":""Cabezal de riego"",""feature_layer_name"":""Hidrantes_ddr001.shp"",""index_in_layer"":496}"
"519","1228","781858.759013","2460892.48646","UNKNOWN","15","2017","0","1918.13","3","10","{""feature_name"":""<UNNAMED FEATURE>"",""feature_type"":""Unknown Point Feature"",""layer"":""Cabezal de riego"",""feature_description"":""Cabezal de riego"",""feature_layer_name"":""Hidrantes_ddr001.shp"",""index_in_layer"":517}"
"495","1231","782253.380122","2461451.70871","UNKNOWN","15","2017","0","1920.63","3","20","{""feature_name"":""<UNNAMED FEATURE>"",""feature_type"":""Unknown Point Feature"",""layer"":""Cabezal de riego"",""feature_description"":""Cabezal de riego"",""feature_layer_name"":""Hidrantes_ddr001.shp"",""index_in_layer"":493}"
"494","1232","782379.31479","2461356.69169","UNKNOWN","15","2017","0","1925.4399","3","20","{""feature_name"":""<UNNAMED FEATURE>"",""feature_type"":""Unknown Point Feature"",""layer"":""Cabezal de riego"",""feature_description"":""Cabezal de riego"",""feature_layer_name"":""Hidrantes_ddr001.shp"",""index_in_layer"":492}"
"513","1233","782677.893104","2461134.26162","UNKNOWN","15","2017","0","1911.36","3","20","{""feature_name"":""<UNNAMED FEATURE>"",""feature_type"":""Unknown Point Feature"",""layer"":""Cabezal de riego"",""feature_description"":""Cabezal de riego"",""feature_layer_name"":""Hidrantes_ddr001.shp"",""index_in_layer"":511}"
"514","1234","782652.009302","2460843.23135","UNKNOWN","15","2017","0","1911.1801","3","20","{""feature_name"":""<UNNAMED FEATURE>"",""feature_type"":""Unknown Point Feature"",""layer"":""Cabezal de riego"",""feature_description"":""Cabezal de riego"",""feature_layer_name"":""Hidrantes_ddr001.shp"",""index_in_layer"":512}"
"236","1235","782407.691325","2462461.38142","UNKNOWN","17","2018","0","1920.23","3","10","{""feature_name"":""<UNNAMED FEATURE>"",""feature_type"":""Unknown Point Feature"",""layer"":""Cabezal de riego"",""feature_description"":""Cabezal de riego"",""feature_layer_name"":""Hidrantes_ddr001.shp"",""index_in_layer"":234}"
"530","1236","780849.134186","2460640.12398","UNKNOWN","15","2017","0","1900.75","3","10","{""feature_name"":""<UNNAMED FEATURE>"",""feature_type"":""Unknown Point Feature"",""layer"":""Cabezal de riego"",""feature_description"":""Cabezal de riego"",""feature_layer_name"":""Hidrantes_ddr001.shp"",""index_in_layer"":528}"
"529","1237","780872.119566","2460566.84583","UNKNOWN","15","2017","0","1926.24","3","10","{""feature_name"":""<UNNAMED FEATURE>"",""feature_type"":""Unknown Point Feature"",""layer"":""Cabezal de riego"",""feature_description"":""Cabezal de riego"",""feature_layer_name"":""Hidrantes_ddr001.shp"",""index_in_layer"":527}"
"526","1238","781096.022721","2460829.18867","UNKNOWN","15","2014","0","1924.54","3","10","{""feature_name"":""<UNNAMED FEATURE>"",""feature_type"":""Unknown Point Feature"",""layer"":""Cabezal de riego"",""feature_description"":""Cabezal de riego"",""feature_layer_name"":""Hidrantes_ddr001.shp"",""index_in_layer"":524}"
"524","1239","781173.580071","2460830.69725","UNKNOWN","15","2017","0","1921.92","3","10","{""feature_name"":""<UNNAMED FEATURE>"",""feature_type"":""Unknown Point Feature"",""layer"":""Cabezal de riego"",""feature_description"":""Cabezal de riego"",""feature_layer_name"":""Hidrantes_ddr001.shp"",""index_in_layer"":522}"
"523","1240","781351.133379","2460848.08301","UNKNOWN","15","2017","0","1921.0601","3","10","{""feature_name"":""<UNNAMED FEATURE>"",""feature_type"":""Unknown Point Feature"",""layer"":""Cabezal de riego"",""feature_description"":""Cabezal de riego"",""feature_layer_name"":""Hidrantes_ddr001.shp"",""index_in_layer"":521}"
"522","1241","781532.936004","2460858.67696","UNKNOWN","15","2017","0","1919.88","2","10","{""feature_name"":""<UNNAMED FEATURE>"",""feature_type"":""Unknown Point Feature"",""layer"":""Cabezal de riego"",""feature_description"":""Cabezal de riego"",""feature_layer_name"":""Hidrantes_ddr001.shp"",""index_in_layer"":520}"
"520","1242","781911.800112","2460783.40474","UNKNOWN","15","2017","0","1918.58","3","10","{""feature_name"":""<UNNAMED FEATURE>"",""feature_type"":""Unknown Point Feature"",""layer"":""Cabezal de riego"",""feature_description"":""Cabezal de riego"",""feature_layer_name"":""Hidrantes_ddr001.shp"",""index_in_layer"":518}"
"521","1243","781918.384946","2460784.41027","UNKNOWN","15","2017","0","1919.6801","3","10","{""feature_name"":""<UNNAMED FEATURE>"",""feature_type"":""Unknown Point Feature"",""layer"":""Cabezal de riego"",""feature_description"":""Cabezal de riego"",""feature_layer_name"":""Hidrantes_ddr001.shp"",""index_in_layer"":519}"
"516","1244","782204.250211","2460888.42715","UNKNOWN","15","2017","0","1921.01","3","10","{""feature_name"":""<UNNAMED FEATURE>"",""feature_type"":""Unknown Point Feature"",""layer"":""Cabezal de riego"",""feature_description"":""Cabezal de riego"",""feature_layer_name"":""Hidrantes_ddr001.shp"",""index_in_layer"":514}"
"500","1245","781407.67062","2461351.31878","UNKNOWN","15","2017","0","1924.73","3","20","{""feature_name"":""<UNNAMED FEATURE>"",""feature_type"":""Unknown Point Feature"",""layer"":""Cabezal de riego"",""feature_description"":""Cabezal de riego"",""feature_layer_name"":""Hidrantes_ddr001.shp"",""index_in_layer"":498}"
"533","1250","780705.167942","2459856.73199","UNKNOWN","15","2017","0","1925.71","3","10","{""feature_name"":""<UNNAMED FEATURE>"",""feature_type"":""Unknown Point Feature"",""layer"":""Cabezal de riego"",""feature_description"":""Cabezal de riego"",""feature_layer_name"":""Hidrantes_ddr001.shp"",""index_in_layer"":531}"
"579","1251","781316.741995","2459373.50843","UNKNOWN","15","2017","0","1924.6899","3","10","{""feature_name"":""<UNNAMED FEATURE>"",""feature_type"":""Unknown Point Feature"",""layer"":""Cabezal de riego"",""feature_description"":""Cabezal de riego"",""feature_layer_name"":""Hidrantes_ddr001.shp"",""index_in_layer"":577}"
"584","1253","781625.796879","2460160.99574","UNKNOWN","15","2017","0","1922.8199","3","10","{""feature_name"":""<UNNAMED FEATURE>"",""feature_type"":""Unknown Point Feature"",""layer"":""Cabezal de riego"",""feature_description"":""Cabezal de riego"",""feature_layer_name"":""Hidrantes_ddr001.shp"",""index_in_layer"":582}"
"590","1254","782005.736937","2459992.87934","UNKNOWN","15","2017","0","1926.08","3","10","{""feature_name"":""<UNNAMED FEATURE>"",""feature_type"":""Unknown Point Feature"",""layer"":""Cabezal de riego"",""feature_description"":""Cabezal de riego"",""feature_layer_name"":""Hidrantes_ddr001.shp"",""index_in_layer"":588}"
"589","1255","781890.187052","2459986.69144","UNKNOWN","15","2017","0","1927.55","3","10","{""feature_name"":""<UNNAMED FEATURE>"",""feature_type"":""Unknown Point Feature"",""layer"":""Cabezal de riego"",""feature_description"":""Cabezal de riego"",""feature_layer_name"":""Hidrantes_ddr001.shp"",""index_in_layer"":587}"
"591","1257","782185.076915","2459934.84001","UNKNOWN","15","2017","0","1922.66","2","10","{""feature_name"":""<UNNAMED FEATURE>"",""feature_type"":""Unknown Point Feature"",""layer"":""Cabezal de riego"",""feature_description"":""Cabezal de riego"",""feature_layer_name"":""Hidrantes_ddr001.shp"",""index_in_layer"":589}"
"587","1258","781769.820311","2459972.99279","UNKNOWN","15","2022","0","1924.01","2","10","{""feature_name"":""<UNNAMED FEATURE>"",""feature_type"":""Unknown Point Feature"",""layer"":""Cabezal de riego"",""feature_description"":""Cabezal de riego"",""feature_layer_name"":""Hidrantes_ddr001.shp"",""index_in_layer"":585}"
"586","1262","781911.122349","2459730.19861","UNKNOWN","15","2014","0","1924.55","3","10","{""feature_name"":""<UNNAMED FEATURE>"",""feature_type"":""Unknown Point Feature"",""layer"":""Cabezal de riego"",""feature_description"":""Cabezal de riego"",""feature_layer_name"":""Hidrantes_ddr001.shp"",""index_in_layer"":584}"
"578","1266","781290.701483","2459679.11072","UNKNOWN","15","2017","0","1924.05","3","10","{""feature_name"":""<UNNAMED FEATURE>"",""feature_type"":""Unknown Point Feature"",""layer"":""Cabezal de riego"",""feature_description"":""Cabezal de riego"",""feature_layer_name"":""Hidrantes_ddr001.shp"",""index_in_layer"":576}"
"592","1267","782418.219524","2459954.12853","UNKNOWN","15","2017","0","1920.51","3","10","{""feature_name"":""<UNNAMED FEATURE>"",""feature_type"":""Unknown Point Feature"",""layer"":""Cabezal de riego"",""feature_description"":""Cabezal de riego"",""feature_layer_name"":""Hidrantes_ddr001.shp"",""index_in_layer"":590}"
"608","1268","782404.275314","2459755.40429","UNKNOWN","15","2010","0","1926.24","3","10","{""feature_name"":""<UNNAMED FEATURE>"",""feature_type"":""Unknown Point Feature"",""layer"":""Cabezal de riego"",""feature_description"":""Cabezal de riego"",""feature_layer_name"":""Hidrantes_ddr001.shp"",""index_in_layer"":606}"
"600","1269","782188.79362","2459734.99507","UNKNOWN","15","2017","0","1918.1801","3","10","{""feature_name"":""<UNNAMED FEATURE>"",""feature_type"":""Unknown Point Feature"",""layer"":""Cabezal de riego"",""feature_description"":""Cabezal de riego"",""feature_layer_name"":""Hidrantes_ddr001.shp"",""index_in_layer"":598}"
"605","1270","782354.58997","2459695.77274","UNKNOWN","15","2017","0","1924.9301","3","10","{""feature_name"":""<UNNAMED FEATURE>"",""feature_type"":""Unknown Point Feature"",""layer"":""Cabezal de riego"",""feature_description"":""Cabezal de riego"",""feature_layer_name"":""Hidrantes_ddr001.shp"",""index_in_layer"":603}"
"603","1271","782351.881967","2459623.02835","UNKNOWN","15","2017","0","1924.13","3","20","{""feature_name"":""<UNNAMED FEATURE>"",""feature_type"":""Unknown Point Feature"",""layer"":""Cabezal de riego"",""feature_description"":""Cabezal de riego"",""feature_layer_name"":""Hidrantes_ddr001.shp"",""index_in_layer"":601}"
"604","1272","782362.293863","2459612.13509","UNKNOWN","15","2017","0","1924.36","2","10","{""feature_name"":""<UNNAMED FEATURE>"",""feature_type"":""Unknown Point Feature"",""layer"":""Cabezal de riego"",""feature_description"":""Cabezal de riego"",""feature_layer_name"":""Hidrantes_ddr001.shp"",""index_in_layer"":602}"
"613","1273","782751.799318","2460027.87796","UNKNOWN","15","2017","0","1909.3","3","10","{""feature_name"":""<UNNAMED FEATURE>"",""feature_type"":""Unknown Point Feature"",""layer"":""Cabezal de riego"",""feature_description"":""Cabezal de riego"",""feature_layer_name"":""Hidrantes_ddr001.shp"",""index_in_layer"":611}"
"609","1274","782821.165966","2459826.89465","UNKNOWN","15","2022","0","1921.1899","3","10","{""feature_name"":""<UNNAMED FEATURE>"",""feature_type"":""Unknown Point Feature"",""layer"":""Cabezal de riego"",""feature_description"":""Cabezal de riego"",""feature_layer_name"":""Hidrantes_ddr001.shp"",""index_in_layer"":607}"
"811","1275","780776.725529","2457673.19799","UNKNOWN","9","2010","0","1923.14","3","10","{""feature_name"":""<UNNAMED FEATURE>"",""feature_type"":""Unknown Point Feature"",""layer"":""Cabezal de riego"",""feature_description"":""Cabezal de riego"",""feature_layer_name"":""Hidrantes_ddr001.shp"",""index_in_layer"":809}"
"181","1276","784449.042826","2460625.14885","UNKNOWN","16","2025","0","1920.005","0","10","{""feature_name"":""<UNNAMED FEATURE>"",""feature_type"":""Unknown Point Feature"",""layer"":""Cabezal de riego"",""feature_description"":""Cabezal de riego"",""feature_layer_name"":""Hidrantes_ddr001.shp"",""index_in_layer"":179}"
"543","1277","781090.069921","2458874.08207","UNKNOWN","15","2017","0","1939.05","3","10","{""feature_name"":""<UNNAMED FEATURE>"",""feature_type"":""Unknown Point Feature"",""layer"":""Cabezal de riego"",""feature_description"":""Cabezal de riego"",""feature_layer_name"":""Hidrantes_ddr001.shp"",""index_in_layer"":541}"
"944","1278","784308.543891","2452839.94988","UNKNOWN","11","2014","0","1924.5","3","10","{""feature_name"":""<UNNAMED FEATURE>"",""feature_type"":""Unknown Point Feature"",""layer"":""Cabezal de riego"",""feature_description"":""Cabezal de riego"",""feature_layer_name"":""Hidrantes_ddr001.shp"",""index_in_layer"":942}"
"1133","1279","784019.921235","2459826.16879","UNKNOWN","12","2017","0","1921.05","3","10","{""feature_name"":""<UNNAMED FEATURE>"",""feature_type"":""Unknown Point Feature"",""layer"":""Cabezal de riego"",""feature_description"":""Cabezal de riego"",""feature_layer_name"":""Hidrantes_ddr001.shp"",""index_in_layer"":1131}"
"1125","1281","783122.776942","2460314.97109","UNKNOWN","12","2017","0","1914.83","3","10","{""feature_name"":""<UNNAMED FEATURE>"",""feature_type"":""Unknown Point Feature"",""layer"":""Cabezal de riego"",""feature_description"":""Cabezal de riego"",""feature_layer_name"":""Hidrantes_ddr001.shp"",""index_in_layer"":1123}"
"1126","1282","782999.416823","2460329.90976","UNKNOWN","12","2017","0","1916.0699","3","10","{""feature_name"":""<UNNAMED FEATURE>"",""feature_type"":""Unknown Point Feature"",""layer"":""Cabezal de riego"",""feature_description"":""Cabezal de riego"",""feature_layer_name"":""Hidrantes_ddr001.shp"",""index_in_layer"":1124}"
"611","1285","782648.38545","2460132.05589","UNKNOWN","15","2014","0","1911.49","3","10","{""feature_name"":""<UNNAMED FEATURE>"",""feature_type"":""Unknown Point Feature"",""layer"":""Cabezal de riego"",""feature_description"":""Cabezal de riego"",""feature_layer_name"":""Hidrantes_ddr001.shp"",""index_in_layer"":609}"
"612","1286","782811.804213","2460070.18911","UNKNOWN","15","","0","1910.79","0","10","{""feature_name"":""<UNNAMED FEATURE>"",""feature_type"":""Unknown Point Feature"",""layer"":""Cabezal de riego"",""feature_description"":""Cabezal de riego"",""feature_layer_name"":""Hidrantes_ddr001.shp"",""index_in_layer"":610,""invalid_installation_year"":""0""}"
"535","1288","780712.794913","2459432.67053","UNKNOWN","15","2022","0","1923.97","3","10","{""feature_name"":""<UNNAMED FEATURE>"",""feature_type"":""Unknown Point Feature"",""layer"":""Cabezal de riego"",""feature_description"":""Cabezal de riego"",""feature_layer_name"":""Hidrantes_ddr001.shp"",""index_in_layer"":533}"
"575","1289","781167.523416","2459918.68976","UNKNOWN","15","2017","0","1931.49","3","10","{""feature_name"":""<UNNAMED FEATURE>"",""feature_type"":""Unknown Point Feature"",""layer"":""Cabezal de riego"",""feature_description"":""Cabezal de riego"",""feature_layer_name"":""Hidrantes_ddr001.shp"",""index_in_layer"":573}"
"576","1290","781190.407781","2459667.88416","UNKNOWN","15","2017","0","1928.76","3","10","{""feature_name"":""<UNNAMED FEATURE>"",""feature_type"":""Unknown Point Feature"",""layer"":""Cabezal de riego"",""feature_description"":""Cabezal de riego"",""feature_layer_name"":""Hidrantes_ddr001.shp"",""index_in_layer"":574}"
"585","1291","781800.700554","2459548.46142","UNKNOWN","15","2017","0","1924.15","3","10","{""feature_name"":""<UNNAMED FEATURE>"",""feature_type"":""Unknown Point Feature"",""layer"":""Cabezal de riego"",""feature_description"":""Cabezal de riego"",""feature_layer_name"":""Hidrantes_ddr001.shp"",""index_in_layer"":583}"
"546","1294","781535.028501","2458998.34459","UNKNOWN","15","2014","0","1929.99","3","10","{""feature_name"":""<UNNAMED FEATURE>"",""feature_type"":""Unknown Point Feature"",""layer"":""Cabezal de riego"",""feature_description"":""Cabezal de riego"",""feature_layer_name"":""Hidrantes_ddr001.shp"",""index_in_layer"":544}"
"750","1296","780212.577373","2459381.12995","UNKNOWN","8","2010","0","1925.89","3","10","{""feature_name"":""<UNNAMED FEATURE>"",""feature_type"":""Unknown Point Feature"",""layer"":""Cabezal de riego"",""feature_description"":""Cabezal de riego"",""feature_layer_name"":""Hidrantes_ddr001.shp"",""index_in_layer"":748}"
"555","1298","781831.329153","2458417.5871","UNKNOWN","15","2014","0","1912.8199","1","10","{""feature_name"":""<UNNAMED FEATURE>"",""feature_type"":""Unknown Point Feature"",""layer"":""Cabezal de riego"",""feature_description"":""Cabezal de riego"",""feature_layer_name"":""Hidrantes_ddr001.shp"",""index_in_layer"":553}"
"1399","13","774547.461523","2449799.84128","UNKNOWN","1","","0","1893.6173","3","10","{""feature_name"":""<UNNAMED FEATURE>"",""feature_type"":""Unknown Point Feature"",""layer"":""Cabezal de riego"",""feature_description"":""Cabezal de riego"",""feature_layer_name"":""Hidrantes_ddr001.shp"",""index_in_layer"":1397,""invalid_installation_year"":""0""}"
"565","1300","782611.893168","2458614.31894","UNKNOWN","15","2017","0","1916.27","1","10","{""feature_name"":""<UNNAMED FEATURE>"",""feature_type"":""Unknown Point Feature"",""layer"":""Cabezal de riego"",""feature_description"":""Cabezal de riego"",""feature_layer_name"":""Hidrantes_ddr001.shp"",""index_in_layer"":563}"
"550","1301","781733.407514","2458228.65292","UNKNOWN","15","2022","0","1914.9301","1","10","{""feature_name"":""<UNNAMED FEATURE>"",""feature_type"":""Unknown Point Feature"",""layer"":""Cabezal de riego"",""feature_description"":""Cabezal de riego"",""feature_layer_name"":""Hidrantes_ddr001.shp"",""index_in_layer"":548}"
"560","1303","782302.594903","2458211.6705","UNKNOWN","15","2017","0","1911.74","1","10","{""feature_name"":""<UNNAMED FEATURE>"",""feature_type"":""Unknown Point Feature"",""layer"":""Cabezal de riego"",""feature_description"":""Cabezal de riego"",""feature_layer_name"":""Hidrantes_ddr001.shp"",""index_in_layer"":558}"
"556","1304","782066.813903","2458331.30231","UNKNOWN","15","2017","0","1911.5","1","10","{""feature_name"":""<UNNAMED FEATURE>"",""feature_type"":""Unknown Point Feature"",""layer"":""Cabezal de riego"",""feature_description"":""Cabezal de riego"",""feature_layer_name"":""Hidrantes_ddr001.shp"",""index_in_layer"":554}"
"558","1305","782251.718051","2458657.22823","UNKNOWN","15","2017","0","1910.97","1","10","{""feature_name"":""<UNNAMED FEATURE>"",""feature_type"":""Unknown Point Feature"",""layer"":""Cabezal de riego"",""feature_description"":""Cabezal de riego"",""feature_layer_name"":""Hidrantes_ddr001.shp"",""index_in_layer"":556}"
"561","1306","782300.979425","2458203.995","UNKNOWN","15","2017","0","1911.64","3","10","{""feature_name"":""<UNNAMED FEATURE>"",""feature_type"":""Unknown Point Feature"",""layer"":""Cabezal de riego"",""feature_description"":""Cabezal de riego"",""feature_layer_name"":""Hidrantes_ddr001.shp"",""index_in_layer"":559}"
"562","1307","782305.056377","2458166.83454","UNKNOWN","15","2017","0","1910.86","3","10","{""feature_name"":""<UNNAMED FEATURE>"",""feature_type"":""Unknown Point Feature"",""layer"":""Cabezal de riego"",""feature_description"":""Cabezal de riego"",""feature_layer_name"":""Hidrantes_ddr001.shp"",""index_in_layer"":560}"
"557","1308","782247.700423","2458731.06983","UNKNOWN","15","","0","1909.45","0","10","{""feature_name"":""<UNNAMED FEATURE>"",""feature_type"":""Unknown Point Feature"",""layer"":""Cabezal de riego"",""feature_description"":""Cabezal de riego"",""feature_layer_name"":""Hidrantes_ddr001.shp"",""index_in_layer"":555,""invalid_installation_year"":""0""}"
"553","1309","781998.177426","2458715.03648","UNKNOWN","15","2017","0","1913.5","3","20","{""feature_name"":""<UNNAMED FEATURE>"",""feature_type"":""Unknown Point Feature"",""layer"":""Cabezal de riego"",""feature_description"":""Cabezal de riego"",""feature_layer_name"":""Hidrantes_ddr001.shp"",""index_in_layer"":551}"
"568","1311","782827.219348","2457572.8867","UNKNOWN","15","2010","0","1904.85","3","10","{""feature_name"":""<UNNAMED FEATURE>"",""feature_type"":""Unknown Point Feature"",""layer"":""Cabezal de riego"",""feature_description"":""Cabezal de riego"",""feature_layer_name"":""Hidrantes_ddr001.shp"",""index_in_layer"":566}"
"113","1312","783423.8563","2465005.873","UNKNOWN","19","2025","225","1915.3993","0","10","{""feature_name"":""<UNNAMED FEATURE>"",""feature_type"":""Unknown Point Feature"",""layer"":""Cabezal de riego"",""feature_description"":""Cabezal de riego"",""feature_layer_name"":""Hidrantes_ddr001.shp"",""index_in_layer"":111}"
"554","1313","782023.606894","2458661.08524","UNKNOWN","15","2017","0","1912.99","3","20","{""feature_name"":""<UNNAMED FEATURE>"",""feature_type"":""Unknown Point Feature"",""layer"":""Cabezal de riego"",""feature_description"":""Cabezal de riego"",""feature_layer_name"":""Hidrantes_ddr001.shp"",""index_in_layer"":552}"
"570","1314","783112.186895","2457655.62001","UNKNOWN","15","2017","0","1905.74","2","10","{""feature_name"":""<UNNAMED FEATURE>"",""feature_type"":""Unknown Point Feature"",""layer"":""Cabezal de riego"",""feature_description"":""Cabezal de riego"",""feature_layer_name"":""Hidrantes_ddr001.shp"",""index_in_layer"":568}"
"571","1315","783247.236213","2457617.50919","UNKNOWN","15","2010","0","1907.38","2","10","{""feature_name"":""<UNNAMED FEATURE>"",""feature_type"":""Unknown Point Feature"",""layer"":""Cabezal de riego"",""feature_description"":""Cabezal de riego"",""feature_layer_name"":""Hidrantes_ddr001.shp"",""index_in_layer"":569}"
"566","1316","782886.224691","2457910.28277","UNKNOWN","15","2010","0","1907.63","3","10","{""feature_name"":""<UNNAMED FEATURE>"",""feature_type"":""Unknown Point Feature"",""layer"":""Cabezal de riego"",""feature_description"":""Cabezal de riego"",""feature_layer_name"":""Hidrantes_ddr001.shp"",""index_in_layer"":564}"
"115","1317","783484.0096","2464784.658","UNKNOWN","19","2025","225","1916.0732","0","10","{""feature_name"":""<UNNAMED FEATURE>"",""feature_type"":""Unknown Point Feature"",""layer"":""Cabezal de riego"",""feature_description"":""Cabezal de riego"",""feature_layer_name"":""Hidrantes_ddr001.shp"",""index_in_layer"":113}"
"606","1319","782401.476803","2459436.75707","UNKNOWN","15","2017","0","1926.48","3","10","{""feature_name"":""<UNNAMED FEATURE>"",""feature_type"":""Unknown Point Feature"",""layer"":""Cabezal de riego"",""feature_description"":""Cabezal de riego"",""feature_layer_name"":""Hidrantes_ddr001.shp"",""index_in_layer"":604}"
"607","1320","782414.103344","2459400.41617","UNKNOWN","15","2017","0","1925.92","3","10","{""feature_name"":""<UNNAMED FEATURE>"",""feature_type"":""Unknown Point Feature"",""layer"":""Cabezal de riego"",""feature_description"":""Cabezal de riego"",""feature_layer_name"":""Hidrantes_ddr001.shp"",""index_in_layer"":605}"
"616","1321","782636.016447","2459253.94411","UNKNOWN","15","2010","0","1921.9399","1","10","{""feature_name"":""<UNNAMED FEATURE>"",""feature_type"":""Unknown Point Feature"",""layer"":""Cabezal de riego"",""feature_description"":""Cabezal de riego"",""feature_layer_name"":""Hidrantes_ddr001.shp"",""index_in_layer"":614}"
"617","1322","782708.702558","2459217.25027","UNKNOWN","15","2017","0","1921.42","1","10","{""feature_name"":""<UNNAMED FEATURE>"",""feature_type"":""Unknown Point Feature"",""layer"":""Cabezal de riego"",""feature_description"":""Cabezal de riego"",""feature_layer_name"":""Hidrantes_ddr001.shp"",""index_in_layer"":615}"
"1117","1324","783103.152918","2459502.77057","UNKNOWN","12","2017","0","1907.39","3","10","{""feature_name"":""<UNNAMED FEATURE>"",""feature_type"":""Unknown Point Feature"",""layer"":""Cabezal de riego"",""feature_description"":""Cabezal de riego"",""feature_layer_name"":""Hidrantes_ddr001.shp"",""index_in_layer"":1115}"
"614","1325","782376.109037","2459173.55306","UNKNOWN","15","2010","0","1921.26","1","10","{""feature_name"":""<UNNAMED FEATURE>"",""feature_type"":""Unknown Point Feature"",""layer"":""Cabezal de riego"",""feature_description"":""Cabezal de riego"",""feature_layer_name"":""Hidrantes_ddr001.shp"",""index_in_layer"":612}"
"1112","1326","783216.267931","2458909.73595","UNKNOWN","12","2017","0","1912.7","3","10","{""feature_name"":""<UNNAMED FEATURE>"",""feature_type"":""Unknown Point Feature"",""layer"":""Cabezal de riego"",""feature_description"":""Cabezal de riego"",""feature_layer_name"":""Hidrantes_ddr001.shp"",""index_in_layer"":1110}"
"615","1327","782478.218661","2459187.25773","UNKNOWN","15","2010","0","1921.37","1","10","{""feature_name"":""<UNNAMED FEATURE>"",""feature_type"":""Unknown Point Feature"",""layer"":""Cabezal de riego"",""feature_description"":""Cabezal de riego"",""feature_layer_name"":""Hidrantes_ddr001.shp"",""index_in_layer"":613}"
"1019","1328","783342.055186","2456491.55797","UNKNOWN","12","2017","0","1905.97","3","10","{""feature_name"":""<UNNAMED FEATURE>"",""feature_type"":""Unknown Point Feature"",""layer"":""Cabezal de riego"",""feature_description"":""Cabezal de riego"",""feature_layer_name"":""Hidrantes_ddr001.shp"",""index_in_layer"":1017}"
"1113","1329","783353.657766","2458781.90806","UNKNOWN","12","2017","0","1911.61","3","10","{""feature_name"":""<UNNAMED FEATURE>"",""feature_type"":""Unknown Point Feature"",""layer"":""Cabezal de riego"",""feature_description"":""Cabezal de riego"",""feature_layer_name"":""Hidrantes_ddr001.shp"",""index_in_layer"":1111}"
"749","1330","780141.170982","2459553.9373","UNKNOWN","8","2014","0","1925.8199","3","20","{""feature_name"":""<UNNAMED FEATURE>"",""feature_type"":""Unknown Point Feature"",""layer"":""Cabezal de riego"",""feature_description"":""Cabezal de riego"",""feature_layer_name"":""Hidrantes_ddr001.shp"",""index_in_layer"":747}"
"1110","1331","783075.224847","2458618.83303","UNKNOWN","12","2017","0","1908.8","3","10","{""feature_name"":""<UNNAMED FEATURE>"",""feature_type"":""Unknown Point Feature"",""layer"":""Cabezal de riego"",""feature_description"":""Cabezal de riego"",""feature_layer_name"":""Hidrantes_ddr001.shp"",""index_in_layer"":1108}"
"1109","1332","783196.419288","2458564.73566","UNKNOWN","12","2017","0","1906.41","3","10","{""feature_name"":""<UNNAMED FEATURE>"",""feature_type"":""Unknown Point Feature"",""layer"":""Cabezal de riego"",""feature_description"":""Cabezal de riego"",""feature_layer_name"":""Hidrantes_ddr001.shp"",""index_in_layer"":1107}"
"1005","1333","783707.141062","2458153.34429","UNKNOWN","12","2020","0","1918.6","3","10","{""feature_name"":""<UNNAMED FEATURE>"",""feature_type"":""Unknown Point Feature"",""layer"":""Cabezal de riego"",""feature_description"":""Cabezal de riego"",""feature_layer_name"":""Hidrantes_ddr001.shp"",""index_in_layer"":1003}"
"810","1334","780783.085869","2457669.54462","UNKNOWN","9","2022","0","1922.59","3","10","{""feature_name"":""<UNNAMED FEATURE>"",""feature_type"":""Unknown Point Feature"",""layer"":""Cabezal de riego"",""feature_description"":""Cabezal de riego"",""feature_layer_name"":""Hidrantes_ddr001.shp"",""index_in_layer"":808}"
"1108","1335","783355.012819","2458508.21483","UNKNOWN","12","2017","0","1906.41","3","10","{""feature_name"":""<UNNAMED FEATURE>"",""feature_type"":""Unknown Point Feature"",""layer"":""Cabezal de riego"",""feature_description"":""Cabezal de riego"",""feature_layer_name"":""Hidrantes_ddr001.shp"",""index_in_layer"":1106}"
"1107","1336","783435.777064","2458475.88138","UNKNOWN","12","2017","0","1906.36","3","10","{""feature_name"":""<UNNAMED FEATURE>"",""feature_type"":""Unknown Point Feature"",""layer"":""Cabezal de riego"",""feature_description"":""Cabezal de riego"",""feature_layer_name"":""Hidrantes_ddr001.shp"",""index_in_layer"":1105}"
"1006","1337","783712.497784","2457881.16382","UNKNOWN","12","2017","0","1917.54","3","10","{""feature_name"":""<UNNAMED FEATURE>"",""feature_type"":""Unknown Point Feature"",""layer"":""Cabezal de riego"",""feature_description"":""Cabezal de riego"",""feature_layer_name"":""Hidrantes_ddr001.shp"",""index_in_layer"":1004}"
"1106","1338","782998.741288","2458494.77271","UNKNOWN","12","2020","0","1906.3101","3","10","{""feature_name"":""<UNNAMED FEATURE>"",""feature_type"":""Unknown Point Feature"",""layer"":""Cabezal de riego"",""feature_description"":""Cabezal de riego"",""feature_layer_name"":""Hidrantes_ddr001.shp"",""index_in_layer"":1104}"
"1105","1339","782958.833296","2458294.02567","UNKNOWN","12","2020","0","1906.11","3","10","{""feature_name"":""<UNNAMED FEATURE>"",""feature_type"":""Unknown Point Feature"",""layer"":""Cabezal de riego"",""feature_description"":""Cabezal de riego"",""feature_layer_name"":""Hidrantes_ddr001.shp"",""index_in_layer"":1103}"
"1013","1340","783728.816767","2457295.12686","UNKNOWN","12","2020","0","1926.8199","3","10","{""feature_name"":""<UNNAMED FEATURE>"",""feature_type"":""Unknown Point Feature"",""layer"":""Cabezal de riego"",""feature_description"":""Cabezal de riego"",""feature_layer_name"":""Hidrantes_ddr001.shp"",""index_in_layer"":1011}"
"536","1341","780718.687031","2459294.36898","UNKNOWN","15","2014","0","1924.99","3","10","{""feature_name"":""<UNNAMED FEATURE>"",""feature_type"":""Unknown Point Feature"",""layer"":""Cabezal de riego"",""feature_description"":""Cabezal de riego"",""feature_layer_name"":""Hidrantes_ddr001.shp"",""index_in_layer"":534}"
"537","1342","780744.58344","2459007.60311","UNKNOWN","15","2010","0","1925.34","2","10","{""feature_name"":""<UNNAMED FEATURE>"",""feature_type"":""Unknown Point Feature"",""layer"":""Cabezal de riego"",""feature_description"":""Cabezal de riego"",""feature_layer_name"":""Hidrantes_ddr001.shp"",""index_in_layer"":535}"
"581","1343","781453.177995","2460207.08325","UNKNOWN","15","2017","0","1923.6801","3","10","{""feature_name"":""<UNNAMED FEATURE>"",""feature_type"":""Unknown Point Feature"",""layer"":""Cabezal de riego"",""feature_description"":""Cabezal de riego"",""feature_layer_name"":""Hidrantes_ddr001.shp"",""index_in_layer"":579}"
"544","1345","781338.066508","2458779.92342","UNKNOWN","15","2014","0","1933.76","3","10","{""feature_name"":""<UNNAMED FEATURE>"",""feature_type"":""Unknown Point Feature"",""layer"":""Cabezal de riego"",""feature_description"":""Cabezal de riego"",""feature_layer_name"":""Hidrantes_ddr001.shp"",""index_in_layer"":542}"
"466","1347","779361.966836","2461674.35248","UNKNOWN","15","2017","0","1883.89","1","10","{""feature_name"":""<UNNAMED FEATURE>"",""feature_type"":""Unknown Point Feature"",""layer"":""Cabezal de riego"",""feature_description"":""Cabezal de riego"",""feature_layer_name"":""Hidrantes_ddr001.shp"",""index_in_layer"":464}"
"468","1348","779304.575209","2461825.91489","UNKNOWN","15","2017","0","1927.5699","3","10","{""feature_name"":""<UNNAMED FEATURE>"",""feature_type"":""Unknown Point Feature"",""layer"":""Cabezal de riego"",""feature_description"":""Cabezal de riego"",""feature_layer_name"":""Hidrantes_ddr001.shp"",""index_in_layer"":466}"
"467","1349","779354.78128","2461839.33628","UNKNOWN","15","2017","0","1926.9399","3","10","{""feature_name"":""<UNNAMED FEATURE>"",""feature_type"":""Unknown Point Feature"",""layer"":""Cabezal de riego"",""feature_description"":""Cabezal de riego"",""feature_layer_name"":""Hidrantes_ddr001.shp"",""index_in_layer"":465}"
"478","1350","779851.1947","2462247.72361","UNKNOWN","15","2017","0","1931.9","3","10","{""feature_name"":""<UNNAMED FEATURE>"",""feature_type"":""Unknown Point Feature"",""layer"":""Cabezal de riego"",""feature_description"":""Cabezal de riego"",""feature_layer_name"":""Hidrantes_ddr001.shp"",""index_in_layer"":476}"
"302","1351","779764.089036","2462617.7203","UNKNOWN","17","2017","0","1949.72","3","10","{""feature_name"":""<UNNAMED FEATURE>"",""feature_type"":""Unknown Point Feature"",""layer"":""Cabezal de riego"",""feature_description"":""Cabezal de riego"",""feature_layer_name"":""Hidrantes_ddr001.shp"",""index_in_layer"":300}"
"1870","137","776557.926697","2448202.57494","UNKNOWN","1","","140","1874.0602","3","10","{""feature_name"":""<UNNAMED FEATURE>"",""feature_type"":""Unknown Point Feature"",""layer"":""Cabezal de riego"",""feature_description"":""Cabezal de riego"",""feature_layer_name"":""Hidrantes_ddr001.shp"",""index_in_layer"":1868,""invalid_installation_year"":""0""}"
"273","1380","781094.557183","2464131.12966","UNKNOWN","17","2017","0","1925.74","3","10","{""feature_name"":""<UNNAMED FEATURE>"",""feature_type"":""Unknown Point Feature"",""layer"":""Cabezal de riego"",""feature_description"":""Cabezal de riego"",""feature_layer_name"":""Hidrantes_ddr001.shp"",""index_in_layer"":271}"
"301","1381","779930.925657","2462811.31656","UNKNOWN","17","2017","0","1953.39","3","10","{""feature_name"":""<UNNAMED FEATURE>"",""feature_type"":""Unknown Point Feature"",""layer"":""Cabezal de riego"",""feature_description"":""Cabezal de riego"",""feature_layer_name"":""Hidrantes_ddr001.shp"",""index_in_layer"":299}"
"297","1382","780106.16191","2463593.27036","UNKNOWN","17","2020","0","1941.4399","3","10","{""feature_name"":""<UNNAMED FEATURE>"",""feature_type"":""Unknown Point Feature"",""layer"":""Cabezal de riego"",""feature_description"":""Cabezal de riego"",""feature_layer_name"":""Hidrantes_ddr001.shp"",""index_in_layer"":295}"
"299","1383","780227.978614","2463094.57817","UNKNOWN","17","2017","0","1941.89","3","20","{""feature_name"":""<UNNAMED FEATURE>"",""feature_type"":""Unknown Point Feature"",""layer"":""Cabezal de riego"",""feature_description"":""Cabezal de riego"",""feature_layer_name"":""Hidrantes_ddr001.shp"",""index_in_layer"":297}"
"300","1384","780033.354667","2462937.93382","UNKNOWN","17","2017","0","1949.1801","1","10","{""feature_name"":""<UNNAMED FEATURE>"",""feature_type"":""Unknown Point Feature"",""layer"":""Cabezal de riego"",""feature_description"":""Cabezal de riego"",""feature_layer_name"":""Hidrantes_ddr001.shp"",""index_in_layer"":298}"
"304","1385","780145.430654","2462786.02657","UNKNOWN","17","2017","0","1945.05","3","10","{""feature_name"":""<UNNAMED FEATURE>"",""feature_type"":""Unknown Point Feature"",""layer"":""Cabezal de riego"",""feature_description"":""Cabezal de riego"",""feature_layer_name"":""Hidrantes_ddr001.shp"",""index_in_layer"":302}"
"326","1387","779713.596764","2462545.67137","UNKNOWN","17","","0","1952.1","0","10","{""feature_name"":""<UNNAMED FEATURE>"",""feature_type"":""Unknown Point Feature"",""layer"":""Cabezal de riego"",""feature_description"":""Cabezal de riego"",""feature_layer_name"":""Hidrantes_ddr001.shp"",""index_in_layer"":324,""invalid_installation_year"":""0""}"
"258","1388","780488.395174","2463378.18466","UNKNOWN","17","2017","0","1923.74","3","10","{""feature_name"":""<UNNAMED FEATURE>"",""feature_type"":""Unknown Point Feature"",""layer"":""Cabezal de riego"",""feature_description"":""Cabezal de riego"",""feature_layer_name"":""Hidrantes_ddr001.shp"",""index_in_layer"":256}"
"259","1389","780478.840222","2463462.01044","UNKNOWN","17","2017","0","1924.48","2","10","{""feature_name"":""<UNNAMED FEATURE>"",""feature_type"":""Unknown Point Feature"",""layer"":""Cabezal de riego"",""feature_description"":""Cabezal de riego"",""feature_layer_name"":""Hidrantes_ddr001.shp"",""index_in_layer"":257}"
"271","1390","781391.096489","2463903.54896","UNKNOWN","17","2014","0","1929.3","3","20","{""feature_name"":""<UNNAMED FEATURE>"",""feature_type"":""Unknown Point Feature"",""layer"":""Cabezal de riego"",""feature_description"":""Cabezal de riego"",""feature_layer_name"":""Hidrantes_ddr001.shp"",""index_in_layer"":269}"
"277","1391","780676.82043","2464176.0122","UNKNOWN","17","2017","0","1924.34","3","10","{""feature_name"":""<UNNAMED FEATURE>"",""feature_type"":""Unknown Point Feature"",""layer"":""Cabezal de riego"",""feature_description"":""Cabezal de riego"",""feature_layer_name"":""Hidrantes_ddr001.shp"",""index_in_layer"":275}"
"278","1392","780831.95507","2464193.21452","UNKNOWN","17","2017","0","1924.14","3","10","{""feature_name"":""<UNNAMED FEATURE>"",""feature_type"":""Unknown Point Feature"",""layer"":""Cabezal de riego"",""feature_description"":""Cabezal de riego"",""feature_layer_name"":""Hidrantes_ddr001.shp"",""index_in_layer"":276}"
"272","1394","781381.360072","2463962.88122","UNKNOWN","17","2017","0","1927.05","1","10","{""feature_name"":""<UNNAMED FEATURE>"",""feature_type"":""Unknown Point Feature"",""layer"":""Cabezal de riego"",""feature_description"":""Cabezal de riego"",""feature_layer_name"":""Hidrantes_ddr001.shp"",""index_in_layer"":270}"
"325","1395","781006.310817","2464025.48155","UNKNOWN","17","","0","1921.96","0","10","{""feature_name"":""<UNNAMED FEATURE>"",""feature_type"":""Unknown Point Feature"",""layer"":""Cabezal de riego"",""feature_description"":""Cabezal de riego"",""feature_layer_name"":""Hidrantes_ddr001.shp"",""index_in_layer"":323,""invalid_installation_year"":""0""}"
"1400","14","774533.383735","2449794.21327","UNKNOWN","1","","270","1893.6079","3","10","{""feature_name"":""<UNNAMED FEATURE>"",""feature_type"":""Unknown Point Feature"",""layer"":""Cabezal de riego"",""feature_description"":""Cabezal de riego"",""feature_layer_name"":""Hidrantes_ddr001.shp"",""index_in_layer"":1398,""invalid_installation_year"":""0""}"
"260","1402","780565.503129","2463604.41675","UNKNOWN","17","2017","0","1924.03","3","10","{""feature_name"":""<UNNAMED FEATURE>"",""feature_type"":""Unknown Point Feature"",""layer"":""Cabezal de riego"",""feature_description"":""Cabezal de riego"",""feature_layer_name"":""Hidrantes_ddr001.shp"",""index_in_layer"":258}"
"323","1403","781341.067927","2463480.88032","UNKNOWN","17","","0","1921.99","0","10","{""feature_name"":""<UNNAMED FEATURE>"",""feature_type"":""Unknown Point Feature"",""layer"":""Cabezal de riego"",""feature_description"":""Cabezal de riego"",""feature_layer_name"":""Hidrantes_ddr001.shp"",""index_in_layer"":321,""invalid_installation_year"":""0""}"
"270","1404","781394.235544","2463855.40074","UNKNOWN","17","2014","0","1929.92","0","10","{""feature_name"":""<UNNAMED FEATURE>"",""feature_type"":""Unknown Point Feature"",""layer"":""Cabezal de riego"",""feature_description"":""Cabezal de riego"",""feature_layer_name"":""Hidrantes_ddr001.shp"",""index_in_layer"":268}"
"261","1405","781409.612747","2463483.78043","UNKNOWN","17","2017","0","1923.25","3","10","{""feature_name"":""<UNNAMED FEATURE>"",""feature_type"":""Unknown Point Feature"",""layer"":""Cabezal de riego"",""feature_description"":""Cabezal de riego"",""feature_layer_name"":""Hidrantes_ddr001.shp"",""index_in_layer"":259}"
"253","1406","781139.182664","2463464.49238","UNKNOWN","17","2017","0","1922.58","3","10","{""feature_name"":""<UNNAMED FEATURE>"",""feature_type"":""Unknown Point Feature"",""layer"":""Cabezal de riego"",""feature_description"":""Cabezal de riego"",""feature_layer_name"":""Hidrantes_ddr001.shp"",""index_in_layer"":251}"
"255","1407","781047.462683","2463482.56281","UNKNOWN","17","2017","0","1924.3199","3","10","{""feature_name"":""<UNNAMED FEATURE>"",""feature_type"":""Unknown Point Feature"",""layer"":""Cabezal de riego"",""feature_description"":""Cabezal de riego"",""feature_layer_name"":""Hidrantes_ddr001.shp"",""index_in_layer"":253}"
"256","1408","780846.82729","2463511.30307","UNKNOWN","17","2017","0","1924.09","3","10","{""feature_name"":""<UNNAMED FEATURE>"",""feature_type"":""Unknown Point Feature"",""layer"":""Cabezal de riego"",""feature_description"":""Cabezal de riego"",""feature_layer_name"":""Hidrantes_ddr001.shp"",""index_in_layer"":254}"
"257","1409","780836.442597","2463457.92452","UNKNOWN","17","2017","0","1923.22","3","10","{""feature_name"":""<UNNAMED FEATURE>"",""feature_type"":""Unknown Point Feature"",""layer"":""Cabezal de riego"",""feature_description"":""Cabezal de riego"",""feature_layer_name"":""Hidrantes_ddr001.shp"",""index_in_layer"":255}"
"254","1410","781080.998223","2463441.94439","UNKNOWN","17","2017","0","1924.1","3","10","{""feature_name"":""<UNNAMED FEATURE>"",""feature_type"":""Unknown Point Feature"",""layer"":""Cabezal de riego"",""feature_description"":""Cabezal de riego"",""feature_layer_name"":""Hidrantes_ddr001.shp"",""index_in_layer"":252}"
"281","1411","780952.937598","2464502.57708","UNKNOWN","17","2017","0","1918.04","3","10","{""feature_name"":""<UNNAMED FEATURE>"",""feature_type"":""Unknown Point Feature"",""layer"":""Cabezal de riego"",""feature_description"":""Cabezal de riego"",""feature_layer_name"":""Hidrantes_ddr001.shp"",""index_in_layer"":279}"
"285","1413","781543.137311","2464691.20646","UNKNOWN","17","2010","0","1920.59","3","10","{""feature_name"":""<UNNAMED FEATURE>"",""feature_type"":""Unknown Point Feature"",""layer"":""Cabezal de riego"",""feature_description"":""Cabezal de riego"",""feature_layer_name"":""Hidrantes_ddr001.shp"",""index_in_layer"":283}"
"245","1415","782438.422704","2463167.84049","UNKNOWN","17","2017","0","1920.42","3","10","{""feature_name"":""<UNNAMED FEATURE>"",""feature_type"":""Unknown Point Feature"",""layer"":""Cabezal de riego"",""feature_description"":""Cabezal de riego"",""feature_layer_name"":""Hidrantes_ddr001.shp"",""index_in_layer"":243}"
"269","1416","782857.19125","2463318.27952","UNKNOWN","17","2017","0","1924.03","2","10","{""feature_name"":""<UNNAMED FEATURE>"",""feature_type"":""Unknown Point Feature"",""layer"":""Cabezal de riego"",""feature_description"":""Cabezal de riego"",""feature_layer_name"":""Hidrantes_ddr001.shp"",""index_in_layer"":267}"
"267","1417","782541.221853","2463472.01241","UNKNOWN","17","2017","0","1928.5","1","10","{""feature_name"":""<UNNAMED FEATURE>"",""feature_type"":""Unknown Point Feature"",""layer"":""Cabezal de riego"",""feature_description"":""Cabezal de riego"",""feature_layer_name"":""Hidrantes_ddr001.shp"",""index_in_layer"":265}"
"265","1418","782286.270253","2463554.82555","UNKNOWN","17","2014","0","1940.61","1","10","{""feature_name"":""<UNNAMED FEATURE>"",""feature_type"":""Unknown Point Feature"",""layer"":""Cabezal de riego"",""feature_description"":""Cabezal de riego"",""feature_layer_name"":""Hidrantes_ddr001.shp"",""index_in_layer"":263}"
"266","1419","782414.626616","2463524.57155","UNKNOWN","17","2017","0","1930.14","2","10","{""feature_name"":""<UNNAMED FEATURE>"",""feature_type"":""Unknown Point Feature"",""layer"":""Cabezal de riego"",""feature_description"":""Cabezal de riego"",""feature_layer_name"":""Hidrantes_ddr001.shp"",""index_in_layer"":264}"
"1871","142","776774.276329","2448162.02782","UNKNOWN","1","","140","1874.0602","3","10","{""feature_name"":""<UNNAMED FEATURE>"",""feature_type"":""Unknown Point Feature"",""layer"":""Cabezal de riego"",""feature_description"":""Cabezal de riego"",""feature_layer_name"":""Hidrantes_ddr001.shp"",""index_in_layer"":1869,""invalid_installation_year"":""0""}"
"264","1420","782058.061679","2463539.50002","UNKNOWN","17","2014","0","1921.86","1","10","{""feature_name"":""<UNNAMED FEATURE>"",""feature_type"":""Unknown Point Feature"",""layer"":""Cabezal de riego"",""feature_description"":""Cabezal de riego"",""feature_layer_name"":""Hidrantes_ddr001.shp"",""index_in_layer"":262}"
"263","1421","781895.368424","2463523.47923","UNKNOWN","17","2014","0","1921.72","3","10","{""feature_name"":""<UNNAMED FEATURE>"",""feature_type"":""Unknown Point Feature"",""layer"":""Cabezal de riego"",""feature_description"":""Cabezal de riego"",""feature_layer_name"":""Hidrantes_ddr001.shp"",""index_in_layer"":261}"
"246","1422","782257.833332","2463171.43901","UNKNOWN","17","2017","0","1918.47","3","10","{""feature_name"":""<UNNAMED FEATURE>"",""feature_type"":""Unknown Point Feature"",""layer"":""Cabezal de riego"",""feature_description"":""Cabezal de riego"",""feature_layer_name"":""Hidrantes_ddr001.shp"",""index_in_layer"":244}"
"242","1423","782350.384439","2462720.5406","UNKNOWN","17","2014","0","1917.2","3","10","{""feature_name"":""<UNNAMED FEATURE>"",""feature_type"":""Unknown Point Feature"",""layer"":""Cabezal de riego"",""feature_description"":""Cabezal de riego"",""feature_layer_name"":""Hidrantes_ddr001.shp"",""index_in_layer"":240}"
"310","1424","780521.315907","2462867.36606","UNKNOWN","17","2017","0","1921.63","3","10","{""feature_name"":""<UNNAMED FEATURE>"",""feature_type"":""Unknown Point Feature"",""layer"":""Cabezal de riego"",""feature_description"":""Cabezal de riego"",""feature_layer_name"":""Hidrantes_ddr001.shp"",""index_in_layer"":308}"
"309","1425","780832.298072","2462880.83459","UNKNOWN","17","2017","0","1909.01","3","10","{""feature_name"":""<UNNAMED FEATURE>"",""feature_type"":""Unknown Point Feature"",""layer"":""Cabezal de riego"",""feature_description"":""Cabezal de riego"",""feature_layer_name"":""Hidrantes_ddr001.shp"",""index_in_layer"":307}"
"244","1429","782502.783088","2463100.07911","UNKNOWN","17","2017","0","1919.41","3","10","{""feature_name"":""<UNNAMED FEATURE>"",""feature_type"":""Unknown Point Feature"",""layer"":""Cabezal de riego"",""feature_description"":""Cabezal de riego"",""feature_layer_name"":""Hidrantes_ddr001.shp"",""index_in_layer"":242}"
"314","1430","781374.175786","2462852.70947","UNKNOWN","17","2017","0","1925.9399","3","10","{""feature_name"":""<UNNAMED FEATURE>"",""feature_type"":""Unknown Point Feature"",""layer"":""Cabezal de riego"",""feature_description"":""Cabezal de riego"",""feature_layer_name"":""Hidrantes_ddr001.shp"",""index_in_layer"":312}"
"251","1431","781529.833659","2463315.62815","UNKNOWN","17","2017","0","1918.38","1","10","{""feature_name"":""<UNNAMED FEATURE>"",""feature_type"":""Unknown Point Feature"",""layer"":""Cabezal de riego"",""feature_description"":""Cabezal de riego"",""feature_layer_name"":""Hidrantes_ddr001.shp"",""index_in_layer"":249}"
"315","1432","781549.708939","2462820.75091","UNKNOWN","17","2017","0","1926.03","1","10","{""feature_name"":""<UNNAMED FEATURE>"",""feature_type"":""Unknown Point Feature"",""layer"":""Cabezal de riego"",""feature_description"":""Cabezal de riego"",""feature_layer_name"":""Hidrantes_ddr001.shp"",""index_in_layer"":313}"
"249","1433","781851.579398","2462973.1494","UNKNOWN","17","2017","0","1908.53","3","20","{""feature_name"":""<UNNAMED FEATURE>"",""feature_type"":""Unknown Point Feature"",""layer"":""Cabezal de riego"",""feature_description"":""Cabezal de riego"",""feature_layer_name"":""Hidrantes_ddr001.shp"",""index_in_layer"":247}"
"248","1434","781986.896207","2463208.31155","UNKNOWN","17","2017","0","1920.1","3","10","{""feature_name"":""<UNNAMED FEATURE>"",""feature_type"":""Unknown Point Feature"",""layer"":""Cabezal de riego"",""feature_description"":""Cabezal de riego"",""feature_layer_name"":""Hidrantes_ddr001.shp"",""index_in_layer"":246}"
"247","1435","782121.613933","2463180.05386","UNKNOWN","17","2017","0","1919.8","3","10","{""feature_name"":""<UNNAMED FEATURE>"",""feature_type"":""Unknown Point Feature"",""layer"":""Cabezal de riego"",""feature_description"":""Cabezal de riego"",""feature_layer_name"":""Hidrantes_ddr001.shp"",""index_in_layer"":245}"
"250","1436","781645.774033","2463293.12221","UNKNOWN","17","2017","0","1918.02","3","10","{""feature_name"":""<UNNAMED FEATURE>"",""feature_type"":""Unknown Point Feature"",""layer"":""Cabezal de riego"",""feature_description"":""Cabezal de riego"",""feature_layer_name"":""Hidrantes_ddr001.shp"",""index_in_layer"":248}"
"239","1439","782206.317184","2462604.01209","UNKNOWN","17","2017","0","1918.84","3","10","{""feature_name"":""<UNNAMED FEATURE>"",""feature_type"":""Unknown Point Feature"",""layer"":""Cabezal de riego"",""feature_description"":""Cabezal de riego"",""feature_layer_name"":""Hidrantes_ddr001.shp"",""index_in_layer"":237}"
"243","1441","782468.409459","2463010.24853","UNKNOWN","17","2014","0","1919.12","3","10","{""feature_name"":""<UNNAMED FEATURE>"",""feature_type"":""Unknown Point Feature"",""layer"":""Cabezal de riego"",""feature_description"":""Cabezal de riego"",""feature_layer_name"":""Hidrantes_ddr001.shp"",""index_in_layer"":241}"
"241","1442","782342.49593","2462717.51647","UNKNOWN","17","2017","0","1916.55","3","10","{""feature_name"":""<UNNAMED FEATURE>"",""feature_type"":""Unknown Point Feature"",""layer"":""Cabezal de riego"",""feature_description"":""Cabezal de riego"",""feature_layer_name"":""Hidrantes_ddr001.shp"",""index_in_layer"":239}"
"316","1445","781811.422656","2462752.23154","UNKNOWN","17","2017","0","1922.92","3","10","{""feature_name"":""<UNNAMED FEATURE>"",""feature_type"":""Unknown Point Feature"",""layer"":""Cabezal de riego"",""feature_description"":""Cabezal de riego"",""feature_layer_name"":""Hidrantes_ddr001.shp"",""index_in_layer"":314}"
"319","1446","781190.885148","2462674.31282","UNKNOWN","17","2017","0","1913.41","3","10","{""feature_name"":""<UNNAMED FEATURE>"",""feature_type"":""Unknown Point Feature"",""layer"":""Cabezal de riego"",""feature_description"":""Cabezal de riego"",""feature_layer_name"":""Hidrantes_ddr001.shp"",""index_in_layer"":317}"
"320","1447","781020.979898","2462628.69539","UNKNOWN","17","2017","0","1914.84","3","10","{""feature_name"":""<UNNAMED FEATURE>"",""feature_type"":""Unknown Point Feature"",""layer"":""Cabezal de riego"",""feature_description"":""Cabezal de riego"",""feature_layer_name"":""Hidrantes_ddr001.shp"",""index_in_layer"":318}"
"307","1448","780525.594104","2462595.28153","UNKNOWN","17","2017","0","1890.3101","3","10","{""feature_name"":""<UNNAMED FEATURE>"",""feature_type"":""Unknown Point Feature"",""layer"":""Cabezal de riego"",""feature_description"":""Cabezal de riego"",""feature_layer_name"":""Hidrantes_ddr001.shp"",""index_in_layer"":305}"
"305","1449","780541.805515","2462336.48799","UNKNOWN","17","2017","0","1848.02","3","10","{""feature_name"":""<UNNAMED FEATURE>"",""feature_type"":""Unknown Point Feature"",""layer"":""Cabezal de riego"",""feature_description"":""Cabezal de riego"",""feature_layer_name"":""Hidrantes_ddr001.shp"",""index_in_layer"":303}"
"295","1451","780054.266262","2464024.18226","UNKNOWN","17","2020","0","1938.48","2","10","{""feature_name"":""<UNNAMED FEATURE>"",""feature_type"":""Unknown Point Feature"",""layer"":""Cabezal de riego"",""feature_description"":""Cabezal de riego"",""feature_layer_name"":""Hidrantes_ddr001.shp"",""index_in_layer"":293}"
"296","1452","780082.934721","2463795.0896","UNKNOWN","17","2020","0","1939.71","3","10","{""feature_name"":""<UNNAMED FEATURE>"",""feature_type"":""Unknown Point Feature"",""layer"":""Cabezal de riego"",""feature_description"":""Cabezal de riego"",""feature_layer_name"":""Hidrantes_ddr001.shp"",""index_in_layer"":294}"
"292","1453","780093.595075","2464773.88666","UNKNOWN","17","2020","0","1934.8199","3","10","{""feature_name"":""<UNNAMED FEATURE>"",""feature_type"":""Unknown Point Feature"",""layer"":""Cabezal de riego"",""feature_description"":""Cabezal de riego"",""feature_layer_name"":""Hidrantes_ddr001.shp"",""index_in_layer"":290}"
"291","1454","780003.944972","2465027.25917","UNKNOWN","17","2020","0","1935.15","1","10","{""feature_name"":""<UNNAMED FEATURE>"",""feature_type"":""Unknown Point Feature"",""layer"":""Cabezal de riego"",""feature_description"":""Cabezal de riego"",""feature_layer_name"":""Hidrantes_ddr001.shp"",""index_in_layer"":289}"
"289","1455","779998.205906","2465426.64343","UNKNOWN","17","2022","0","1934.5601","1","10","{""feature_name"":""<UNNAMED FEATURE>"",""feature_type"":""Unknown Point Feature"",""layer"":""Cabezal de riego"",""feature_description"":""Cabezal de riego"",""feature_layer_name"":""Hidrantes_ddr001.shp"",""index_in_layer"":287}"
"288","1456","780056.241303","2465657.7392","UNKNOWN","17","2022","0","1932.85","2","10","{""feature_name"":""<UNNAMED FEATURE>"",""feature_type"":""Unknown Point Feature"",""layer"":""Cabezal de riego"",""feature_description"":""Cabezal de riego"",""feature_layer_name"":""Hidrantes_ddr001.shp"",""index_in_layer"":286}"
"287","1457","780025.718983","2466052.91023","UNKNOWN","17","2020","0","1934.11","3","10","{""feature_name"":""<UNNAMED FEATURE>"",""feature_type"":""Unknown Point Feature"",""layer"":""Cabezal de riego"",""feature_description"":""Cabezal de riego"",""feature_layer_name"":""Hidrantes_ddr001.shp"",""index_in_layer"":285}"
"462","1459","780138.603009","2460771.62906","UNKNOWN","15","2017","0","1928.76","3","10","{""feature_name"":""<UNNAMED FEATURE>"",""feature_type"":""Unknown Point Feature"",""layer"":""Cabezal de riego"",""feature_description"":""Cabezal de riego"",""feature_layer_name"":""Hidrantes_ddr001.shp"",""index_in_layer"":460}"
"283","1472","781166.008706","2464532.7966","UNKNOWN","17","2010","0","1919.74","3","10","{""feature_name"":""<UNNAMED FEATURE>"",""feature_type"":""Unknown Point Feature"",""layer"":""Cabezal de riego"",""feature_description"":""Cabezal de riego"",""feature_layer_name"":""Hidrantes_ddr001.shp"",""index_in_layer"":281}"
"284","1474","781270.374106","2464539.5571","UNKNOWN","17","2014","0","1921.27","3","10","{""feature_name"":""<UNNAMED FEATURE>"",""feature_type"":""Unknown Point Feature"",""layer"":""Cabezal de riego"",""feature_description"":""Cabezal de riego"",""feature_layer_name"":""Hidrantes_ddr001.shp"",""index_in_layer"":282}"
"252","1475","781424.165968","2463351.95079","UNKNOWN","17","2017","0","1919.24","3","10","{""feature_name"":""<UNNAMED FEATURE>"",""feature_type"":""Unknown Point Feature"",""layer"":""Cabezal de riego"",""feature_description"":""Cabezal de riego"",""feature_layer_name"":""Hidrantes_ddr001.shp"",""index_in_layer"":250}"
"280","1476","780853.469878","2464481.61187","UNKNOWN","17","2017","0","1921.05","3","10","{""feature_name"":""<UNNAMED FEATURE>"",""feature_type"":""Unknown Point Feature"",""layer"":""Cabezal de riego"",""feature_description"":""Cabezal de riego"",""feature_layer_name"":""Hidrantes_ddr001.shp"",""index_in_layer"":278}"
"279","1477","780681.502061","2464471.41938","UNKNOWN","17","2017","0","1923.0601","3","10","{""feature_name"":""<UNNAMED FEATURE>"",""feature_type"":""Unknown Point Feature"",""layer"":""Cabezal de riego"",""feature_description"":""Cabezal de riego"",""feature_layer_name"":""Hidrantes_ddr001.shp"",""index_in_layer"":277}"
"275","1478","780492.074892","2464457.03582","UNKNOWN","17","2017","0","1846.78","3","10","{""feature_name"":""<UNNAMED FEATURE>"",""feature_type"":""Unknown Point Feature"",""layer"":""Cabezal de riego"",""feature_description"":""Cabezal de riego"",""feature_layer_name"":""Hidrantes_ddr001.shp"",""index_in_layer"":273}"
"276","1479","780522.389489","2464159.82146","UNKNOWN","17","2017","0","1924.37","3","10","{""feature_name"":""<UNNAMED FEATURE>"",""feature_type"":""Unknown Point Feature"",""layer"":""Cabezal de riego"",""feature_description"":""Cabezal de riego"",""feature_layer_name"":""Hidrantes_ddr001.shp"",""index_in_layer"":274}"
"1181","1491","778791.482795","2458555.50385","UNKNOWN","14","2014","0","1924","3","10","{""feature_name"":""<UNNAMED FEATURE>"",""feature_type"":""Unknown Point Feature"",""layer"":""Cabezal de riego"",""feature_description"":""Cabezal de riego"",""feature_layer_name"":""Hidrantes_ddr001.shp"",""index_in_layer"":1179}"
"1215","1495","775519.293414","2455938.38445","UNKNOWN","13","2014","0","1937.34","3","10","{""feature_name"":""<UNNAMED FEATURE>"",""feature_type"":""Unknown Point Feature"",""layer"":""Cabezal de riego"",""feature_description"":""Cabezal de riego"",""feature_layer_name"":""Hidrantes_ddr001.shp"",""index_in_layer"":1213}"
"711","1496","780366.494761","2457652.75387","UNKNOWN","8","2010","0","1927.08","3","10","{""feature_name"":""<UNNAMED FEATURE>"",""feature_type"":""Unknown Point Feature"",""layer"":""Cabezal de riego"",""feature_description"":""Cabezal de riego"",""feature_layer_name"":""Hidrantes_ddr001.shp"",""index_in_layer"":709}"
"1907","1497","782565.707306","2465283.68027","UNKNOWN","18","2025","20","1914.0839","3","10","{""feature_name"":""<UNNAMED FEATURE>"",""feature_type"":""Unknown Point Feature"",""layer"":""Cabezal de riego"",""feature_description"":""Cabezal de riego"",""feature_layer_name"":""Hidrantes_ddr001.shp"",""index_in_layer"":1905}"
"282","1498","781077.550398","2464513.35846","UNKNOWN","17","2014","0","1919.08","3","10","{""feature_name"":""<UNNAMED FEATURE>"",""feature_type"":""Unknown Point Feature"",""layer"":""Cabezal de riego"",""feature_description"":""Cabezal de riego"",""feature_layer_name"":""Hidrantes_ddr001.shp"",""index_in_layer"":280}"
"1184","1511","778612.083128","2459871.52784","UNKNOWN","14","2014","0","1929.74","3","10","{""feature_name"":""<UNNAMED FEATURE>"",""feature_type"":""Unknown Point Feature"",""layer"":""Cabezal de riego"",""feature_description"":""Cabezal de riego"",""feature_layer_name"":""Hidrantes_ddr001.shp"",""index_in_layer"":1182}"
"262","1540","781773.39242","2463514.73465","UNKNOWN","17","2014","0","1921.72","3","10","{""feature_name"":""<UNNAMED FEATURE>"",""feature_type"":""Unknown Point Feature"",""layer"":""Cabezal de riego"",""feature_description"":""Cabezal de riego"",""feature_layer_name"":""Hidrantes_ddr001.shp"",""index_in_layer"":260}"
"935","156","782098.60052","2449204.03485","UNKNOWN","10","2010","0","1889.12","0","10","{""feature_name"":""<UNNAMED FEATURE>"",""feature_type"":""Unknown Point Feature"",""layer"":""Cabezal de riego"",""feature_description"":""Cabezal de riego"",""feature_layer_name"":""Hidrantes_ddr001.shp"",""index_in_layer"":933}"
"286","1596","780129.357866","2466271.30807","UNKNOWN","17","2020","0","1932.5","3","10","{""feature_name"":""<UNNAMED FEATURE>"",""feature_type"":""Unknown Point Feature"",""layer"":""Cabezal de riego"",""feature_description"":""Cabezal de riego"",""feature_layer_name"":""Hidrantes_ddr001.shp"",""index_in_layer"":284}"
"1398","16","774700.170873","2449751.68194","UNKNOWN","1","","345","1893.0854","2","10","{""feature_name"":""<UNNAMED FEATURE>"",""feature_type"":""Unknown Point Feature"",""layer"":""Cabezal de riego"",""feature_description"":""Cabezal de riego"",""feature_layer_name"":""Hidrantes_ddr001.shp"",""index_in_layer"":1396,""invalid_installation_year"":""0""}"
"99","1653","784599.3993","2465276.514","UNKNOWN","19","2025","130","1919.2562","0","10","{""feature_name"":""<UNNAMED FEATURE>"",""feature_type"":""Unknown Point Feature"",""layer"":""Cabezal de riego"",""feature_description"":""Cabezal de riego"",""feature_layer_name"":""Hidrantes_ddr001.shp"",""index_in_layer"":97}"
"155","1654","783943.4725","2467608.906","UNKNOWN","19","2025","110","1923.158","0","10","{""feature_name"":""<UNNAMED FEATURE>"",""feature_type"":""Unknown Point Feature"",""layer"":""Cabezal de riego"",""feature_description"":""Cabezal de riego"",""feature_layer_name"":""Hidrantes_ddr001.shp"",""index_in_layer"":153}"
"156","1656","783958.844","2467625.924","UNKNOWN","19","2025","90","1923.3313","0","10","{""feature_name"":""<UNNAMED FEATURE>"",""feature_type"":""Unknown Point Feature"",""layer"":""Cabezal de riego"",""feature_description"":""Cabezal de riego"",""feature_layer_name"":""Hidrantes_ddr001.shp"",""index_in_layer"":154}"
"65","1657","784142.1376","2466389.157","UNKNOWN","19","2025","135","1921.7378","0","10","{""feature_name"":""<UNNAMED FEATURE>"",""feature_type"":""Unknown Point Feature"",""layer"":""Cabezal de riego"",""feature_description"":""Cabezal de riego"",""feature_layer_name"":""Hidrantes_ddr001.shp"",""index_in_layer"":63}"
"158","1659","784163.1826","2467625.541","UNKNOWN","19","2025","120","1923.0487","0","10","{""feature_name"":""<UNNAMED FEATURE>"",""feature_type"":""Unknown Point Feature"",""layer"":""Cabezal de riego"",""feature_description"":""Cabezal de riego"",""feature_layer_name"":""Hidrantes_ddr001.shp"",""index_in_layer"":156}"
"159","1662","784229.9239","2467519.771","UNKNOWN","19","2025","60","1922.2686","0","10","{""feature_name"":""<UNNAMED FEATURE>"",""feature_type"":""Unknown Point Feature"",""layer"":""Cabezal de riego"",""feature_description"":""Cabezal de riego"",""feature_layer_name"":""Hidrantes_ddr001.shp"",""index_in_layer"":157}"
"171","1663","784828.1629","2465671.9516","UNKNOWN","19","2025","100","0","0","10","{""feature_name"":""<UNNAMED FEATURE>"",""feature_type"":""Unknown Point Feature"",""layer"":""Cabezal de riego"",""feature_description"":""Cabezal de riego"",""feature_layer_name"":""Hidrantes_ddr001.shp"",""index_in_layer"":169}"
"154","1666","783937.0157","2467624.603","UNKNOWN","19","2025","140","1923.2831","0","10","{""feature_name"":""<UNNAMED FEATURE>"",""feature_type"":""Unknown Point Feature"",""layer"":""Cabezal de riego"",""feature_description"":""Cabezal de riego"",""feature_layer_name"":""Hidrantes_ddr001.shp"",""index_in_layer"":152}"
"151","1667","783773.8541","2467371.244","UNKNOWN","19","2025","130","1922.079","0","10","{""feature_name"":""<UNNAMED FEATURE>"",""feature_type"":""Unknown Point Feature"",""layer"":""Cabezal de riego"",""feature_description"":""Cabezal de riego"",""feature_layer_name"":""Hidrantes_ddr001.shp"",""index_in_layer"":149}"
"150","1668","783811.5889","2467363.498","UNKNOWN","19","2025","100","1921.8861","0","10","{""feature_name"":""<UNNAMED FEATURE>"",""feature_type"":""Unknown Point Feature"",""layer"":""Cabezal de riego"",""feature_description"":""Cabezal de riego"",""feature_layer_name"":""Hidrantes_ddr001.shp"",""index_in_layer"":148}"
"149","1669","783878.7827","2467349.279","UNKNOWN","19","2025","135","1921.9279","0","10","{""feature_name"":""<UNNAMED FEATURE>"",""feature_type"":""Unknown Point Feature"",""layer"":""Cabezal de riego"",""feature_description"":""Cabezal de riego"",""feature_layer_name"":""Hidrantes_ddr001.shp"",""index_in_layer"":147}"
"146","1674","784118.4466","2467290.064","UNKNOWN","19","2025","110","1921.4988","0","10","{""feature_name"":""<UNNAMED FEATURE>"",""feature_type"":""Unknown Point Feature"",""layer"":""Cabezal de riego"",""feature_description"":""Cabezal de riego"",""feature_layer_name"":""Hidrantes_ddr001.shp"",""index_in_layer"":144}"
"1908","1675","784172.479782","2467276.84946","UNKNOWN","19","2025","110","1921.4988","3","10","{""feature_name"":""<UNNAMED FEATURE>"",""feature_type"":""Unknown Point Feature"",""layer"":""Cabezal de riego"",""feature_description"":""Cabezal de riego"",""feature_layer_name"":""Hidrantes_ddr001.shp"",""index_in_layer"":1906}"
"144","1677","783668.6997","2467041.951","UNKNOWN","19","2025","45","1920.8677","0","10","{""feature_name"":""<UNNAMED FEATURE>"",""feature_type"":""Unknown Point Feature"",""layer"":""Cabezal de riego"",""feature_description"":""Cabezal de riego"",""feature_layer_name"":""Hidrantes_ddr001.shp"",""index_in_layer"":142}"
"170","1678","784892.992525","2465590.08571","UNKNOWN","19","2025","0","0","0","10","{""feature_name"":""<UNNAMED FEATURE>"",""feature_type"":""Unknown Point Feature"",""layer"":""Cabezal de riego"",""feature_description"":""Cabezal de riego"",""feature_layer_name"":""Hidrantes_ddr001.shp"",""index_in_layer"":168}"
"95","1680","784451.4825","2465506.074","UNKNOWN","19","2025","120","1919.9572","0","10","{""feature_name"":""<UNNAMED FEATURE>"",""feature_type"":""Unknown Point Feature"",""layer"":""Cabezal de riego"",""feature_description"":""Cabezal de riego"",""feature_layer_name"":""Hidrantes_ddr001.shp"",""index_in_layer"":93}"
"167","1682","783824.916232","2466682.95049","UNKNOWN","19","2025","135","0","0","10","{""feature_name"":""<UNNAMED FEATURE>"",""feature_type"":""Unknown Point Feature"",""layer"":""Cabezal de riego"",""feature_description"":""Cabezal de riego"",""feature_layer_name"":""Hidrantes_ddr001.shp"",""index_in_layer"":165}"
"128","1683","783609.399159","2465482.86579","UNKNOWN","19","2025","60","1919.916","0","10","{""feature_name"":""<UNNAMED FEATURE>"",""feature_type"":""Unknown Point Feature"",""layer"":""Cabezal de riego"",""feature_description"":""Cabezal de riego"",""feature_layer_name"":""Hidrantes_ddr001.shp"",""index_in_layer"":126}"
"134","1684","783306.7807","2466317.651","UNKNOWN","19","2025","0","1918.7533","0","10","{""feature_name"":""<UNNAMED FEATURE>"",""feature_type"":""Unknown Point Feature"",""layer"":""Cabezal de riego"",""feature_description"":""Cabezal de riego"",""feature_layer_name"":""Hidrantes_ddr001.shp"",""index_in_layer"":132}"
"126","1685","783215.043257","2465620.99733","UNKNOWN","19","2025","130","1917.5835","0","10","{""feature_name"":""<UNNAMED FEATURE>"",""feature_type"":""Unknown Point Feature"",""layer"":""Cabezal de riego"",""feature_description"":""Cabezal de riego"",""feature_layer_name"":""Hidrantes_ddr001.shp"",""index_in_layer"":124}"
"141","1686","783459.3061","2465972.56","UNKNOWN","19","2025","180","1917.868","0","10","{""feature_name"":""<UNNAMED FEATURE>"",""feature_type"":""Unknown Point Feature"",""layer"":""Cabezal de riego"",""feature_description"":""Cabezal de riego"",""feature_layer_name"":""Hidrantes_ddr001.shp"",""index_in_layer"":139}"
"136","1687","783096.2429","2466398.085","UNKNOWN","19","2025","90","1919.0798","0","10","{""feature_name"":""<UNNAMED FEATURE>"",""feature_type"":""Unknown Point Feature"",""layer"":""Cabezal de riego"",""feature_description"":""Cabezal de riego"",""feature_layer_name"":""Hidrantes_ddr001.shp"",""index_in_layer"":134}"
"131","1688","783294.648671","2465825.97034","UNKNOWN","19","2025","135","0","0","10","{""feature_name"":""<UNNAMED FEATURE>"",""feature_type"":""Unknown Point Feature"",""layer"":""Cabezal de riego"",""feature_description"":""Cabezal de riego"",""feature_layer_name"":""Hidrantes_ddr001.shp"",""index_in_layer"":129}"
"132","1689","783038.9064","2465872.904","UNKNOWN","19","2025","90","1918.2201","0","10","{""feature_name"":""<UNNAMED FEATURE>"",""feature_type"":""Unknown Point Feature"",""layer"":""Cabezal de riego"",""feature_description"":""Cabezal de riego"",""feature_layer_name"":""Hidrantes_ddr001.shp"",""index_in_layer"":130}"
"129","1690","783420.9837","2465799.963","UNKNOWN","19","2025","70","1917.6464","0","10","{""feature_name"":""<UNNAMED FEATURE>"",""feature_type"":""Unknown Point Feature"",""layer"":""Cabezal de riego"",""feature_description"":""Cabezal de riego"",""feature_layer_name"":""Hidrantes_ddr001.shp"",""index_in_layer"":127}"
"139","1692","783267.4133","2465984.516","UNKNOWN","19","2025","45","1917.9949","0","10","{""feature_name"":""<UNNAMED FEATURE>"",""feature_type"":""Unknown Point Feature"",""layer"":""Cabezal de riego"",""feature_description"":""Cabezal de riego"",""feature_layer_name"":""Hidrantes_ddr001.shp"",""index_in_layer"":137}"
"138","1694","783259.534","2465990.882","UNKNOWN","19","2025","150","1917.9877","0","10","{""feature_name"":""<UNNAMED FEATURE>"",""feature_type"":""Unknown Point Feature"",""layer"":""Cabezal de riego"",""feature_description"":""Cabezal de riego"",""feature_layer_name"":""Hidrantes_ddr001.shp"",""index_in_layer"":136}"
"143","1695","783770.7733","2466390.639","UNKNOWN","19","2025","260","1919.9045","0","10","{""feature_name"":""<UNNAMED FEATURE>"",""feature_type"":""Unknown Point Feature"",""layer"":""Cabezal de riego"",""feature_description"":""Cabezal de riego"",""feature_layer_name"":""Hidrantes_ddr001.shp"",""index_in_layer"":141}"
"142","1696","783461.0319","2465972.25","UNKNOWN","19","2025","0","1917.8434","0","10","{""feature_name"":""<UNNAMED FEATURE>"",""feature_type"":""Unknown Point Feature"",""layer"":""Cabezal de riego"",""feature_description"":""Cabezal de riego"",""feature_layer_name"":""Hidrantes_ddr001.shp"",""index_in_layer"":140}"
"109","1697","783466.1375","2466349.072","UNKNOWN","19","2025","180","1919.1138","0","10","{""feature_name"":""<UNNAMED FEATURE>"",""feature_type"":""Unknown Point Feature"",""layer"":""Cabezal de riego"",""feature_description"":""Cabezal de riego"",""feature_layer_name"":""Hidrantes_ddr001.shp"",""index_in_layer"":107}"
"135","1699","783181.4779","2466420.993","UNKNOWN","19","2025","90","1918.5436","0","10","{""feature_name"":""<UNNAMED FEATURE>"",""feature_type"":""Unknown Point Feature"",""layer"":""Cabezal de riego"",""feature_description"":""Cabezal de riego"",""feature_layer_name"":""Hidrantes_ddr001.shp"",""index_in_layer"":133}"
"1397","17","774705.565518","2449748.46703","UNKNOWN","1","","30","1893.076","3","10","{""feature_name"":""<UNNAMED FEATURE>"",""feature_type"":""Unknown Point Feature"",""layer"":""Cabezal de riego"",""feature_description"":""Cabezal de riego"",""feature_layer_name"":""Hidrantes_ddr001.shp"",""index_in_layer"":1395,""invalid_installation_year"":""0""}"
"133","1701","783635.1703","2465898.093","UNKNOWN","19","2025","220","1917.6038","0","10","{""feature_name"":""<UNNAMED FEATURE>"",""feature_type"":""Unknown Point Feature"",""layer"":""Cabezal de riego"",""feature_description"":""Cabezal de riego"",""feature_layer_name"":""Hidrantes_ddr001.shp"",""index_in_layer"":131}"
"137","1702","783196.680407","2465999.05667","UNKNOWN","19","2025","180","0","0","10","{""feature_name"":""<UNNAMED FEATURE>"",""feature_type"":""Unknown Point Feature"",""layer"":""Cabezal de riego"",""feature_description"":""Cabezal de riego"",""feature_layer_name"":""Hidrantes_ddr001.shp"",""index_in_layer"":135}"
"111","1703","783457.5206","2465294.378","UNKNOWN","19","2025","120","1917.243","0","10","{""feature_name"":""<UNNAMED FEATURE>"",""feature_type"":""Unknown Point Feature"",""layer"":""Cabezal de riego"",""feature_description"":""Cabezal de riego"",""feature_layer_name"":""Hidrantes_ddr001.shp"",""index_in_layer"":109}"
"130","1704","783367.167751","2465811.2377","UNKNOWN","19","2025","120","1917.4969","0","10","{""feature_name"":""<UNNAMED FEATURE>"",""feature_type"":""Unknown Point Feature"",""layer"":""Cabezal de riego"",""feature_description"":""Cabezal de riego"",""feature_layer_name"":""Hidrantes_ddr001.shp"",""index_in_layer"":128}"
"125","1705","783306.890434","2465591.72727","UNKNOWN","19","2025","120","1918.0303","0","10","{""feature_name"":""<UNNAMED FEATURE>"",""feature_type"":""Unknown Point Feature"",""layer"":""Cabezal de riego"",""feature_description"":""Cabezal de riego"",""feature_layer_name"":""Hidrantes_ddr001.shp"",""index_in_layer"":123}"
"127","1706","783005.6992","2465549.576","UNKNOWN","19","2025","0","1917.1342","0","10","{""feature_name"":""<UNNAMED FEATURE>"",""feature_type"":""Unknown Point Feature"",""layer"":""Cabezal de riego"",""feature_description"":""Cabezal de riego"",""feature_layer_name"":""Hidrantes_ddr001.shp"",""index_in_layer"":125}"
"55","1708","784330.2207","2466783.026","UNKNOWN","19","2025","315","1923.0002","0","10","{""feature_name"":""<UNNAMED FEATURE>"",""feature_type"":""Unknown Point Feature"",""layer"":""Cabezal de riego"",""feature_description"":""Cabezal de riego"",""feature_layer_name"":""Hidrantes_ddr001.shp"",""index_in_layer"":53}"
"54","1711","784298.105882","2466776.78547","UNKNOWN","19","2025","60","0","0","10","{""feature_name"":""<UNNAMED FEATURE>"",""feature_type"":""Unknown Point Feature"",""layer"":""Cabezal de riego"",""feature_description"":""Cabezal de riego"",""feature_layer_name"":""Hidrantes_ddr001.shp"",""index_in_layer"":52}"
"1887","1713","784612.723974","2466740.29568","UNKNOWN","19","2025","135","1922.78","2","10","{""feature_name"":""<UNNAMED FEATURE>"",""feature_type"":""Unknown Point Feature"",""layer"":""Cabezal de riego"",""feature_description"":""Cabezal de riego"",""feature_layer_name"":""Hidrantes_ddr001.shp"",""index_in_layer"":1885}"
"57","1714","784554.9133","2466745.432","UNKNOWN","19","2025","135","1922.8406","0","10","{""feature_name"":""<UNNAMED FEATURE>"",""feature_type"":""Unknown Point Feature"",""layer"":""Cabezal de riego"",""feature_description"":""Cabezal de riego"",""feature_layer_name"":""Hidrantes_ddr001.shp"",""index_in_layer"":55}"
"76","1715","784186.8465","2466173.803","UNKNOWN","19","2025","100","1921.2053","0","10","{""feature_name"":""<UNNAMED FEATURE>"",""feature_type"":""Unknown Point Feature"",""layer"":""Cabezal de riego"",""feature_description"":""Cabezal de riego"",""feature_layer_name"":""Hidrantes_ddr001.shp"",""index_in_layer"":74}"
"56","1717","784445.891375","2466759.96932","UNKNOWN","19","2025","135","1922.9969","0","10","{""feature_name"":""<UNNAMED FEATURE>"",""feature_type"":""Unknown Point Feature"",""layer"":""Cabezal de riego"",""feature_description"":""Cabezal de riego"",""feature_layer_name"":""Hidrantes_ddr001.shp"",""index_in_layer"":54}"
"39","1719","784789.7792","2466480.602","UNKNOWN","19","2025","135","1923.1115","0","10","{""feature_name"":""<UNNAMED FEATURE>"",""feature_type"":""Unknown Point Feature"",""layer"":""Cabezal de riego"",""feature_description"":""Cabezal de riego"",""feature_layer_name"":""Hidrantes_ddr001.shp"",""index_in_layer"":37}"
"63","1722","784291.2742","2466576.246","UNKNOWN","19","2025","90","1922.1254","0","10","{""feature_name"":""<UNNAMED FEATURE>"",""feature_type"":""Unknown Point Feature"",""layer"":""Cabezal de riego"",""feature_description"":""Cabezal de riego"",""feature_layer_name"":""Hidrantes_ddr001.shp"",""index_in_layer"":61}"
"62","1723","784448.453557","2466559.64293","UNKNOWN","19","2025","140","1922.319","0","10","{""feature_name"":""<UNNAMED FEATURE>"",""feature_type"":""Unknown Point Feature"",""layer"":""Cabezal de riego"",""feature_description"":""Cabezal de riego"",""feature_layer_name"":""Hidrantes_ddr001.shp"",""index_in_layer"":60}"
"68","1725","784499.7211","2466351.116","UNKNOWN","19","2025","70","1921.8593","0","10","{""feature_name"":""<UNNAMED FEATURE>"",""feature_type"":""Unknown Point Feature"",""layer"":""Cabezal de riego"",""feature_description"":""Cabezal de riego"",""feature_layer_name"":""Hidrantes_ddr001.shp"",""index_in_layer"":66}"
"157","1729","784018.2185","2467638.003","UNKNOWN","19","2025","90","1923.4753","0","10","{""feature_name"":""<UNNAMED FEATURE>"",""feature_type"":""Unknown Point Feature"",""layer"":""Cabezal de riego"",""feature_description"":""Cabezal de riego"",""feature_layer_name"":""Hidrantes_ddr001.shp"",""index_in_layer"":155}"
"37","1730","784908.1911","2466304.3","UNKNOWN","19","2025","90","1922.8823","0","10","{""feature_name"":""<UNNAMED FEATURE>"",""feature_type"":""Unknown Point Feature"",""layer"":""Cabezal de riego"",""feature_description"":""Cabezal de riego"",""feature_layer_name"":""Hidrantes_ddr001.shp"",""index_in_layer"":35}"
"71","1731","784643.682","2466125.315","UNKNOWN","19","2025","120","1922.4976","0","10","{""feature_name"":""<UNNAMED FEATURE>"",""feature_type"":""Unknown Point Feature"",""layer"":""Cabezal de riego"",""feature_description"":""Cabezal de riego"",""feature_layer_name"":""Hidrantes_ddr001.shp"",""index_in_layer"":69}"
"35","1732","784794.3263","2466317.128","UNKNOWN","19","2025","130","1922.8156","0","10","{""feature_name"":""<UNNAMED FEATURE>"",""feature_type"":""Unknown Point Feature"",""layer"":""Cabezal de riego"",""feature_description"":""Cabezal de riego"",""feature_layer_name"":""Hidrantes_ddr001.shp"",""index_in_layer"":33}"
"79","1733","784047.5404","2465969.297","UNKNOWN","19","2025","130","1920.9615","0","10","{""feature_name"":""<UNNAMED FEATURE>"",""feature_type"":""Unknown Point Feature"",""layer"":""Cabezal de riego"",""feature_description"":""Cabezal de riego"",""feature_layer_name"":""Hidrantes_ddr001.shp"",""index_in_layer"":77}"
"34","1734","784713.2231","2466116.718","UNKNOWN","19","2025","","1922.5446","0","10","{""feature_name"":""<UNNAMED FEATURE>"",""feature_type"":""Unknown Point Feature"",""layer"":""Cabezal de riego"",""feature_description"":""Cabezal de riego"",""feature_layer_name"":""Hidrantes_ddr001.shp"",""index_in_layer"":32,""invalid_installation_angle_deg"":""800""}"
"67","1738","784405.1706","2466362.936","UNKNOWN","19","2025","95","1921.0396","0","10","{""feature_name"":""<UNNAMED FEATURE>"",""feature_type"":""Unknown Point Feature"",""layer"":""Cabezal de riego"",""feature_description"":""Cabezal de riego"",""feature_layer_name"":""Hidrantes_ddr001.shp"",""index_in_layer"":65}"
"66","1739","784295.2645","2466375.689","UNKNOWN","19","2025","75","1921.905","0","10","{""feature_name"":""<UNNAMED FEATURE>"",""feature_type"":""Unknown Point Feature"",""layer"":""Cabezal de riego"",""feature_description"":""Cabezal de riego"",""feature_layer_name"":""Hidrantes_ddr001.shp"",""index_in_layer"":64}"
"1000","1740","783732.09181","2453701.83971","UNKNOWN","11","2017","0","1913.4301","3","20","{""feature_name"":""<UNNAMED FEATURE>"",""feature_type"":""Unknown Point Feature"",""layer"":""Cabezal de riego"",""feature_description"":""Cabezal de riego"",""feature_layer_name"":""Hidrantes_ddr001.shp"",""index_in_layer"":998}"
"41","1742","784995.5181","2466070.884","UNKNOWN","19","2025","90","1922.4871","0","10","{""feature_name"":""<UNNAMED FEATURE>"",""feature_type"":""Unknown Point Feature"",""layer"":""Cabezal de riego"",""feature_description"":""Cabezal de riego"",""feature_layer_name"":""Hidrantes_ddr001.shp"",""index_in_layer"":39}"
"40","1743","784947.971","2466093.997","UNKNOWN","19","2025","70","1922.4167","0","10","{""feature_name"":""<UNNAMED FEATURE>"",""feature_type"":""Unknown Point Feature"",""layer"":""Cabezal de riego"",""feature_description"":""Cabezal de riego"",""feature_layer_name"":""Hidrantes_ddr001.shp"",""index_in_layer"":38}"
"73","1750","784539.4576","2466137.733","UNKNOWN","19","2025","120","1921.7772","0","10","{""feature_name"":""<UNNAMED FEATURE>"",""feature_type"":""Unknown Point Feature"",""layer"":""Cabezal de riego"",""feature_description"":""Cabezal de riego"",""feature_layer_name"":""Hidrantes_ddr001.shp"",""index_in_layer"":71}"
"74","1751","784442.2873","2466146.873","UNKNOWN","19","2025","120","1921.4397","0","10","{""feature_name"":""<UNNAMED FEATURE>"",""feature_type"":""Unknown Point Feature"",""layer"":""Cabezal de riego"",""feature_description"":""Cabezal de riego"",""feature_layer_name"":""Hidrantes_ddr001.shp"",""index_in_layer"":72}"
"45","1753","784997.2731","2465653.392","UNKNOWN","19","2025","120","1921.6958","0","10","{""feature_name"":""<UNNAMED FEATURE>"",""feature_type"":""Unknown Point Feature"",""layer"":""Cabezal de riego"",""feature_description"":""Cabezal de riego"",""feature_layer_name"":""Hidrantes_ddr001.shp"",""index_in_layer"":43}"
"32","1758","784856.5933","2465888.661","UNKNOWN","19","2025","60","1921.8564","0","10","{""feature_name"":""<UNNAMED FEATURE>"",""feature_type"":""Unknown Point Feature"",""layer"":""Cabezal de riego"",""feature_description"":""Cabezal de riego"",""feature_layer_name"":""Hidrantes_ddr001.shp"",""index_in_layer"":30}"
"33","1759","784850.834","2465888.884","UNKNOWN","19","2025","130","1921.8003","0","10","{""feature_name"":""<UNNAMED FEATURE>"",""feature_type"":""Unknown Point Feature"",""layer"":""Cabezal de riego"",""feature_description"":""Cabezal de riego"",""feature_layer_name"":""Hidrantes_ddr001.shp"",""index_in_layer"":31}"
"31","1760","784758.6423","2465682.458","UNKNOWN","19","2025","135","1921.4333","0","10","{""feature_name"":""<UNNAMED FEATURE>"",""feature_type"":""Unknown Point Feature"",""layer"":""Cabezal de riego"",""feature_description"":""Cabezal de riego"",""feature_layer_name"":""Hidrantes_ddr001.shp"",""index_in_layer"":29}"
"47","1761","785100.3164","2465426.373","UNKNOWN","19","2025","95","1921.4808","0","10","{""feature_name"":""<UNNAMED FEATURE>"",""feature_type"":""Unknown Point Feature"",""layer"":""Cabezal de riego"",""feature_description"":""Cabezal de riego"",""feature_layer_name"":""Hidrantes_ddr001.shp"",""index_in_layer"":45}"
"80","1762","784210.4884","2465855.034","UNKNOWN","19","2025","0","1920.4611","0","10","{""feature_name"":""<UNNAMED FEATURE>"",""feature_type"":""Unknown Point Feature"",""layer"":""Cabezal de riego"",""feature_description"":""Cabezal de riego"",""feature_layer_name"":""Hidrantes_ddr001.shp"",""index_in_layer"":78}"
"81","1763","784399.8681","2465932.141","UNKNOWN","19","2025","90","1921.0396","0","10","{""feature_name"":""<UNNAMED FEATURE>"",""feature_type"":""Unknown Point Feature"",""layer"":""Cabezal de riego"",""feature_description"":""Cabezal de riego"",""feature_layer_name"":""Hidrantes_ddr001.shp"",""index_in_layer"":79}"
"75","1766","784296.0446","2466162.038","UNKNOWN","19","2025","130","1921.1553","0","10","{""feature_name"":""<UNNAMED FEATURE>"",""feature_type"":""Unknown Point Feature"",""layer"":""Cabezal de riego"",""feature_description"":""Cabezal de riego"",""feature_layer_name"":""Hidrantes_ddr001.shp"",""index_in_layer"":73}"
"83","1767","784601.0211","2465908.416","UNKNOWN","19","2025","90","1921.0259","0","10","{""feature_name"":""<UNNAMED FEATURE>"",""feature_type"":""Unknown Point Feature"",""layer"":""Cabezal de riego"",""feature_description"":""Cabezal de riego"",""feature_layer_name"":""Hidrantes_ddr001.shp"",""index_in_layer"":81}"
"44","1769","785011.55","2465654.932","UNKNOWN","19","2025","90","1921.6235","0","10","{""feature_name"":""<UNNAMED FEATURE>"",""feature_type"":""Unknown Point Feature"",""layer"":""Cabezal de riego"",""feature_description"":""Cabezal de riego"",""feature_layer_name"":""Hidrantes_ddr001.shp"",""index_in_layer"":42}"
"1924","1770","783446.950997","2467338.00208","UNKNOWN","19","2025","80","1921.7275","0","10","{""feature_name"":""<UNNAMED FEATURE>"",""feature_type"":""Unknown Point Feature"",""layer"":""Cabezal de riego"",""feature_description"":""Cabezal de riego"",""feature_layer_name"":""Hidrantes_ddr001.shp"",""index_in_layer"":1922}"
"152","1771","783586.7357","2467310.311","UNKNOWN","19","2025","80","1921.7275","0","10","{""feature_name"":""<UNNAMED FEATURE>"",""feature_type"":""Unknown Point Feature"",""layer"":""Cabezal de riego"",""feature_description"":""Cabezal de riego"",""feature_layer_name"":""Hidrantes_ddr001.shp"",""index_in_layer"":150}"
"29","1773","784709.9332","2465464.258","UNKNOWN","19","2025","125","1919.1851","0","10","{""feature_name"":""<UNNAMED FEATURE>"",""feature_type"":""Unknown Point Feature"",""layer"":""Cabezal de riego"",""feature_description"":""Cabezal de riego"",""feature_layer_name"":""Hidrantes_ddr001.shp"",""index_in_layer"":27}"
"87","1775","784201.3693","2465749.312","UNKNOWN","19","2025","120","1920.7037","0","10","{""feature_name"":""<UNNAMED FEATURE>"",""feature_type"":""Unknown Point Feature"",""layer"":""Cabezal de riego"",""feature_description"":""Cabezal de riego"",""feature_layer_name"":""Hidrantes_ddr001.shp"",""index_in_layer"":85}"
"88","1776","784055.6887","2465765.498","UNKNOWN","19","2025","90","1920.2559","0","10","{""feature_name"":""<UNNAMED FEATURE>"",""feature_type"":""Unknown Point Feature"",""layer"":""Cabezal de riego"",""feature_description"":""Cabezal de riego"",""feature_layer_name"":""Hidrantes_ddr001.shp"",""index_in_layer"":86}"
"86","1778","784331.9568","2465628.95","UNKNOWN","19","2025","180","1920.757","0","10","{""feature_name"":""<UNNAMED FEATURE>"",""feature_type"":""Unknown Point Feature"",""layer"":""Cabezal de riego"",""feature_description"":""Cabezal de riego"",""feature_layer_name"":""Hidrantes_ddr001.shp"",""index_in_layer"":84}"
"85","1779","784336.689","2465625.687","UNKNOWN","19","2025","0","1920.114","0","10","{""feature_name"":""<UNNAMED FEATURE>"",""feature_type"":""Unknown Point Feature"",""layer"":""Cabezal de riego"",""feature_description"":""Cabezal de riego"",""feature_layer_name"":""Hidrantes_ddr001.shp"",""index_in_layer"":83}"
"84","1780","784506.6001","2465712.956","UNKNOWN","19","2025","130","1921.2139","0","10","{""feature_name"":""<UNNAMED FEATURE>"",""feature_type"":""Unknown Point Feature"",""layer"":""Cabezal de riego"",""feature_description"":""Cabezal de riego"",""feature_layer_name"":""Hidrantes_ddr001.shp"",""index_in_layer"":82}"
"46","1781","785052.7668","2465434.487","UNKNOWN","19","2025","135","1921.4011","0","10","{""feature_name"":""<UNNAMED FEATURE>"",""feature_type"":""Unknown Point Feature"",""layer"":""Cabezal de riego"",""feature_description"":""Cabezal de riego"",""feature_layer_name"":""Hidrantes_ddr001.shp"",""index_in_layer"":44}"
"169","1783","784948.5807","2465439.6965","UNKNOWN","19","2025","130","0","0","10","{""feature_name"":""<UNNAMED FEATURE>"",""feature_type"":""Unknown Point Feature"",""layer"":""Cabezal de riego"",""feature_description"":""Cabezal de riego"",""feature_layer_name"":""Hidrantes_ddr001.shp"",""index_in_layer"":167}"
"30","1784","784852.8931","2465444.937","UNKNOWN","19","2025","130","1920.7819","0","10","{""feature_name"":""<UNNAMED FEATURE>"",""feature_type"":""Unknown Point Feature"",""layer"":""Cabezal de riego"",""feature_description"":""Cabezal de riego"",""feature_layer_name"":""Hidrantes_ddr001.shp"",""index_in_layer"":28}"
"92","1788","784161.568301","2465544.37798","UNKNOWN","19","2025","130","1920.374","0","10","{""feature_name"":""<UNNAMED FEATURE>"",""feature_type"":""Unknown Point Feature"",""layer"":""Cabezal de riego"",""feature_description"":""Cabezal de riego"",""feature_layer_name"":""Hidrantes_ddr001.shp"",""index_in_layer"":90}"
"93","1789","784242.2045","2465440.003","UNKNOWN","19","2025","180","1918.9547","0","10","{""feature_name"":""<UNNAMED FEATURE>"",""feature_type"":""Unknown Point Feature"",""layer"":""Cabezal de riego"",""feature_description"":""Cabezal de riego"",""feature_layer_name"":""Hidrantes_ddr001.shp"",""index_in_layer"":91}"
"96","1792","784507.7148","2465499.537","UNKNOWN","19","2025","90","1920.1138","0","10","{""feature_name"":""<UNNAMED FEATURE>"",""feature_type"":""Unknown Point Feature"",""layer"":""Cabezal de riego"",""feature_description"":""Cabezal de riego"",""feature_layer_name"":""Hidrantes_ddr001.shp"",""index_in_layer"":94}"
"1085","1793","784578.781093","2460299.56964","UNKNOWN","12","2022","0","1930.86","3","10","{""feature_name"":""<UNNAMED FEATURE>"",""feature_type"":""Unknown Point Feature"",""layer"":""Cabezal de riego"",""feature_description"":""Cabezal de riego"",""feature_layer_name"":""Hidrantes_ddr001.shp"",""index_in_layer"":1083}"
"105","1795","783965.0925","2465353.0738","UNKNOWN","19","2025","130","0","0","10","{""feature_name"":""<UNNAMED FEATURE>"",""feature_type"":""Unknown Point Feature"",""layer"":""Cabezal de riego"",""feature_description"":""Cabezal de riego"",""feature_layer_name"":""Hidrantes_ddr001.shp"",""index_in_layer"":103}"
"106","1796","783972.3248","2465352.289","UNKNOWN","19","2025","70","1919.0328","0","10","{""feature_name"":""<UNNAMED FEATURE>"",""feature_type"":""Unknown Point Feature"",""layer"":""Cabezal de riego"",""feature_description"":""Cabezal de riego"",""feature_layer_name"":""Hidrantes_ddr001.shp"",""index_in_layer"":104}"
"104","1797","784113.3311","2465332.951","UNKNOWN","19","2025","100","1918.5221","0","10","{""feature_name"":""<UNNAMED FEATURE>"",""feature_type"":""Unknown Point Feature"",""layer"":""Cabezal de riego"",""feature_description"":""Cabezal de riego"",""feature_layer_name"":""Hidrantes_ddr001.shp"",""index_in_layer"":102}"
"28","1799","784681.3661","2465259.215","UNKNOWN","19","2025","100","1919.5986","0","10","{""feature_name"":""<UNNAMED FEATURE>"",""feature_type"":""Unknown Point Feature"",""layer"":""Cabezal de riego"",""feature_description"":""Cabezal de riego"",""feature_layer_name"":""Hidrantes_ddr001.shp"",""index_in_layer"":26}"
"1395","18","774824.070613","2449728.83222","UNKNOWN","1","","45","1891.2007","3","10","{""feature_name"":""<UNNAMED FEATURE>"",""feature_type"":""Unknown Point Feature"",""layer"":""Cabezal de riego"",""feature_description"":""Cabezal de riego"",""feature_layer_name"":""Hidrantes_ddr001.shp"",""index_in_layer"":1393,""invalid_installation_year"":""0""}"
"1872","180","777477.949385","2448239.76397","UNKNOWN","1","","90","1907.1095","3","10","{""feature_name"":""<UNNAMED FEATURE>"",""feature_type"":""Unknown Point Feature"",""layer"":""Cabezal de riego"",""feature_description"":""Cabezal de riego"",""feature_layer_name"":""Hidrantes_ddr001.shp"",""index_in_layer"":1870,""invalid_installation_year"":""0""}"
"101","1800","784329.1521","2465217.704","UNKNOWN","19","2025","90","1918.6089","0","10","{""feature_name"":""<UNNAMED FEATURE>"",""feature_type"":""Unknown Point Feature"",""layer"":""Cabezal de riego"",""feature_description"":""Cabezal de riego"",""feature_layer_name"":""Hidrantes_ddr001.shp"",""index_in_layer"":99}"
"100","1801","784464.5909","2465294.932","UNKNOWN","19","2025","100","1919.2424","0","10","{""feature_name"":""<UNNAMED FEATURE>"",""feature_type"":""Unknown Point Feature"",""layer"":""Cabezal de riego"",""feature_description"":""Cabezal de riego"",""feature_layer_name"":""Hidrantes_ddr001.shp"",""index_in_layer"":98}"
"112","1803","783429.9879","2465005.465","UNKNOWN","19","2025","315","1915.5514","0","10","{""feature_name"":""<UNNAMED FEATURE>"",""feature_type"":""Unknown Point Feature"",""layer"":""Cabezal de riego"",""feature_description"":""Cabezal de riego"",""feature_layer_name"":""Hidrantes_ddr001.shp"",""index_in_layer"":110}"
"110","1805","783615.3445","2465129.345","UNKNOWN","19","2025","100","1917.2772","0","10","{""feature_name"":""<UNNAMED FEATURE>"",""feature_type"":""Unknown Point Feature"",""layer"":""Cabezal de riego"",""feature_description"":""Cabezal de riego"",""feature_layer_name"":""Hidrantes_ddr001.shp"",""index_in_layer"":108}"
"656","1807","780071.859434","2455673.21161","UNKNOWN","8","2014","0","1915.76","3","10","{""feature_name"":""<UNNAMED FEATURE>"",""feature_type"":""Unknown Point Feature"",""layer"":""Cabezal de riego"",""feature_description"":""Cabezal de riego"",""feature_layer_name"":""Hidrantes_ddr001.shp"",""index_in_layer"":654}"
"572","1810","783286.440729","2457663.54412","UNKNOWN","15","2017","0","1908.47","2","10","{""feature_name"":""<UNNAMED FEATURE>"",""feature_type"":""Unknown Point Feature"",""layer"":""Cabezal de riego"",""feature_description"":""Cabezal de riego"",""feature_layer_name"":""Hidrantes_ddr001.shp"",""index_in_layer"":570}"
"114","1812","783502.492","2464754.08","UNKNOWN","19","2025","135","1917.3683","0","10","{""feature_name"":""<UNNAMED FEATURE>"",""feature_type"":""Unknown Point Feature"",""layer"":""Cabezal de riego"",""feature_description"":""Cabezal de riego"",""feature_layer_name"":""Hidrantes_ddr001.shp"",""index_in_layer"":112}"
"124","1815","782987.55","2464750.421","UNKNOWN","19","2025","135","1917.9211","3","20","{""feature_name"":""<UNNAMED FEATURE>"",""feature_type"":""Unknown Point Feature"",""layer"":""Cabezal de riego"",""feature_description"":""Cabezal de riego"",""feature_layer_name"":""Hidrantes_ddr001.shp"",""index_in_layer"":122}"
"116","1816","783550.3509","2464762.464","UNKNOWN","19","2025","270","1917.3217","0","10","{""feature_name"":""<UNNAMED FEATURE>"",""feature_type"":""Unknown Point Feature"",""layer"":""Cabezal de riego"",""feature_description"":""Cabezal de riego"",""feature_layer_name"":""Hidrantes_ddr001.shp"",""index_in_layer"":114}"
"303","1820","780036.853864","2462622.61855","UNKNOWN","17","2022","0","1947.59","2","10","{""feature_name"":""<UNNAMED FEATURE>"",""feature_type"":""Unknown Point Feature"",""layer"":""Cabezal de riego"",""feature_description"":""Cabezal de riego"",""feature_layer_name"":""Hidrantes_ddr001.shp"",""index_in_layer"":301}"
"240","1823","782338.659365","2462610.39816","UNKNOWN","17","2010","0","1917.5","3","10","{""feature_name"":""<UNNAMED FEATURE>"",""feature_type"":""Unknown Point Feature"",""layer"":""Cabezal de riego"",""feature_description"":""Cabezal de riego"",""feature_layer_name"":""Hidrantes_ddr001.shp"",""index_in_layer"":238}"
"732","1824","780362.257823","2459945.86824","UNKNOWN","8","2010","0","1929.4399","3","10","{""feature_name"":""<UNNAMED FEATURE>"",""feature_type"":""Unknown Point Feature"",""layer"":""Cabezal de riego"",""feature_description"":""Cabezal de riego"",""feature_layer_name"":""Hidrantes_ddr001.shp"",""index_in_layer"":730}"
"48","1831","785190.4561","2465413.425","UNKNOWN","19","2025","120","1921.4869","0","10","{""feature_name"":""<UNNAMED FEATURE>"",""feature_type"":""Unknown Point Feature"",""layer"":""Cabezal de riego"",""feature_description"":""Cabezal de riego"",""feature_layer_name"":""Hidrantes_ddr001.shp"",""index_in_layer"":46}"
"148","1833","783916.3175","2467336.237","UNKNOWN","19","2025","70","1922.043","0","10","{""feature_name"":""<UNNAMED FEATURE>"",""feature_type"":""Unknown Point Feature"",""layer"":""Cabezal de riego"",""feature_description"":""Cabezal de riego"",""feature_layer_name"":""Hidrantes_ddr001.shp"",""index_in_layer"":146}"
"50","1834","785070.3693","2465212.56","UNKNOWN","19","2025","135","1920.6824","0","10","{""feature_name"":""<UNNAMED FEATURE>"",""feature_type"":""Unknown Point Feature"",""layer"":""Cabezal de riego"",""feature_description"":""Cabezal de riego"",""feature_layer_name"":""Hidrantes_ddr001.shp"",""index_in_layer"":48}"
"49","1835","785219.0943","2465191.533","UNKNOWN","19","2025","135","1921.7114","0","10","{""feature_name"":""<UNNAMED FEATURE>"",""feature_type"":""Unknown Point Feature"",""layer"":""Cabezal de riego"",""feature_description"":""Cabezal de riego"",""feature_layer_name"":""Hidrantes_ddr001.shp"",""index_in_layer"":47}"
"52","1836","784925.127","2465233.235","UNKNOWN","19","2025","130","1920.3032","0","10","{""feature_name"":""<UNNAMED FEATURE>"",""feature_type"":""Unknown Point Feature"",""layer"":""Cabezal de riego"",""feature_description"":""Cabezal de riego"",""feature_layer_name"":""Hidrantes_ddr001.shp"",""index_in_layer"":50}"
"27","1837","784812.0468","2465239.288","UNKNOWN","19","2025","130","1919.8802","0","10","{""feature_name"":""<UNNAMED FEATURE>"",""feature_type"":""Unknown Point Feature"",""layer"":""Cabezal de riego"",""feature_description"":""Cabezal de riego"",""feature_layer_name"":""Hidrantes_ddr001.shp"",""index_in_layer"":25}"
"121","1839","784428.356429","2465066.81937","UNKNOWN","19","2025","135","1918.559","0","10","{""feature_name"":""<UNNAMED FEATURE>"",""feature_type"":""Unknown Point Feature"",""layer"":""Cabezal de riego"",""feature_description"":""Cabezal de riego"",""feature_layer_name"":""Hidrantes_ddr001.shp"",""index_in_layer"":119}"
"122","1840","784225.8701","2465100.714","UNKNOWN","19","2025","120","1918.9235","0","10","{""feature_name"":""<UNNAMED FEATURE>"",""feature_type"":""Unknown Point Feature"",""layer"":""Cabezal de riego"",""feature_description"":""Cabezal de riego"",""feature_layer_name"":""Hidrantes_ddr001.shp"",""index_in_layer"":120}"
"168","1841","784062.291691","2465029.477","UNKNOWN","19","2025","135","0","0","10","{""feature_name"":""<UNNAMED FEATURE>"",""feature_type"":""Unknown Point Feature"",""layer"":""Cabezal de riego"",""feature_description"":""Cabezal de riego"",""feature_layer_name"":""Hidrantes_ddr001.shp"",""index_in_layer"":166}"
"123","1842","784021.9394","2465123.707","UNKNOWN","19","2025","130","1918.2815","0","10","{""feature_name"":""<UNNAMED FEATURE>"",""feature_type"":""Unknown Point Feature"",""layer"":""Cabezal de riego"",""feature_description"":""Cabezal de riego"",""feature_layer_name"":""Hidrantes_ddr001.shp"",""index_in_layer"":121}"
"2","1844","784708.3206","2465023.386","UNKNOWN","19","2025","100","1919.0647","0","10","{""feature_name"":""<UNNAMED FEATURE>"",""feature_type"":""Unknown Point Feature"",""layer"":""Cabezal de riego"",""feature_description"":""Cabezal de riego"",""feature_layer_name"":""Hidrantes_ddr001.shp"",""index_in_layer"":0}"
"102","1845","784282.4174","2465314.958","UNKNOWN","19","2025","95","1919.0983","0","10","{""feature_name"":""<UNNAMED FEATURE>"",""feature_type"":""Unknown Point Feature"",""layer"":""Cabezal de riego"",""feature_description"":""Cabezal de riego"",""feature_layer_name"":""Hidrantes_ddr001.shp"",""index_in_layer"":100}"
"1044","1846","784654.971728","2457914.60097","UNKNOWN","12","2020","0","1928.9399","2","10","{""feature_name"":""<UNNAMED FEATURE>"",""feature_type"":""Unknown Point Feature"",""layer"":""Cabezal de riego"",""feature_description"":""Cabezal de riego"",""feature_layer_name"":""Hidrantes_ddr001.shp"",""index_in_layer"":1042}"
"24","1848","784814.3687","2464593.309","UNKNOWN","19","2025","135","1918.9783","0","10","{""feature_name"":""<UNNAMED FEATURE>"",""feature_type"":""Unknown Point Feature"",""layer"":""Cabezal de riego"",""feature_description"":""Cabezal de riego"",""feature_layer_name"":""Hidrantes_ddr001.shp"",""index_in_layer"":22}"
"626","185","779131.8653","2454205.3106","UNKNOWN","8","2010","0","1918.17","3","10","{""feature_name"":""<UNNAMED FEATURE>"",""feature_type"":""Unknown Point Feature"",""layer"":""Cabezal de riego"",""feature_description"":""Cabezal de riego"",""feature_layer_name"":""Hidrantes_ddr001.shp"",""index_in_layer"":624}"
"6","1850","785222.1184","2464766.52","UNKNOWN","19","2025","180","1921.7911","0","10","{""feature_name"":""<UNNAMED FEATURE>"",""feature_type"":""Unknown Point Feature"",""layer"":""Cabezal de riego"",""feature_description"":""Cabezal de riego"",""feature_layer_name"":""Hidrantes_ddr001.shp"",""index_in_layer"":4}"
"18","1851","785071.7855","2464764.403","UNKNOWN","19","2025","100","1920.5781","0","10","{""feature_name"":""<UNNAMED FEATURE>"",""feature_type"":""Unknown Point Feature"",""layer"":""Cabezal de riego"",""feature_description"":""Cabezal de riego"",""feature_layer_name"":""Hidrantes_ddr001.shp"",""index_in_layer"":16}"
"25","1853","784783.923","2464479.381","UNKNOWN","19","2025","135","1918.4808","0","10","{""feature_name"":""<UNNAMED FEATURE>"",""feature_type"":""Unknown Point Feature"",""layer"":""Cabezal de riego"",""feature_description"":""Cabezal de riego"",""feature_layer_name"":""Hidrantes_ddr001.shp"",""index_in_layer"":23}"
"17","1854","785014.2086","2464762.273","UNKNOWN","19","2025","135","1919.9871","0","10","{""feature_name"":""<UNNAMED FEATURE>"",""feature_type"":""Unknown Point Feature"",""layer"":""Cabezal de riego"",""feature_description"":""Cabezal de riego"",""feature_layer_name"":""Hidrantes_ddr001.shp"",""index_in_layer"":15}"
"23","1856","784700.3678","2464758.861","UNKNOWN","19","2025","135","1918.5872","0","10","{""feature_name"":""<UNNAMED FEATURE>"",""feature_type"":""Unknown Point Feature"",""layer"":""Cabezal de riego"",""feature_description"":""Cabezal de riego"",""feature_layer_name"":""Hidrantes_ddr001.shp"",""index_in_layer"":21}"
"120","1857","784500.0623","2464787.783","UNKNOWN","19","2025","100","1918.4071","0","10","{""feature_name"":""<UNNAMED FEATURE>"",""feature_type"":""Unknown Point Feature"",""layer"":""Cabezal de riego"",""feature_description"":""Cabezal de riego"",""feature_layer_name"":""Hidrantes_ddr001.shp"",""index_in_layer"":118}"
"16","1858","784980.7424","2464583.19","UNKNOWN","19","2025","190","1919.8391","0","10","{""feature_name"":""<UNNAMED FEATURE>"",""feature_type"":""Unknown Point Feature"",""layer"":""Cabezal de riego"",""feature_description"":""Cabezal de riego"",""feature_layer_name"":""Hidrantes_ddr001.shp"",""index_in_layer"":14}"
"119","1859","784340.8129","2464816.165","UNKNOWN","19","2025","130","1917.8452","0","10","{""feature_name"":""<UNNAMED FEATURE>"",""feature_type"":""Unknown Point Feature"",""layer"":""Cabezal de riego"",""feature_description"":""Cabezal de riego"",""feature_layer_name"":""Hidrantes_ddr001.shp"",""index_in_layer"":117}"
"117","1861","783922.6978","2464879.5874","UNKNOWN","19","2025","130","1917.553","0","10","{""feature_name"":""<UNNAMED FEATURE>"",""feature_type"":""Unknown Point Feature"",""layer"":""Cabezal de riego"",""feature_description"":""Cabezal de riego"",""feature_layer_name"":""Hidrantes_ddr001.shp"",""index_in_layer"":115}"
"107","1862","783783.7008","2465368.746","UNKNOWN","19","2025","70","1919.2987","0","10","{""feature_name"":""<UNNAMED FEATURE>"",""feature_type"":""Unknown Point Feature"",""layer"":""Cabezal de riego"",""feature_description"":""Cabezal de riego"",""feature_layer_name"":""Hidrantes_ddr001.shp"",""index_in_layer"":105}"
"7","1863","785216.0146","2464638.245","UNKNOWN","19","2025","135","1921.5853","0","10","{""feature_name"":""<UNNAMED FEATURE>"",""feature_type"":""Unknown Point Feature"",""layer"":""Cabezal de riego"",""feature_description"":""Cabezal de riego"",""feature_layer_name"":""Hidrantes_ddr001.shp"",""index_in_layer"":5}"
"5","1864","785220.3799","2464947.783","UNKNOWN","19","2025","135","1922.005","0","10","{""feature_name"":""<UNNAMED FEATURE>"",""feature_type"":""Unknown Point Feature"",""layer"":""Cabezal de riego"",""feature_description"":""Cabezal de riego"",""feature_layer_name"":""Hidrantes_ddr001.shp"",""index_in_layer"":3}"
"9","1865","785221.2658","2464350.228","UNKNOWN","19","2025","225","1921.9799","0","10","{""feature_name"":""<UNNAMED FEATURE>"",""feature_type"":""Unknown Point Feature"",""layer"":""Cabezal de riego"",""feature_description"":""Cabezal de riego"",""feature_layer_name"":""Hidrantes_ddr001.shp"",""index_in_layer"":7}"
"22","1866","784708.461","2464756.031","UNKNOWN","19","2025","70","1918.7109","0","10","{""feature_name"":""<UNNAMED FEATURE>"",""feature_type"":""Unknown Point Feature"",""layer"":""Cabezal de riego"",""feature_description"":""Cabezal de riego"",""feature_layer_name"":""Hidrantes_ddr001.shp"",""index_in_layer"":20}"
"15","1868","785031.1773","2464567.887","UNKNOWN","19","2025","135","1920.6014","0","10","{""feature_name"":""<UNNAMED FEATURE>"",""feature_type"":""Unknown Point Feature"",""layer"":""Cabezal de riego"",""feature_description"":""Cabezal de riego"",""feature_layer_name"":""Hidrantes_ddr001.shp"",""index_in_layer"":13}"
"196","1869","784964.525529","2463907.71366","UNKNOWN","16","2025","0","1924.9507","0","10","{""feature_name"":""<UNNAMED FEATURE>"",""feature_type"":""Unknown Point Feature"",""layer"":""Cabezal de riego"",""feature_description"":""Cabezal de riego"",""feature_layer_name"":""Hidrantes_ddr001.shp"",""index_in_layer"":194}"
"14","1870","785076.2919","2464460.873","UNKNOWN","19","2025","135","1920.8326","0","10","{""feature_name"":""<UNNAMED FEATURE>"",""feature_type"":""Unknown Point Feature"",""layer"":""Cabezal de riego"",""feature_description"":""Cabezal de riego"",""feature_layer_name"":""Hidrantes_ddr001.shp"",""index_in_layer"":12}"
"11","1871","785008.189833","2464203.13763","UNKNOWN","19","2025","225","-0.0611","0","10","{""feature_name"":""<UNNAMED FEATURE>"",""feature_type"":""Unknown Point Feature"",""layer"":""Cabezal de riego"",""feature_description"":""Cabezal de riego"",""feature_layer_name"":""Hidrantes_ddr001.shp"",""index_in_layer"":9}"
"223","1873","784975.1024","2464054.951","UNKNOWN","16","2025","0","1924.8466","0","10","{""feature_name"":""<UNNAMED FEATURE>"",""feature_type"":""Unknown Point Feature"",""layer"":""Cabezal de riego"",""feature_description"":""Cabezal de riego"",""feature_layer_name"":""Hidrantes_ddr001.shp"",""index_in_layer"":221}"
"12","1875","784897.7479","2464322.528","UNKNOWN","19","2025","225","1920.1588","0","10","{""feature_name"":""<UNNAMED FEATURE>"",""feature_type"":""Unknown Point Feature"",""layer"":""Cabezal de riego"",""feature_description"":""Cabezal de riego"",""feature_layer_name"":""Hidrantes_ddr001.shp"",""index_in_layer"":10}"
"210","1876","784703.90764","2464122.11966","UNKNOWN","16","2025","0","1922.2845","0","10","{""feature_name"":""<UNNAMED FEATURE>"",""feature_type"":""Unknown Point Feature"",""layer"":""Cabezal de riego"",""feature_description"":""Cabezal de riego"",""feature_layer_name"":""Hidrantes_ddr001.shp"",""index_in_layer"":208}"
"200","1877","784671.458021","2463925.6171","UNKNOWN","16","2025","0","0","0","10","{""feature_name"":""<UNNAMED FEATURE>"",""feature_type"":""Unknown Point Feature"",""layer"":""Cabezal de riego"",""feature_description"":""Cabezal de riego"",""feature_layer_name"":""Hidrantes_ddr001.shp"",""index_in_layer"":198}"
"160","1878","784552.2335","2464547.262","UNKNOWN","19","2025","135","1917.9775","0","10","{""feature_name"":""<UNNAMED FEATURE>"",""feature_type"":""Unknown Point Feature"",""layer"":""Cabezal de riego"",""feature_description"":""Cabezal de riego"",""feature_layer_name"":""Hidrantes_ddr001.shp"",""index_in_layer"":158}"
"161","1879","784402.8812","2464574.024","UNKNOWN","19","2025","135","1917.933","0","10","{""feature_name"":""<UNNAMED FEATURE>"",""feature_type"":""Unknown Point Feature"",""layer"":""Cabezal de riego"",""feature_description"":""Cabezal de riego"",""feature_layer_name"":""Hidrantes_ddr001.shp"",""index_in_layer"":159}"
"1932","1880","784471.96808","2464311.22535","UNKNOWN","19","2025","90","1917.4874","0","10","{""feature_name"":""<UNNAMED FEATURE>"",""feature_type"":""Unknown Point Feature"",""layer"":""Cabezal de riego"",""feature_description"":""Cabezal de riego"",""feature_layer_name"":""Hidrantes_ddr001.shp"",""index_in_layer"":1930}"
"166","1881","784231.1172","2464600.791","UNKNOWN","19","2025","135","1917.6971","0","10","{""feature_name"":""<UNNAMED FEATURE>"",""feature_type"":""Unknown Point Feature"",""layer"":""Cabezal de riego"",""feature_description"":""Cabezal de riego"",""feature_layer_name"":""Hidrantes_ddr001.shp"",""index_in_layer"":164}"
"165","1882","784009.4073","2464634.136","UNKNOWN","19","2025","120","1916.2804","0","10","{""feature_name"":""<UNNAMED FEATURE>"",""feature_type"":""Unknown Point Feature"",""layer"":""Cabezal de riego"",""feature_description"":""Cabezal de riego"",""feature_layer_name"":""Hidrantes_ddr001.shp"",""index_in_layer"":163}"
"195","1883","784863.1621","2464187.69","UNKNOWN","16","2025","0","0","0","10","{""feature_name"":""<UNNAMED FEATURE>"",""feature_type"":""Unknown Point Feature"",""layer"":""Cabezal de riego"",""feature_description"":""Cabezal de riego"",""feature_layer_name"":""Hidrantes_ddr001.shp"",""index_in_layer"":193}"
"20","1884","785035.7334","2464869.826","UNKNOWN","19","2025","0","1920.4603","0","10","{""feature_name"":""<UNNAMED FEATURE>"",""feature_type"":""Unknown Point Feature"",""layer"":""Cabezal de riego"",""feature_description"":""Cabezal de riego"",""feature_layer_name"":""Hidrantes_ddr001.shp"",""index_in_layer"":18}"
"8","1885","785220.255","2464499.629","UNKNOWN","19","2025","180","1921.5959","0","10","{""feature_name"":""<UNNAMED FEATURE>"",""feature_type"":""Unknown Point Feature"",""layer"":""Cabezal de riego"",""feature_description"":""Cabezal de riego"",""feature_layer_name"":""Hidrantes_ddr001.shp"",""index_in_layer"":6}"
"162","1886","784348.672","2464300.642","UNKNOWN","19","2025","90","1917.4874","0","10","{""feature_name"":""<UNNAMED FEATURE>"",""feature_type"":""Unknown Point Feature"",""layer"":""Cabezal de riego"",""feature_description"":""Cabezal de riego"",""feature_layer_name"":""Hidrantes_ddr001.shp"",""index_in_layer"":160}"
"163","1887","784184.5749","2464353.198","UNKNOWN","19","2025","110","1917.5428","0","10","{""feature_name"":""<UNNAMED FEATURE>"",""feature_type"":""Unknown Point Feature"",""layer"":""Cabezal de riego"",""feature_description"":""Cabezal de riego"",""feature_layer_name"":""Hidrantes_ddr001.shp"",""index_in_layer"":161}"
"1930","1888","783997.304694","2464378.67724","UNKNOWN","19","2025","110","1917.5428","0","10","{""feature_name"":""<UNNAMED FEATURE>"",""feature_type"":""Unknown Point Feature"",""layer"":""Cabezal de riego"",""feature_description"":""Cabezal de riego"",""feature_layer_name"":""Hidrantes_ddr001.shp"",""index_in_layer"":1928}"
"1931","1889","783824.584349","2464393.91727","UNKNOWN","19","2025","110","1917.5428","0","10","{""feature_name"":""<UNNAMED FEATURE>"",""feature_type"":""Unknown Point Feature"",""layer"":""Cabezal de riego"",""feature_description"":""Cabezal de riego"",""feature_layer_name"":""Hidrantes_ddr001.shp"",""index_in_layer"":1929}"
"19","1896","785126.3246","2464843.996","UNKNOWN","19","2025","0","1921.1465","0","10","{""feature_name"":""<UNNAMED FEATURE>"",""feature_type"":""Unknown Point Feature"",""layer"":""Cabezal de riego"",""feature_description"":""Cabezal de riego"",""feature_layer_name"":""Hidrantes_ddr001.shp"",""index_in_layer"":17}"
"1394","19","774954.750842","2449705.92674","UNKNOWN","1","","20","1888.3174","3","10","{""feature_name"":""<UNNAMED FEATURE>"",""feature_type"":""Unknown Point Feature"",""layer"":""Cabezal de riego"",""feature_description"":""Cabezal de riego"",""feature_layer_name"":""Hidrantes_ddr001.shp"",""index_in_layer"":1392,""invalid_installation_year"":""0""}"
"1935","1905","783654.010949","2463542.04379","UNKNOWN","16","2024","90","0","2","10","{""feature_name"":""<UNNAMED FEATURE>"",""feature_type"":""Unknown Point Feature"",""layer"":""Cabezal de riego"",""feature_description"":""Cabezal de riego"",""feature_layer_name"":""Hidrantes_ddr001.shp"",""index_in_layer"":1933}"
"306","1906","780516.31755","2462503.13819","UNKNOWN","17","2017","0","1871.04","2","10","{""feature_name"":""<UNNAMED FEATURE>"",""feature_type"":""Unknown Point Feature"",""layer"":""Cabezal de riego"",""feature_description"":""Cabezal de riego"",""feature_layer_name"":""Hidrantes_ddr001.shp"",""index_in_layer"":304}"
"10","1914","785219.8651","2464227.119","UNKNOWN","19","2025","225","1921.3802","0","10","{""feature_name"":""<UNNAMED FEATURE>"",""feature_type"":""Unknown Point Feature"",""layer"":""Cabezal de riego"",""feature_description"":""Cabezal de riego"",""feature_layer_name"":""Hidrantes_ddr001.shp"",""index_in_layer"":8}"
"118","1919","784001.162","2464863.4231","UNKNOWN","19","2025","70","1917.677","3","20","{""feature_name"":""<UNNAMED FEATURE>"",""feature_type"":""Unknown Point Feature"",""layer"":""Cabezal de riego"",""feature_description"":""Cabezal de riego"",""feature_layer_name"":""Hidrantes_ddr001.shp"",""index_in_layer"":116}"
"197","1923","785040.468256","2463910.71426","UNKNOWN","16","2025","0","1925.6512","0","10","{""feature_name"":""<UNNAMED FEATURE>"",""feature_type"":""Unknown Point Feature"",""layer"":""Cabezal de riego"",""feature_description"":""Cabezal de riego"",""feature_layer_name"":""Hidrantes_ddr001.shp"",""index_in_layer"":195}"
"194","1924","785219.226","2464217.587","UNKNOWN","16","2025","0","1925.9998","0","10","{""feature_name"":""<UNNAMED FEATURE>"",""feature_type"":""Unknown Point Feature"",""layer"":""Cabezal de riego"",""feature_description"":""Cabezal de riego"",""feature_layer_name"":""Hidrantes_ddr001.shp"",""index_in_layer"":192}"
"1062","1925","784415.40019","2459045.34429","UNKNOWN","12","2020","0","1928.5601","3","10","{""feature_name"":""<UNNAMED FEATURE>"",""feature_type"":""Unknown Point Feature"",""layer"":""Cabezal de riego"",""feature_description"":""Cabezal de riego"",""feature_layer_name"":""Hidrantes_ddr001.shp"",""index_in_layer"":1060}"
"211","1926","784835.4958","2464049.493","UNKNOWN","16","2025","0","0","0","10","{""feature_name"":""<UNNAMED FEATURE>"",""feature_type"":""Unknown Point Feature"",""layer"":""Cabezal de riego"",""feature_description"":""Cabezal de riego"",""feature_layer_name"":""Hidrantes_ddr001.shp"",""index_in_layer"":209}"
"563","1928","782346.943055","2457807.66158","UNKNOWN","15","2014","0","1910.35","3","20","{""feature_name"":""<UNNAMED FEATURE>"",""feature_type"":""Unknown Point Feature"",""layer"":""Cabezal de riego"",""feature_description"":""Cabezal de riego"",""feature_layer_name"":""Hidrantes_ddr001.shp"",""index_in_layer"":561}"
"13","1947","784933.6255","2464455.941","UNKNOWN","19","2025","135","1919.9583","0","10","{""feature_name"":""<UNNAMED FEATURE>"",""feature_type"":""Unknown Point Feature"",""layer"":""Cabezal de riego"",""feature_description"":""Cabezal de riego"",""feature_layer_name"":""Hidrantes_ddr001.shp"",""index_in_layer"":11}"
"201","1948","784734.583682","2463809.98402","UNKNOWN","16","2025","0","0","0","10","{""feature_name"":""<UNNAMED FEATURE>"",""feature_type"":""Unknown Point Feature"",""layer"":""Cabezal de riego"",""feature_description"":""Cabezal de riego"",""feature_layer_name"":""Hidrantes_ddr001.shp"",""index_in_layer"":199}"
"225","1949","784703.7457","2463905.725","UNKNOWN","16","2025","0","0","0","10","{""feature_name"":""<UNNAMED FEATURE>"",""feature_type"":""Unknown Point Feature"",""layer"":""Cabezal de riego"",""feature_description"":""Cabezal de riego"",""feature_layer_name"":""Hidrantes_ddr001.shp"",""index_in_layer"":223}"
"1317","1979","777591.344935","2453558.35729","UNKNOWN","7","2014","0","1935.11","3","10","{""feature_name"":""<UNNAMED FEATURE>"",""feature_type"":""Unknown Point Feature"",""layer"":""Cabezal de riego"",""feature_description"":""Cabezal de riego"",""feature_layer_name"":""Hidrantes_ddr001.shp"",""index_in_layer"":1315}"
"51","1983","784971.1431","2465228.867","UNKNOWN","19","2025","100","1920.5264","0","10","{""feature_name"":""<UNNAMED FEATURE>"",""feature_type"":""Unknown Point Feature"",""layer"":""Cabezal de riego"",""feature_description"":""Cabezal de riego"",""feature_layer_name"":""Hidrantes_ddr001.shp"",""index_in_layer"":49}"
"1405","2","774189.107846","2450690.67214","UNKNOWN","1","","135","1908.4998","3","10","{""feature_name"":""<UNNAMED FEATURE>"",""feature_type"":""Unknown Point Feature"",""layer"":""Cabezal de riego"",""feature_description"":""Cabezal de riego"",""feature_layer_name"":""Hidrantes_ddr001.shp"",""index_in_layer"":1403,""invalid_installation_year"":""0""}"
"1396","20","774719.872644","2449740.32955","UNKNOWN","1","","125","1892.7495","3","10","{""feature_name"":""<UNNAMED FEATURE>"",""feature_type"":""Unknown Point Feature"",""layer"":""Cabezal de riego"",""feature_description"":""Cabezal de riego"",""feature_layer_name"":""Hidrantes_ddr001.shp"",""index_in_layer"":1394,""invalid_installation_year"":""0""}"
"1140","2009","784039.53226","2460256.60936","UNKNOWN","12","2022","0","1925.26","3","10","{""feature_name"":""<UNNAMED FEATURE>"",""feature_type"":""Unknown Point Feature"",""layer"":""Cabezal de riego"",""feature_description"":""Cabezal de riego"",""feature_layer_name"":""Hidrantes_ddr001.shp"",""index_in_layer"":1138}"
"1923","2029","783870.965811","2462273.05235","UNKNOWN","16","2023","220","0","3","10","{""feature_name"":""<UNNAMED FEATURE>"",""feature_type"":""Unknown Point Feature"",""layer"":""Cabezal de riego"",""feature_description"":""Cabezal de riego"",""feature_layer_name"":""Hidrantes_ddr001.shp"",""index_in_layer"":1921}"
"212","2033","784999.2572","2463714.993","UNKNOWN","16","2025","0","1925.2806","0","10","{""feature_name"":""<UNNAMED FEATURE>"",""feature_type"":""Unknown Point Feature"",""layer"":""Cabezal de riego"",""feature_description"":""Cabezal de riego"",""feature_layer_name"":""Hidrantes_ddr001.shp"",""index_in_layer"":210}"
"216","2034","784859.588","2463777.119","UNKNOWN","16","2025","0","1923.9506","0","10","{""feature_name"":""<UNNAMED FEATURE>"",""feature_type"":""Unknown Point Feature"",""layer"":""Cabezal de riego"",""feature_description"":""Cabezal de riego"",""feature_layer_name"":""Hidrantes_ddr001.shp"",""index_in_layer"":214}"
"198","2035","784853.986352","2463802.05799","UNKNOWN","16","2025","0","1923.855","0","10","{""feature_name"":""<UNNAMED FEATURE>"",""feature_type"":""Unknown Point Feature"",""layer"":""Cabezal de riego"",""feature_description"":""Cabezal de riego"",""feature_layer_name"":""Hidrantes_ddr001.shp"",""index_in_layer"":196}"
"202","2036","784965.3085","2463573.365","UNKNOWN","16","2025","0","1925.3311","0","10","{""feature_name"":""<UNNAMED FEATURE>"",""feature_type"":""Unknown Point Feature"",""layer"":""Cabezal de riego"",""feature_description"":""Cabezal de riego"",""feature_layer_name"":""Hidrantes_ddr001.shp"",""index_in_layer"":200}"
"209","2037","784771.92706","2463427.54961","UNKNOWN","16","2025","0","0","0","10","{""feature_name"":""<UNNAMED FEATURE>"",""feature_type"":""Unknown Point Feature"",""layer"":""Cabezal de riego"",""feature_description"":""Cabezal de riego"",""feature_layer_name"":""Hidrantes_ddr001.shp"",""index_in_layer"":207}"
"217","2043","784858.9994","2463278.837","UNKNOWN","16","2025","0","1924.9659","0","10","{""feature_name"":""<UNNAMED FEATURE>"",""feature_type"":""Unknown Point Feature"",""layer"":""Cabezal de riego"",""feature_description"":""Cabezal de riego"",""feature_layer_name"":""Hidrantes_ddr001.shp"",""index_in_layer"":215}"
"229","2050","784766.0057","2463431.003","UNKNOWN","16","2025","0","0","0","10","{""feature_name"":""<UNNAMED FEATURE>"",""feature_type"":""Unknown Point Feature"",""layer"":""Cabezal de riego"",""feature_description"":""Cabezal de riego"",""feature_layer_name"":""Hidrantes_ddr001.shp"",""index_in_layer"":227}"
"207","2054","784670.060767","2462978.5757","UNKNOWN","16","2025","0","1922.0944","0","10","{""feature_name"":""<UNNAMED FEATURE>"",""feature_type"":""Unknown Point Feature"",""layer"":""Cabezal de riego"",""feature_description"":""Cabezal de riego"",""feature_layer_name"":""Hidrantes_ddr001.shp"",""index_in_layer"":205}"
"199","2057","784825.7524","2463068.641","UNKNOWN","16","2025","0","0","0","10","{""feature_name"":""<UNNAMED FEATURE>"",""feature_type"":""Unknown Point Feature"",""layer"":""Cabezal de riego"",""feature_description"":""Cabezal de riego"",""feature_layer_name"":""Hidrantes_ddr001.shp"",""index_in_layer"":197}"
"193","2059","784822.000972","2462963.60003","UNKNOWN","16","2025","0","1918.5251","0","10","{""feature_name"":""<UNNAMED FEATURE>"",""feature_type"":""Unknown Point Feature"",""layer"":""Cabezal de riego"",""feature_description"":""Cabezal de riego"",""feature_layer_name"":""Hidrantes_ddr001.shp"",""index_in_layer"":191}"
"213","2086","784826.4099","2463076.208","UNKNOWN","16","2025","0","0","0","10","{""feature_name"":""<UNNAMED FEATURE>"",""feature_type"":""Unknown Point Feature"",""layer"":""Cabezal de riego"",""feature_description"":""Cabezal de riego"",""feature_layer_name"":""Hidrantes_ddr001.shp"",""index_in_layer"":211}"
"214","2090","784656.5048","2462466.967","UNKNOWN","16","2025","0","1922.9823","0","10","{""feature_name"":""<UNNAMED FEATURE>"",""feature_type"":""Unknown Point Feature"",""layer"":""Cabezal de riego"",""feature_description"":""Cabezal de riego"",""feature_layer_name"":""Hidrantes_ddr001.shp"",""index_in_layer"":212}"
"179","2091","784531.4223","2462507.263","UNKNOWN","16","2025","0","0","0","10","{""feature_name"":""<UNNAMED FEATURE>"",""feature_type"":""Unknown Point Feature"",""layer"":""Cabezal de riego"",""feature_description"":""Cabezal de riego"",""feature_layer_name"":""Hidrantes_ddr001.shp"",""index_in_layer"":177}"
"228","2095","784740.083679","2462385.03599","UNKNOWN","16","2025","0","3847.5522","0","10","{""feature_name"":""<UNNAMED FEATURE>"",""feature_type"":""Unknown Point Feature"",""layer"":""Cabezal de riego"",""feature_description"":""Cabezal de riego"",""feature_layer_name"":""Hidrantes_ddr001.shp"",""index_in_layer"":226}"
"549","2099","781636.760326","2458186.35134","UNKNOWN","15","2022","0","1912.7","1","10","{""feature_name"":""<UNNAMED FEATURE>"",""feature_type"":""Unknown Point Feature"",""layer"":""Cabezal de riego"",""feature_description"":""Cabezal de riego"",""feature_layer_name"":""Hidrantes_ddr001.shp"",""index_in_layer"":547}"
"1928","21","774936.244683","2449593.96835","UNKNOWN","1","","45","1890.8367","3","10","{""feature_name"":""<UNNAMED FEATURE>"",""feature_type"":""Unknown Point Feature"",""layer"":""Cabezal de riego"",""feature_description"":""Cabezal de riego"",""feature_layer_name"":""Hidrantes_ddr001.shp"",""index_in_layer"":1926,""invalid_installation_year"":""0""}"
"1134","2100","784023.118766","2459826.22698","UNKNOWN","12","2017","0","1921.21","3","10","{""feature_name"":""<UNNAMED FEATURE>"",""feature_type"":""Unknown Point Feature"",""layer"":""Cabezal de riego"",""feature_description"":""Cabezal de riego"",""feature_layer_name"":""Hidrantes_ddr001.shp"",""index_in_layer"":1132}"
"182","2102","784519.871925","2460863.61699","UNKNOWN","16","2025","0","1919.9045","0","10","{""feature_name"":""<UNNAMED FEATURE>"",""feature_type"":""Unknown Point Feature"",""layer"":""Cabezal de riego"",""feature_description"":""Cabezal de riego"",""feature_layer_name"":""Hidrantes_ddr001.shp"",""index_in_layer"":180}"
"215","2103","784657.7783","2462402.515","UNKNOWN","16","2025","0","1922.6759","0","10","{""feature_name"":""<UNNAMED FEATURE>"",""feature_type"":""Unknown Point Feature"",""layer"":""Cabezal de riego"",""feature_description"":""Cabezal de riego"",""feature_layer_name"":""Hidrantes_ddr001.shp"",""index_in_layer"":213}"
"222","2104","784575.652085","2462412.39937","UNKNOWN","16","2025","0","0","0","10","{""feature_name"":""<UNNAMED FEATURE>"",""feature_type"":""Unknown Point Feature"",""layer"":""Cabezal de riego"",""feature_description"":""Cabezal de riego"",""feature_layer_name"":""Hidrantes_ddr001.shp"",""index_in_layer"":220}"
"206","2106","784488.636814","2462366.21394","UNKNOWN","16","2025","0","0","0","10","{""feature_name"":""<UNNAMED FEATURE>"",""feature_type"":""Unknown Point Feature"",""layer"":""Cabezal de riego"",""feature_description"":""Cabezal de riego"",""feature_layer_name"":""Hidrantes_ddr001.shp"",""index_in_layer"":204}"
"173","2107","784838.4781","2462032.031","UNKNOWN","16","2025","0","1924.0208","3","10","{""feature_name"":""<UNNAMED FEATURE>"",""feature_type"":""Unknown Point Feature"",""layer"":""Cabezal de riego"",""feature_description"":""Cabezal de riego"",""feature_layer_name"":""Hidrantes_ddr001.shp"",""index_in_layer"":171}"
"219","2109","784691.092481","2462048.16603","UNKNOWN","16","2025","0","1921.4792","0","10","{""feature_name"":""<UNNAMED FEATURE>"",""feature_type"":""Unknown Point Feature"",""layer"":""Cabezal de riego"",""feature_description"":""Cabezal de riego"",""feature_layer_name"":""Hidrantes_ddr001.shp"",""index_in_layer"":217}"
"928","211","781393.143651","2448551.74249","UNKNOWN","10","2010","0","1895.46","0","10","{""feature_name"":""<UNNAMED FEATURE>"",""feature_type"":""Unknown Point Feature"",""layer"":""Cabezal de riego"",""feature_description"":""Cabezal de riego"",""feature_layer_name"":""Hidrantes_ddr001.shp"",""index_in_layer"":926}"
"1929","2111","784404.752828","2462181.52646","UNKNOWN","16","2023","160","0","3","10","{""feature_name"":""<UNNAMED FEATURE>"",""feature_type"":""Unknown Point Feature"",""layer"":""Cabezal de riego"",""feature_description"":""Cabezal de riego"",""feature_layer_name"":""Hidrantes_ddr001.shp"",""index_in_layer"":1927}"
"183","2113","784832.3665","2461389.062","UNKNOWN","16","2025","0","1923.475","0","10","{""feature_name"":""<UNNAMED FEATURE>"",""feature_type"":""Unknown Point Feature"",""layer"":""Cabezal de riego"",""feature_description"":""Cabezal de riego"",""feature_layer_name"":""Hidrantes_ddr001.shp"",""index_in_layer"":181}"
"1118","2115","782903.061607","2459566.63002","UNKNOWN","12","2020","0","1908.29","2","10","{""feature_name"":""<UNNAMED FEATURE>"",""feature_type"":""Unknown Point Feature"",""layer"":""Cabezal de riego"",""feature_description"":""Cabezal de riego"",""feature_layer_name"":""Hidrantes_ddr001.shp"",""index_in_layer"":1116}"
"174","2116","784570.657098","2462075.28212","UNKNOWN","16","2025","0","0","3","10","{""feature_name"":""<UNNAMED FEATURE>"",""feature_type"":""Unknown Point Feature"",""layer"":""Cabezal de riego"",""feature_description"":""Cabezal de riego"",""feature_layer_name"":""Hidrantes_ddr001.shp"",""index_in_layer"":172}"
"205","2117","784483.064958","2461886.02311","UNKNOWN","16","2025","0","0","0","10","{""feature_name"":""<UNNAMED FEATURE>"",""feature_type"":""Unknown Point Feature"",""layer"":""Cabezal de riego"",""feature_description"":""Cabezal de riego"",""feature_layer_name"":""Hidrantes_ddr001.shp"",""index_in_layer"":203}"
"192","2120","784634.440517","2461679.66403","UNKNOWN","16","2025","0","1920.535","0","10","{""feature_name"":""<UNNAMED FEATURE>"",""feature_type"":""Unknown Point Feature"",""layer"":""Cabezal de riego"",""feature_description"":""Cabezal de riego"",""feature_layer_name"":""Hidrantes_ddr001.shp"",""index_in_layer"":190}"
"176","2121","784629.6975","2461681.488","UNKNOWN","16","2025","0","1920.3265","0","10","{""feature_name"":""<UNNAMED FEATURE>"",""feature_type"":""Unknown Point Feature"",""layer"":""Cabezal de riego"",""feature_description"":""Cabezal de riego"",""feature_layer_name"":""Hidrantes_ddr001.shp"",""index_in_layer"":174}"
"1119","2133","782879.955571","2459680.13073","UNKNOWN","12","2017","0","1912.65","2","10","{""feature_name"":""<UNNAMED FEATURE>"",""feature_type"":""Unknown Point Feature"",""layer"":""Cabezal de riego"",""feature_description"":""Cabezal de riego"",""feature_layer_name"":""Hidrantes_ddr001.shp"",""index_in_layer"":1117}"
"172","2135","784899.3585","2461563.035","UNKNOWN","16","2025","0","1924.5739","2","10","{""feature_name"":""<UNNAMED FEATURE>"",""feature_type"":""Unknown Point Feature"",""layer"":""Cabezal de riego"",""feature_description"":""Cabezal de riego"",""feature_layer_name"":""Hidrantes_ddr001.shp"",""index_in_layer"":170}"
"226","2139","784508.91305","2461510.30746","UNKNOWN","16","2025","0","1919.298","0","10","{""feature_name"":""<UNNAMED FEATURE>"",""feature_type"":""Unknown Point Feature"",""layer"":""Cabezal de riego"",""feature_description"":""Cabezal de riego"",""feature_layer_name"":""Hidrantes_ddr001.shp"",""index_in_layer"":224}"
"177","2148","784904.381","2461380.598","UNKNOWN","16","2025","0","0","0","10","{""feature_name"":""<UNNAMED FEATURE>"",""feature_type"":""Unknown Point Feature"",""layer"":""Cabezal de riego"",""feature_description"":""Cabezal de riego"",""feature_layer_name"":""Hidrantes_ddr001.shp"",""index_in_layer"":175}"
"208","2149","784785.029","2461236.75","UNKNOWN","16","2025","0","1924.7426","0","10","{""feature_name"":""<UNNAMED FEATURE>"",""feature_type"":""Unknown Point Feature"",""layer"":""Cabezal de riego"",""feature_description"":""Cabezal de riego"",""feature_layer_name"":""Hidrantes_ddr001.shp"",""index_in_layer"":206}"
"187","2150","784874.342278","2461071.83893","UNKNOWN","16","2025","0","-9.651","0","10","{""feature_name"":""<UNNAMED FEATURE>"",""feature_type"":""Unknown Point Feature"",""layer"":""Cabezal de riego"",""feature_description"":""Cabezal de riego"",""feature_layer_name"":""Hidrantes_ddr001.shp"",""index_in_layer"":185}"
"188","2151","784772.7823","2460619.692","UNKNOWN","16","2025","0","0","0","10","{""feature_name"":""<UNNAMED FEATURE>"",""feature_type"":""Unknown Point Feature"",""layer"":""Cabezal de riego"",""feature_description"":""Cabezal de riego"",""feature_layer_name"":""Hidrantes_ddr001.shp"",""index_in_layer"":186}"
"220","2154","784537.3532","2461027.091","UNKNOWN","16","2025","0","1919.7695","0","10","{""feature_name"":""<UNNAMED FEATURE>"",""feature_type"":""Unknown Point Feature"",""layer"":""Cabezal de riego"",""feature_description"":""Cabezal de riego"",""feature_layer_name"":""Hidrantes_ddr001.shp"",""index_in_layer"":218}"
"598","2157","782050.20626","2459730.27357","UNKNOWN","15","2017","0","1917.5699","3","10","{""feature_name"":""<UNNAMED FEATURE>"",""feature_type"":""Unknown Point Feature"",""layer"":""Cabezal de riego"",""feature_description"":""Cabezal de riego"",""feature_layer_name"":""Hidrantes_ddr001.shp"",""index_in_layer"":596}"
"574","2171","781164.440924","2460078.31886","UNKNOWN","15","2020","0","1934.73","2","10","{""feature_name"":""<UNNAMED FEATURE>"",""feature_type"":""Unknown Point Feature"",""layer"":""Cabezal de riego"",""feature_description"":""Cabezal de riego"",""feature_layer_name"":""Hidrantes_ddr001.shp"",""index_in_layer"":572}"
"577","2173","781221.678773","2459684.6266","UNKNOWN","15","2017","0","1927.87","3","10","{""feature_name"":""<UNNAMED FEATURE>"",""feature_type"":""Unknown Point Feature"",""layer"":""Cabezal de riego"",""feature_description"":""Cabezal de riego"",""feature_layer_name"":""Hidrantes_ddr001.shp"",""index_in_layer"":575}"
"541","2174","781055.254141","2459065.60835","UNKNOWN","15","2017","0","1938.54","3","10","{""feature_name"":""<UNNAMED FEATURE>"",""feature_type"":""Unknown Point Feature"",""layer"":""Cabezal de riego"",""feature_description"":""Cabezal de riego"",""feature_layer_name"":""Hidrantes_ddr001.shp"",""index_in_layer"":539}"
"204","2175","784443.9053","2461009.197","UNKNOWN","16","2025","0","1918.777","0","10","{""feature_name"":""<UNNAMED FEATURE>"",""feature_type"":""Unknown Point Feature"",""layer"":""Cabezal de riego"",""feature_description"":""Cabezal de riego"",""feature_layer_name"":""Hidrantes_ddr001.shp"",""index_in_layer"":202}"
"227","2186","784744.6882","2461429.301","UNKNOWN","16","2025","0","1922.2876","0","10","{""feature_name"":""<UNNAMED FEATURE>"",""feature_type"":""Unknown Point Feature"",""layer"":""Cabezal de riego"",""feature_description"":""Cabezal de riego"",""feature_layer_name"":""Hidrantes_ddr001.shp"",""index_in_layer"":225}"
"186","2187","784870.524793","2461020.43799","UNKNOWN","16","2025","0","1923.7302","0","10","{""feature_name"":""<UNNAMED FEATURE>"",""feature_type"":""Unknown Point Feature"",""layer"":""Cabezal de riego"",""feature_description"":""Cabezal de riego"",""feature_layer_name"":""Hidrantes_ddr001.shp"",""index_in_layer"":184}"
"221","2188","784863.0916","2460968.597","UNKNOWN","16","2025","0","1923.4731","0","10","{""feature_name"":""<UNNAMED FEATURE>"",""feature_type"":""Unknown Point Feature"",""layer"":""Cabezal de riego"",""feature_description"":""Cabezal de riego"",""feature_layer_name"":""Hidrantes_ddr001.shp"",""index_in_layer"":219}"
"185","2189","784863.743488","2460922.39599","UNKNOWN","16","2025","0","1924.4413","0","10","{""feature_name"":""<UNNAMED FEATURE>"",""feature_type"":""Unknown Point Feature"",""layer"":""Cabezal de riego"",""feature_description"":""Cabezal de riego"",""feature_layer_name"":""Hidrantes_ddr001.shp"",""index_in_layer"":183}"
"184","2190","784859.534355","2460911.15969","UNKNOWN","16","2025","0","0","0","10","{""feature_name"":""<UNNAMED FEATURE>"",""feature_type"":""Unknown Point Feature"",""layer"":""Cabezal de riego"",""feature_description"":""Cabezal de riego"",""feature_layer_name"":""Hidrantes_ddr001.shp"",""index_in_layer"":182}"
"191","2191","784858.983188","2460889.63213","UNKNOWN","16","2025","0","0","0","10","{""feature_name"":""<UNNAMED FEATURE>"",""feature_type"":""Unknown Point Feature"",""layer"":""Cabezal de riego"",""feature_description"":""Cabezal de riego"",""feature_layer_name"":""Hidrantes_ddr001.shp"",""index_in_layer"":189}"
"190","2192","784845.935832","2460834.23203","UNKNOWN","16","2025","0","0","0","10","{""feature_name"":""<UNNAMED FEATURE>"",""feature_type"":""Unknown Point Feature"",""layer"":""Cabezal de riego"",""feature_description"":""Cabezal de riego"",""feature_layer_name"":""Hidrantes_ddr001.shp"",""index_in_layer"":188}"
"218","2193","784836.1695","2460770.331","UNKNOWN","16","2025","0","1924.7444","0","10","{""feature_name"":""<UNNAMED FEATURE>"",""feature_type"":""Unknown Point Feature"",""layer"":""Cabezal de riego"",""feature_description"":""Cabezal de riego"",""feature_layer_name"":""Hidrantes_ddr001.shp"",""index_in_layer"":216}"
"203","2194","784838.8598","2461076.832","UNKNOWN","16","2025","0","1923.5811","0","10","{""feature_name"":""<UNNAMED FEATURE>"",""feature_type"":""Unknown Point Feature"",""layer"":""Cabezal de riego"",""feature_description"":""Cabezal de riego"",""feature_layer_name"":""Hidrantes_ddr001.shp"",""index_in_layer"":201}"
"1393","22","774982.88503","2449418.30399","UNKNOWN","1","","45","1890.8367","3","10","{""feature_name"":""<UNNAMED FEATURE>"",""feature_type"":""Unknown Point Feature"",""layer"":""Cabezal de riego"",""feature_description"":""Cabezal de riego"",""feature_layer_name"":""Hidrantes_ddr001.shp"",""index_in_layer"":1391,""invalid_installation_year"":""0""}"
"1124","2206","783446.027111","2459729.96263","UNKNOWN","12","2022","0","1911.42","3","10","{""feature_name"":""<UNNAMED FEATURE>"",""feature_type"":""Unknown Point Feature"",""layer"":""Cabezal de riego"",""feature_description"":""Cabezal de riego"",""feature_layer_name"":""Hidrantes_ddr001.shp"",""index_in_layer"":1122}"
"189","2210","784820.742056","2460643.68003","UNKNOWN","16","2025","0","1924.1736","0","10","{""feature_name"":""<UNNAMED FEATURE>"",""feature_type"":""Unknown Point Feature"",""layer"":""Cabezal de riego"",""feature_description"":""Cabezal de riego"",""feature_layer_name"":""Hidrantes_ddr001.shp"",""index_in_layer"":187}"
"1088","2211","784699.262426","2460493.48332","UNKNOWN","12","2017","0","1928.77","3","10","{""feature_name"":""<UNNAMED FEATURE>"",""feature_type"":""Unknown Point Feature"",""layer"":""Cabezal de riego"",""feature_description"":""Cabezal de riego"",""feature_layer_name"":""Hidrantes_ddr001.shp"",""index_in_layer"":1086}"
"538","2217","780758.303905","2458399.47766","UNKNOWN","15","2017","0","1924.34","3","10","{""feature_name"":""<UNNAMED FEATURE>"",""feature_type"":""Unknown Point Feature"",""layer"":""Cabezal de riego"",""feature_description"":""Cabezal de riego"",""feature_layer_name"":""Hidrantes_ddr001.shp"",""index_in_layer"":536}"
"1132","2218","783948.436678","2459853.45896","UNKNOWN","12","2020","0","1920.77","3","10","{""feature_name"":""<UNNAMED FEATURE>"",""feature_type"":""Unknown Point Feature"",""layer"":""Cabezal de riego"",""feature_description"":""Cabezal de riego"",""feature_layer_name"":""Hidrantes_ddr001.shp"",""index_in_layer"":1130}"
"1139","2268","784155.68148","2460207.19382","UNKNOWN","12","2017","0","1927.26","3","10","{""feature_name"":""<UNNAMED FEATURE>"",""feature_type"":""Unknown Point Feature"",""layer"":""Cabezal de riego"",""feature_description"":""Cabezal de riego"",""feature_layer_name"":""Hidrantes_ddr001.shp"",""index_in_layer"":1137}"
"1082","2269","784703.812047","2460006.63042","UNKNOWN","12","2020","0","1931.17","3","10","{""feature_name"":""<UNNAMED FEATURE>"",""feature_type"":""Unknown Point Feature"",""layer"":""Cabezal de riego"",""feature_description"":""Cabezal de riego"",""feature_layer_name"":""Hidrantes_ddr001.shp"",""index_in_layer"":1080}"
"1138","2276","784231.856689","2460171.56802","UNKNOWN","12","2017","0","1928.0699","3","10","{""feature_name"":""<UNNAMED FEATURE>"",""feature_type"":""Unknown Point Feature"",""layer"":""Cabezal de riego"",""feature_description"":""Cabezal de riego"",""feature_layer_name"":""Hidrantes_ddr001.shp"",""index_in_layer"":1136}"
"180","2279","784485.309252","2462147.10662","UNKNOWN","16","2025","0","1919.1368","0","10","{""feature_name"":""<UNNAMED FEATURE>"",""feature_type"":""Unknown Point Feature"",""layer"":""Cabezal de riego"",""feature_description"":""Cabezal de riego"",""feature_layer_name"":""Hidrantes_ddr001.shp"",""index_in_layer"":178}"
"802","228","781925.021738","2456976.79278","UNKNOWN","9","2014","0","1920.77","3","10","{""feature_name"":""<UNNAMED FEATURE>"",""feature_type"":""Unknown Point Feature"",""layer"":""Cabezal de riego"",""feature_description"":""Cabezal de riego"",""feature_layer_name"":""Hidrantes_ddr001.shp"",""index_in_layer"":800}"
"1083","2281","784618.436419","2460031.78025","UNKNOWN","12","2020","0","1934.48","3","10","{""feature_name"":""<UNNAMED FEATURE>"",""feature_type"":""Unknown Point Feature"",""layer"":""Cabezal de riego"",""feature_description"":""Cabezal de riego"",""feature_layer_name"":""Hidrantes_ddr001.shp"",""index_in_layer"":1081}"
"1135","2284","784055.205969","2460024.73145","UNKNOWN","12","2017","0","1932.52","3","10","{""feature_name"":""<UNNAMED FEATURE>"",""feature_type"":""Unknown Point Feature"",""layer"":""Cabezal de riego"",""feature_description"":""Cabezal de riego"",""feature_layer_name"":""Hidrantes_ddr001.shp"",""index_in_layer"":1133}"
"1136","2285","783960.053352","2460048.59859","UNKNOWN","12","2022","0","1933.03","3","10","{""feature_name"":""<UNNAMED FEATURE>"",""feature_type"":""Unknown Point Feature"",""layer"":""Cabezal de riego"",""feature_description"":""Cabezal de riego"",""feature_layer_name"":""Hidrantes_ddr001.shp"",""index_in_layer"":1134}"
"1137","2286","784214.192132","2460014.10647","UNKNOWN","12","2020","0","1932.15","3","10","{""feature_name"":""<UNNAMED FEATURE>"",""feature_type"":""Unknown Point Feature"",""layer"":""Cabezal de riego"",""feature_description"":""Cabezal de riego"",""feature_layer_name"":""Hidrantes_ddr001.shp"",""index_in_layer"":1135}"
"1131","2288","783864.484246","2459885.50943","UNKNOWN","12","2020","0","1920.1899","3","10","{""feature_name"":""<UNNAMED FEATURE>"",""feature_type"":""Unknown Point Feature"",""layer"":""Cabezal de riego"",""feature_description"":""Cabezal de riego"",""feature_layer_name"":""Hidrantes_ddr001.shp"",""index_in_layer"":1129}"
"1121","2291","783143.981941","2459737.66722","UNKNOWN","12","2017","0","1914.59","2","10","{""feature_name"":""<UNNAMED FEATURE>"",""feature_type"":""Unknown Point Feature"",""layer"":""Cabezal de riego"",""feature_description"":""Cabezal de riego"",""feature_layer_name"":""Hidrantes_ddr001.shp"",""index_in_layer"":1119}"
"1921","2292","783176.362905","2459950.81718","UNKNOWN","12","2017","0","1916.0699","3","10","{""feature_name"":""<UNNAMED FEATURE>"",""feature_type"":""Unknown Point Feature"",""layer"":""Cabezal de riego"",""feature_description"":""Cabezal de riego"",""feature_layer_name"":""Hidrantes_ddr001.shp"",""index_in_layer"":1919}"
"1127","2294","783784.441373","2459719.60057","UNKNOWN","12","2020","0","1925.26","3","10","{""feature_name"":""<UNNAMED FEATURE>"",""feature_type"":""Unknown Point Feature"",""layer"":""Cabezal de riego"",""feature_description"":""Cabezal de riego"",""feature_layer_name"":""Hidrantes_ddr001.shp"",""index_in_layer"":1125}"
"1392","23","774986.369659","2449410.18314","UNKNOWN","1","","125","1890.3982","3","10","{""feature_name"":""<UNNAMED FEATURE>"",""feature_type"":""Unknown Point Feature"",""layer"":""Cabezal de riego"",""feature_description"":""Cabezal de riego"",""feature_layer_name"":""Hidrantes_ddr001.shp"",""index_in_layer"":1390,""invalid_installation_year"":""0""}"
"485","2300","781137.740998","2462006.0235","UNKNOWN","15","2010","0","1919.85","2","10","{""feature_name"":""<UNNAMED FEATURE>"",""feature_type"":""Unknown Point Feature"",""layer"":""Cabezal de riego"",""feature_description"":""Cabezal de riego"",""feature_layer_name"":""Hidrantes_ddr001.shp"",""index_in_layer"":483}"
"781","2304","782624.442986","2456323.31223","UNKNOWN","9","2014","0","1904.88","3","10","{""feature_name"":""<UNNAMED FEATURE>"",""feature_type"":""Unknown Point Feature"",""layer"":""Cabezal de riego"",""feature_description"":""Cabezal de riego"",""feature_layer_name"":""Hidrantes_ddr001.shp"",""index_in_layer"":779}"
"1122","2308","783175.438425","2459800.96031","UNKNOWN","12","2017","0","1912.97","3","10","{""feature_name"":""<UNNAMED FEATURE>"",""feature_type"":""Unknown Point Feature"",""layer"":""Cabezal de riego"",""feature_description"":""Cabezal de riego"",""feature_layer_name"":""Hidrantes_ddr001.shp"",""index_in_layer"":1120}"
"1922","2309","783292.268524","2459971.80439","UNKNOWN","12","2017","0","1916.0699","3","10","{""feature_name"":""<UNNAMED FEATURE>"",""feature_type"":""Unknown Point Feature"",""layer"":""Cabezal de riego"",""feature_description"":""Cabezal de riego"",""feature_layer_name"":""Hidrantes_ddr001.shp"",""index_in_layer"":1920}"
"1123","2310","783341.554241","2459750.00739","UNKNOWN","12","2020","0","1911.48","3","10","{""feature_name"":""<UNNAMED FEATURE>"",""feature_type"":""Unknown Point Feature"",""layer"":""Cabezal de riego"",""feature_description"":""Cabezal de riego"",""feature_layer_name"":""Hidrantes_ddr001.shp"",""index_in_layer"":1121}"
"489","2313","781520.701766","2461816.45749","UNKNOWN","15","2017","0","1924.3","3","10","{""feature_name"":""<UNNAMED FEATURE>"",""feature_type"":""Unknown Point Feature"",""layer"":""Cabezal de riego"",""feature_description"":""Cabezal de riego"",""feature_layer_name"":""Hidrantes_ddr001.shp"",""index_in_layer"":487}"
"1081","2315","784713.638491","2459648.97733","UNKNOWN","12","2017","0","1931.28","3","10","{""feature_name"":""<UNNAMED FEATURE>"",""feature_type"":""Unknown Point Feature"",""layer"":""Cabezal de riego"",""feature_description"":""Cabezal de riego"",""feature_layer_name"":""Hidrantes_ddr001.shp"",""index_in_layer"":1079}"
"1078","2318","784584.862738","2459445.49378","UNKNOWN","12","2017","0","1932.24","3","10","{""feature_name"":""<UNNAMED FEATURE>"",""feature_type"":""Unknown Point Feature"",""layer"":""Cabezal de riego"",""feature_description"":""Cabezal de riego"",""feature_layer_name"":""Hidrantes_ddr001.shp"",""index_in_layer"":1076}"
"1076","2319","784495.898129","2459457.94594","UNKNOWN","12","2017","0","1926.45","3","10","{""feature_name"":""<UNNAMED FEATURE>"",""feature_type"":""Unknown Point Feature"",""layer"":""Cabezal de riego"",""feature_description"":""Cabezal de riego"",""feature_layer_name"":""Hidrantes_ddr001.shp"",""index_in_layer"":1074}"
"1075","2320","784491.061894","2459445.88944","UNKNOWN","12","2020","0","1927.75","3","10","{""feature_name"":""<UNNAMED FEATURE>"",""feature_type"":""Unknown Point Feature"",""layer"":""Cabezal de riego"",""feature_description"":""Cabezal de riego"",""feature_layer_name"":""Hidrantes_ddr001.shp"",""index_in_layer"":1073}"
"1074","2321","784413.192409","2459613.91113","UNKNOWN","12","2020","0","1925.5","3","10","{""feature_name"":""<UNNAMED FEATURE>"",""feature_type"":""Unknown Point Feature"",""layer"":""Cabezal de riego"",""feature_description"":""Cabezal de riego"",""feature_layer_name"":""Hidrantes_ddr001.shp"",""index_in_layer"":1072}"
"1072","2322","784394.096015","2459450.10662","UNKNOWN","12","2017","0","1926.03","3","10","{""feature_name"":""<UNNAMED FEATURE>"",""feature_type"":""Unknown Point Feature"",""layer"":""Cabezal de riego"",""feature_description"":""Cabezal de riego"",""feature_layer_name"":""Hidrantes_ddr001.shp"",""index_in_layer"":1070}"
"1073","2323","784252.922436","2459598.46905","UNKNOWN","12","2017","0","1923.24","3","10","{""feature_name"":""<UNNAMED FEATURE>"",""feature_type"":""Unknown Point Feature"",""layer"":""Cabezal de riego"",""feature_description"":""Cabezal de riego"",""feature_layer_name"":""Hidrantes_ddr001.shp"",""index_in_layer"":1071}"
"1128","2324","784079.184984","2459591.64894","UNKNOWN","12","2017","0","1932.98","3","10","{""feature_name"":""<UNNAMED FEATURE>"",""feature_type"":""Unknown Point Feature"",""layer"":""Cabezal de riego"",""feature_description"":""Cabezal de riego"",""feature_layer_name"":""Hidrantes_ddr001.shp"",""index_in_layer"":1126}"
"1116","2329","783202.65285","2459512.33275","UNKNOWN","12","2017","0","1905.3199","3","10","{""feature_name"":""<UNNAMED FEATURE>"",""feature_type"":""Unknown Point Feature"",""layer"":""Cabezal de riego"",""feature_description"":""Cabezal de riego"",""feature_layer_name"":""Hidrantes_ddr001.shp"",""index_in_layer"":1114}"
"1130","2330","783606.747589","2459476.34034","UNKNOWN","12","2017","0","1926.08","3","10","{""feature_name"":""<UNNAMED FEATURE>"",""feature_type"":""Unknown Point Feature"",""layer"":""Cabezal de riego"",""feature_description"":""Cabezal de riego"",""feature_layer_name"":""Hidrantes_ddr001.shp"",""index_in_layer"":1128}"
"1065","2331","783668.320332","2459159.85681","UNKNOWN","12","2017","0","1911.91","3","10","{""feature_name"":""<UNNAMED FEATURE>"",""feature_type"":""Unknown Point Feature"",""layer"":""Cabezal de riego"",""feature_description"":""Cabezal de riego"",""feature_layer_name"":""Hidrantes_ddr001.shp"",""index_in_layer"":1063}"
"1111","2333","783195.39638","2458803.19484","UNKNOWN","12","2017","0","1912.4","3","10","{""feature_name"":""<UNNAMED FEATURE>"",""feature_type"":""Unknown Point Feature"",""layer"":""Cabezal de riego"",""feature_description"":""Cabezal de riego"",""feature_layer_name"":""Hidrantes_ddr001.shp"",""index_in_layer"":1109}"
"1115","2334","783208.016527","2459512.43007","UNKNOWN","12","2017","0","1907","3","10","{""feature_name"":""<UNNAMED FEATURE>"",""feature_type"":""Unknown Point Feature"",""layer"":""Cabezal de riego"",""feature_description"":""Cabezal de riego"",""feature_layer_name"":""Hidrantes_ddr001.shp"",""index_in_layer"":1113}"
"1068","2337","784700.663557","2459070.49104","UNKNOWN","12","2017","0","1933.15","2","10","{""feature_name"":""<UNNAMED FEATURE>"",""feature_type"":""Unknown Point Feature"",""layer"":""Cabezal de riego"",""feature_description"":""Cabezal de riego"",""feature_layer_name"":""Hidrantes_ddr001.shp"",""index_in_layer"":1066}"
"1070","2338","784595.180865","2459253.07996","UNKNOWN","12","2017","0","1930.26","3","10","{""feature_name"":""<UNNAMED FEATURE>"",""feature_type"":""Unknown Point Feature"",""layer"":""Cabezal de riego"",""feature_description"":""Cabezal de riego"",""feature_layer_name"":""Hidrantes_ddr001.shp"",""index_in_layer"":1068}"
"1060","2339","784519.095577","2458858.84309","UNKNOWN","12","2017","0","1929.5601","3","10","{""feature_name"":""<UNNAMED FEATURE>"",""feature_type"":""Unknown Point Feature"",""layer"":""Cabezal de riego"",""feature_description"":""Cabezal de riego"",""feature_layer_name"":""Hidrantes_ddr001.shp"",""index_in_layer"":1058}"
"1064","2340","784502.177141","2459051.1365","UNKNOWN","12","2017","0","1928.3101","3","10","{""feature_name"":""<UNNAMED FEATURE>"",""feature_type"":""Unknown Point Feature"",""layer"":""Cabezal de riego"",""feature_description"":""Cabezal de riego"",""feature_layer_name"":""Hidrantes_ddr001.shp"",""index_in_layer"":1062}"
"1071","2341","784497.289006","2459245.7547","UNKNOWN","12","2020","0","1927.54","3","10","{""feature_name"":""<UNNAMED FEATURE>"",""feature_type"":""Unknown Point Feature"",""layer"":""Cabezal de riego"",""feature_description"":""Cabezal de riego"",""feature_layer_name"":""Hidrantes_ddr001.shp"",""index_in_layer"":1069}"
"1055","2342","784525.757411","2458668.8008","UNKNOWN","12","2017","0","1925.09","2","10","{""feature_name"":""<UNNAMED FEATURE>"",""feature_type"":""Unknown Point Feature"",""layer"":""Cabezal de riego"",""feature_description"":""Cabezal de riego"",""feature_layer_name"":""Hidrantes_ddr001.shp"",""index_in_layer"":1053}"
"1063","2343","784414.257674","2459051.41846","UNKNOWN","12","2017","0","1927.16","3","10","{""feature_name"":""<UNNAMED FEATURE>"",""feature_type"":""Unknown Point Feature"",""layer"":""Cabezal de riego"",""feature_description"":""Cabezal de riego"",""feature_layer_name"":""Hidrantes_ddr001.shp"",""index_in_layer"":1061}"
"1096","2346","784518.776448","2457494.22545","UNKNOWN","12","2017","0","1929.97","3","10","{""feature_name"":""<UNNAMED FEATURE>"",""feature_type"":""Unknown Point Feature"",""layer"":""Cabezal de riego"",""feature_description"":""Cabezal de riego"",""feature_layer_name"":""Hidrantes_ddr001.shp"",""index_in_layer"":1094}"
"1033","2348","784234.978637","2459053.91595","UNKNOWN","12","2020","0","1934.45","3","10","{""feature_name"":""<UNNAMED FEATURE>"",""feature_type"":""Unknown Point Feature"",""layer"":""Cabezal de riego"",""feature_description"":""Cabezal de riego"",""feature_layer_name"":""Hidrantes_ddr001.shp"",""index_in_layer"":1031}"
"1032","2349","784222.503368","2458786.9505","UNKNOWN","12","2017","0","1933.9","3","10","{""feature_name"":""<UNNAMED FEATURE>"",""feature_type"":""Unknown Point Feature"",""layer"":""Cabezal de riego"",""feature_description"":""Cabezal de riego"",""feature_layer_name"":""Hidrantes_ddr001.shp"",""index_in_layer"":1030}"
"1915","235","779843.795217","2448080.77524","UNKNOWN","3","","90","1850.8267","0","10","{""feature_name"":""<UNNAMED FEATURE>"",""feature_type"":""Unknown Point Feature"",""layer"":""Cabezal de riego"",""feature_description"":""Cabezal de riego"",""feature_layer_name"":""Hidrantes_ddr001.shp"",""index_in_layer"":1913,""invalid_installation_year"":""0""}"
"1039","2350","784345.442566","2458387.91757","UNKNOWN","12","2020","0","1921.28","3","10","{""feature_name"":""<UNNAMED FEATURE>"",""feature_type"":""Unknown Point Feature"",""layer"":""Cabezal de riego"",""feature_description"":""Cabezal de riego"",""feature_layer_name"":""Hidrantes_ddr001.shp"",""index_in_layer"":1037}"
"1036","2351","784061.546941","2459052.64327","UNKNOWN","12","2020","0","1928.36","3","10","{""feature_name"":""<UNNAMED FEATURE>"",""feature_type"":""Unknown Point Feature"",""layer"":""Cabezal de riego"",""feature_description"":""Cabezal de riego"",""feature_layer_name"":""Hidrantes_ddr001.shp"",""index_in_layer"":1034}"
"1035","2352","784095.891953","2459047.83815","UNKNOWN","12","2020","0","1929.9399","3","10","{""feature_name"":""<UNNAMED FEATURE>"",""feature_type"":""Unknown Point Feature"",""layer"":""Cabezal de riego"",""feature_description"":""Cabezal de riego"",""feature_layer_name"":""Hidrantes_ddr001.shp"",""index_in_layer"":1033}"
"1031","2353","784115.826557","2458780.24383","UNKNOWN","12","2017","0","1936.0601","3","10","{""feature_name"":""<UNNAMED FEATURE>"",""feature_type"":""Unknown Point Feature"",""layer"":""Cabezal de riego"",""feature_description"":""Cabezal de riego"",""feature_layer_name"":""Hidrantes_ddr001.shp"",""index_in_layer"":1029}"
"1028","2354","784119.620275","2458509.36379","UNKNOWN","12","2017","0","1931.3101","3","10","{""feature_name"":""<UNNAMED FEATURE>"",""feature_type"":""Unknown Point Feature"",""layer"":""Cabezal de riego"",""feature_description"":""Cabezal de riego"",""feature_layer_name"":""Hidrantes_ddr001.shp"",""index_in_layer"":1026}"
"1129","2355","783873.667294","2459573.50344","UNKNOWN","12","2017","0","1930.3","3","10","{""feature_name"":""<UNNAMED FEATURE>"",""feature_type"":""Unknown Point Feature"",""layer"":""Cabezal de riego"",""feature_description"":""Cabezal de riego"",""feature_layer_name"":""Hidrantes_ddr001.shp"",""index_in_layer"":1127}"
"1037","2356","783887.129452","2459037.50239","UNKNOWN","12","2017","0","1923.76","3","10","{""feature_name"":""<UNNAMED FEATURE>"",""feature_type"":""Unknown Point Feature"",""layer"":""Cabezal de riego"",""feature_description"":""Cabezal de riego"",""feature_layer_name"":""Hidrantes_ddr001.shp"",""index_in_layer"":1035}"
"1038","2357","783885.330731","2459028.60429","UNKNOWN","12","2017","0","1924.3199","3","10","{""feature_name"":""<UNNAMED FEATURE>"",""feature_type"":""Unknown Point Feature"",""layer"":""Cabezal de riego"",""feature_description"":""Cabezal de riego"",""feature_layer_name"":""Hidrantes_ddr001.shp"",""index_in_layer"":1036}"
"1030","2358","783907.837852","2458698.77754","UNKNOWN","12","2017","0","1928.61","3","10","{""feature_name"":""<UNNAMED FEATURE>"",""feature_type"":""Unknown Point Feature"",""layer"":""Cabezal de riego"",""feature_description"":""Cabezal de riego"",""feature_layer_name"":""Hidrantes_ddr001.shp"",""index_in_layer"":1028}"
"1029","2359","783906.887459","2458489.98024","UNKNOWN","12","2017","0","1930.11","3","10","{""feature_name"":""<UNNAMED FEATURE>"",""feature_type"":""Unknown Point Feature"",""layer"":""Cabezal de riego"",""feature_description"":""Cabezal de riego"",""feature_layer_name"":""Hidrantes_ddr001.shp"",""index_in_layer"":1027}"
"1014","2361","783716.940895","2457579.71112","UNKNOWN","12","2010","0","1924.5699","2","10","{""feature_name"":""<UNNAMED FEATURE>"",""feature_type"":""Unknown Point Feature"",""layer"":""Cabezal de riego"",""feature_description"":""Cabezal de riego"",""feature_layer_name"":""Hidrantes_ddr001.shp"",""index_in_layer"":1012}"
"842","2363","783216.72871","2450692.93944","UNKNOWN","10","2014","0","1920.15","3","20","{""feature_name"":""<UNNAMED FEATURE>"",""feature_type"":""Unknown Point Feature"",""layer"":""Cabezal de riego"",""feature_description"":""Cabezal de riego"",""feature_layer_name"":""Hidrantes_ddr001.shp"",""index_in_layer"":840}"
"1114","2364","783435.996693","2459026.53512","UNKNOWN","12","2017","0","1902.37","3","10","{""feature_name"":""<UNNAMED FEATURE>"",""feature_type"":""Unknown Point Feature"",""layer"":""Cabezal de riego"",""feature_description"":""Cabezal de riego"",""feature_layer_name"":""Hidrantes_ddr001.shp"",""index_in_layer"":1112}"
"1067","2366","784702.392773","2459066.20067","UNKNOWN","12","2017","0","1932.72","2","10","{""feature_name"":""<UNNAMED FEATURE>"",""feature_type"":""Unknown Point Feature"",""layer"":""Cabezal de riego"",""feature_description"":""Cabezal de riego"",""feature_layer_name"":""Hidrantes_ddr001.shp"",""index_in_layer"":1065}"
"1066","2367","784604.325705","2459057.0986","UNKNOWN","12","2017","0","1925.0601","3","10","{""feature_name"":""<UNNAMED FEATURE>"",""feature_type"":""Unknown Point Feature"",""layer"":""Cabezal de riego"",""feature_description"":""Cabezal de riego"",""feature_layer_name"":""Hidrantes_ddr001.shp"",""index_in_layer"":1064}"
"1057","2368","784723.868234","2458856.14853","UNKNOWN","12","2017","0","1931.9301","2","10","{""feature_name"":""<UNNAMED FEATURE>"",""feature_type"":""Unknown Point Feature"",""layer"":""Cabezal de riego"",""feature_description"":""Cabezal de riego"",""feature_layer_name"":""Hidrantes_ddr001.shp"",""index_in_layer"":1055}"
"1058","2370","784726.257281","2458872.26074","UNKNOWN","12","2017","0","1932.2","2","10","{""feature_name"":""<UNNAMED FEATURE>"",""feature_type"":""Unknown Point Feature"",""layer"":""Cabezal de riego"",""feature_description"":""Cabezal de riego"",""feature_layer_name"":""Hidrantes_ddr001.shp"",""index_in_layer"":1056}"
"1053","2371","784620.503444","2458667.75707","UNKNOWN","12","2020","0","1919.4399","3","10","{""feature_name"":""<UNNAMED FEATURE>"",""feature_type"":""Unknown Point Feature"",""layer"":""Cabezal de riego"",""feature_description"":""Cabezal de riego"",""feature_layer_name"":""Hidrantes_ddr001.shp"",""index_in_layer"":1051}"
"1059","2372","784618.423775","2458861.09673","UNKNOWN","12","2017","0","1931.8","3","10","{""feature_name"":""<UNNAMED FEATURE>"",""feature_type"":""Unknown Point Feature"",""layer"":""Cabezal de riego"",""feature_description"":""Cabezal de riego"",""feature_layer_name"":""Hidrantes_ddr001.shp"",""index_in_layer"":1057}"
"1069","2373","784839.037811","2458606.58086","UNKNOWN","12","2017","0","1932.11","2","10","{""feature_name"":""<UNNAMED FEATURE>"",""feature_type"":""Unknown Point Feature"",""layer"":""Cabezal de riego"",""feature_description"":""Cabezal de riego"",""feature_layer_name"":""Hidrantes_ddr001.shp"",""index_in_layer"":1067}"
"1047","2374","784806.627436","2458233.6405","UNKNOWN","12","2017","0","1930.58","3","10","{""feature_name"":""<UNNAMED FEATURE>"",""feature_type"":""Unknown Point Feature"",""layer"":""Cabezal de riego"",""feature_description"":""Cabezal de riego"",""feature_layer_name"":""Hidrantes_ddr001.shp"",""index_in_layer"":1045}"
"1048","2375","784734.734264","2458282.86267","UNKNOWN","12","2020","0","1929.41","3","10","{""feature_name"":""<UNNAMED FEATURE>"",""feature_type"":""Unknown Point Feature"",""layer"":""Cabezal de riego"",""feature_description"":""Cabezal de riego"",""feature_layer_name"":""Hidrantes_ddr001.shp"",""index_in_layer"":1046}"
"1049","2376","784744.573124","2458303.54341","UNKNOWN","12","2022","0","1929.58","3","10","{""feature_name"":""<UNNAMED FEATURE>"",""feature_type"":""Unknown Point Feature"",""layer"":""Cabezal de riego"",""feature_description"":""Cabezal de riego"",""feature_layer_name"":""Hidrantes_ddr001.shp"",""index_in_layer"":1047}"
"1043","2377","784642.852699","2458183.22462","UNKNOWN","12","2020","0","1926.25","3","10","{""feature_name"":""<UNNAMED FEATURE>"",""feature_type"":""Unknown Point Feature"",""layer"":""Cabezal de riego"",""feature_description"":""Cabezal de riego"",""feature_layer_name"":""Hidrantes_ddr001.shp"",""index_in_layer"":1041}"
"1050","2378","784642.607675","2458298.58173","UNKNOWN","12","2017","0","1926.98","3","10","{""feature_name"":""<UNNAMED FEATURE>"",""feature_type"":""Unknown Point Feature"",""layer"":""Cabezal de riego"",""feature_description"":""Cabezal de riego"",""feature_layer_name"":""Hidrantes_ddr001.shp"",""index_in_layer"":1048}"
"1042","2379","784546.696512","2458097.25081","UNKNOWN","12","2017","0","1923.5","2","10","{""feature_name"":""<UNNAMED FEATURE>"",""feature_type"":""Unknown Point Feature"",""layer"":""Cabezal de riego"",""feature_description"":""Cabezal de riego"",""feature_layer_name"":""Hidrantes_ddr001.shp"",""index_in_layer"":1040}"
"1051","2380","784551.386687","2458292.92994","UNKNOWN","12","2017","0","1926.55","3","10","{""feature_name"":""<UNNAMED FEATURE>"",""feature_type"":""Unknown Point Feature"",""layer"":""Cabezal de riego"",""feature_description"":""Cabezal de riego"",""feature_layer_name"":""Hidrantes_ddr001.shp"",""index_in_layer"":1049}"
"1054","2381","784449.32376","2458463.28164","UNKNOWN","12","2020","0","1919.2","3","10","{""feature_name"":""<UNNAMED FEATURE>"",""feature_type"":""Unknown Point Feature"",""layer"":""Cabezal de riego"",""feature_description"":""Cabezal de riego"",""feature_layer_name"":""Hidrantes_ddr001.shp"",""index_in_layer"":1052}"
"1045","2383","784655.214188","2457906.95895","UNKNOWN","12","2017","0","1928.71","2","10","{""feature_name"":""<UNNAMED FEATURE>"",""feature_type"":""Unknown Point Feature"",""layer"":""Cabezal de riego"",""feature_description"":""Cabezal de riego"",""feature_layer_name"":""Hidrantes_ddr001.shp"",""index_in_layer"":1043}"
"1052","2384","784715.1184","2458679.56643","UNKNOWN","12","2017","0","1925.0699","2","10","{""feature_name"":""<UNNAMED FEATURE>"",""feature_type"":""Unknown Point Feature"",""layer"":""Cabezal de riego"",""feature_description"":""Cabezal de riego"",""feature_layer_name"":""Hidrantes_ddr001.shp"",""index_in_layer"":1050}"
"1089","2385","784553.157151","2457901.22079","UNKNOWN","12","2020","0","1917.29","3","10","{""feature_name"":""<UNNAMED FEATURE>"",""feature_type"":""Unknown Point Feature"",""layer"":""Cabezal de riego"",""feature_description"":""Cabezal de riego"",""feature_layer_name"":""Hidrantes_ddr001.shp"",""index_in_layer"":1087}"
"1040","2387","784358.662974","2458075.54134","UNKNOWN","12","2020","0","1920.8","3","10","{""feature_name"":""<UNNAMED FEATURE>"",""feature_type"":""Unknown Point Feature"",""layer"":""Cabezal de riego"",""feature_description"":""Cabezal de riego"",""feature_layer_name"":""Hidrantes_ddr001.shp"",""index_in_layer"":1038}"
"1101","2388","784405.76331","2456757.88984","UNKNOWN","12","2017","0","1928.8","2","10","{""feature_name"":""<UNNAMED FEATURE>"",""feature_type"":""Unknown Point Feature"",""layer"":""Cabezal de riego"",""feature_description"":""Cabezal de riego"",""feature_layer_name"":""Hidrantes_ddr001.shp"",""index_in_layer"":1099}"
"1090","2389","784574.042145","2457712.10264","UNKNOWN","12","2017","0","1924.02","3","10","{""feature_name"":""<UNNAMED FEATURE>"",""feature_type"":""Unknown Point Feature"",""layer"":""Cabezal de riego"",""feature_description"":""Cabezal de riego"",""feature_layer_name"":""Hidrantes_ddr001.shp"",""index_in_layer"":1088}"
"1080","2390","784689.714762","2459444.52451","UNKNOWN","12","2017","0","1931.75","2","10","{""feature_name"":""<UNNAMED FEATURE>"",""feature_type"":""Unknown Point Feature"",""layer"":""Cabezal de riego"",""feature_description"":""Cabezal de riego"",""feature_layer_name"":""Hidrantes_ddr001.shp"",""index_in_layer"":1078}"
"1092","2391","784368.409103","2457897.3022","UNKNOWN","12","2017","0","1925.26","3","10","{""feature_name"":""<UNNAMED FEATURE>"",""feature_type"":""Unknown Point Feature"",""layer"":""Cabezal de riego"",""feature_description"":""Cabezal de riego"",""feature_layer_name"":""Hidrantes_ddr001.shp"",""index_in_layer"":1090}"
"1093","2392","784384.291867","2457529.34404","UNKNOWN","12","2017","0","1929.73","3","10","{""feature_name"":""<UNNAMED FEATURE>"",""feature_type"":""Unknown Point Feature"",""layer"":""Cabezal de riego"",""feature_description"":""Cabezal de riego"",""feature_layer_name"":""Hidrantes_ddr001.shp"",""index_in_layer"":1091}"
"1041","2393","784350.500272","2458093.12357","UNKNOWN","12","2017","0","1920.95","3","10","{""feature_name"":""<UNNAMED FEATURE>"",""feature_type"":""Unknown Point Feature"",""layer"":""Cabezal de riego"",""feature_description"":""Cabezal de riego"",""feature_layer_name"":""Hidrantes_ddr001.shp"",""index_in_layer"":1039}"
"1091","2394","784368.052115","2457729.85011","UNKNOWN","12","2017","0","1927.23","3","10","{""feature_name"":""<UNNAMED FEATURE>"",""feature_type"":""Unknown Point Feature"",""layer"":""Cabezal de riego"",""feature_description"":""Cabezal de riego"",""feature_layer_name"":""Hidrantes_ddr001.shp"",""index_in_layer"":1089}"
"1026","2395","784134.080169","2458071.89743","UNKNOWN","12","2017","0","1920.77","3","10","{""feature_name"":""<UNNAMED FEATURE>"",""feature_type"":""Unknown Point Feature"",""layer"":""Cabezal de riego"",""feature_description"":""Cabezal de riego"",""feature_layer_name"":""Hidrantes_ddr001.shp"",""index_in_layer"":1024}"
"1007","2396","783934.859475","2457882.21216","UNKNOWN","12","","0","1917.5601","3","10","{""feature_name"":""<UNNAMED FEATURE>"",""feature_type"":""Unknown Point Feature"",""layer"":""Cabezal de riego"",""feature_description"":""Cabezal de riego"",""feature_layer_name"":""Hidrantes_ddr001.shp"",""index_in_layer"":1005,""invalid_installation_year"":""10""}"
"1027","2397","783916.72151","2458204.47178","UNKNOWN","12","2017","0","1919.65","3","10","{""feature_name"":""<UNNAMED FEATURE>"",""feature_type"":""Unknown Point Feature"",""layer"":""Cabezal de riego"",""feature_description"":""Cabezal de riego"",""feature_layer_name"":""Hidrantes_ddr001.shp"",""index_in_layer"":1025}"
"1009","2398","784122.072697","2457597.38005","UNKNOWN","12","2017","0","1922.5601","3","10","{""feature_name"":""<UNNAMED FEATURE>"",""feature_type"":""Unknown Point Feature"",""layer"":""Cabezal de riego"",""feature_description"":""Cabezal de riego"",""feature_layer_name"":""Hidrantes_ddr001.shp"",""index_in_layer"":1007}"
"1008","2399","783931.782373","2457727.8985","UNKNOWN","12","2017","0","1918.09","3","10","{""feature_name"":""<UNNAMED FEATURE>"",""feature_type"":""Unknown Point Feature"",""layer"":""Cabezal de riego"",""feature_description"":""Cabezal de riego"",""feature_layer_name"":""Hidrantes_ddr001.shp"",""index_in_layer"":1006}"
"1401","24","774252.313826","2449941.88094","UNKNOWN","1","","225","1895.3435","3","10","{""feature_name"":""<UNNAMED FEATURE>"",""feature_type"":""Unknown Point Feature"",""layer"":""Cabezal de riego"",""feature_description"":""Cabezal de riego"",""feature_layer_name"":""Hidrantes_ddr001.shp"",""index_in_layer"":1399,""invalid_installation_year"":""0""}"
"1104","2401","783337.750507","2458026.40235","UNKNOWN","12","2017","0","1907.61","3","10","{""feature_name"":""<UNNAMED FEATURE>"",""feature_type"":""Unknown Point Feature"",""layer"":""Cabezal de riego"",""feature_description"":""Cabezal de riego"",""feature_layer_name"":""Hidrantes_ddr001.shp"",""index_in_layer"":1102}"
"573","2404","783365.016449","2457666.7423","UNKNOWN","15","2010","0","1907.09","2","10","{""feature_name"":""<UNNAMED FEATURE>"",""feature_type"":""Unknown Point Feature"",""layer"":""Cabezal de riego"",""feature_description"":""Cabezal de riego"",""feature_layer_name"":""Hidrantes_ddr001.shp"",""index_in_layer"":571}"
"569","2405","783057.620505","2457677.12695","UNKNOWN","15","2017","0","1905.6","2","10","{""feature_name"":""<UNNAMED FEATURE>"",""feature_type"":""Unknown Point Feature"",""layer"":""Cabezal de riego"",""feature_description"":""Cabezal de riego"",""feature_layer_name"":""Hidrantes_ddr001.shp"",""index_in_layer"":567}"
"1015","2407","783524.829497","2457577.66396","UNKNOWN","12","2017","0","1924.08","3","10","{""feature_name"":""<UNNAMED FEATURE>"",""feature_type"":""Unknown Point Feature"",""layer"":""Cabezal de riego"",""feature_description"":""Cabezal de riego"",""feature_layer_name"":""Hidrantes_ddr001.shp"",""index_in_layer"":1013}"
"1056","2408","784424.441649","2458662.30062","UNKNOWN","12","2022","0","1925.41","3","10","{""feature_name"":""<UNNAMED FEATURE>"",""feature_type"":""Unknown Point Feature"",""layer"":""Cabezal de riego"",""feature_description"":""Cabezal de riego"",""feature_layer_name"":""Hidrantes_ddr001.shp"",""index_in_layer"":1054}"
"1097","2409","784485.54572","2457363.9635","UNKNOWN","12","2020","0","1934.86","3","10","{""feature_name"":""<UNNAMED FEATURE>"",""feature_type"":""Unknown Point Feature"",""layer"":""Cabezal de riego"",""feature_description"":""Cabezal de riego"",""feature_layer_name"":""Hidrantes_ddr001.shp"",""index_in_layer"":1095}"
"1016","2410","783394.841262","2457257.03953","UNKNOWN","12","2017","0","1921.12","3","10","{""feature_name"":""<UNNAMED FEATURE>"",""feature_type"":""Unknown Point Feature"",""layer"":""Cabezal de riego"",""feature_description"":""Cabezal de riego"",""feature_layer_name"":""Hidrantes_ddr001.shp"",""index_in_layer"":1014}"
"1046","2411","784750.253496","2457952.35354","UNKNOWN","12","2017","0","1930","2","10","{""feature_name"":""<UNNAMED FEATURE>"",""feature_type"":""Unknown Point Feature"",""layer"":""Cabezal de riego"",""feature_description"":""Cabezal de riego"",""feature_layer_name"":""Hidrantes_ddr001.shp"",""index_in_layer"":1044}"
"1099","2412","784478.472208","2456987.27602","UNKNOWN","12","2017","0","1931.5699","2","10","{""feature_name"":""<UNNAMED FEATURE>"",""feature_type"":""Unknown Point Feature"",""layer"":""Cabezal de riego"",""feature_description"":""Cabezal de riego"",""feature_layer_name"":""Hidrantes_ddr001.shp"",""index_in_layer"":1097}"
"1098","2413","784498.715121","2457184.78932","UNKNOWN","12","2017","0","1931.37","2","10","{""feature_name"":""<UNNAMED FEATURE>"",""feature_type"":""Unknown Point Feature"",""layer"":""Cabezal de riego"",""feature_description"":""Cabezal de riego"",""feature_layer_name"":""Hidrantes_ddr001.shp"",""index_in_layer"":1096}"
"1102","2414","784399.257664","2456724.08289","UNKNOWN","12","2017","0","1930.37","3","10","{""feature_name"":""<UNNAMED FEATURE>"",""feature_type"":""Unknown Point Feature"",""layer"":""Cabezal de riego"",""feature_description"":""Cabezal de riego"",""feature_layer_name"":""Hidrantes_ddr001.shp"",""index_in_layer"":1100}"
"1025","2415","784096.277275","2456723.11578","UNKNOWN","12","2017","0","1921.02","3","10","{""feature_name"":""<UNNAMED FEATURE>"",""feature_type"":""Unknown Point Feature"",""layer"":""Cabezal de riego"",""feature_description"":""Cabezal de riego"",""feature_layer_name"":""Hidrantes_ddr001.shp"",""index_in_layer"":1023}"
"1010","2416","784142.254186","2457321.81159","UNKNOWN","12","2022","0","1924.14","3","10","{""feature_name"":""<UNNAMED FEATURE>"",""feature_type"":""Unknown Point Feature"",""layer"":""Cabezal de riego"",""feature_description"":""Cabezal de riego"",""feature_layer_name"":""Hidrantes_ddr001.shp"",""index_in_layer"":1008}"
"1011","2417","783961.284121","2457314.08879","UNKNOWN","12","2022","0","1930.37","3","10","{""feature_name"":""<UNNAMED FEATURE>"",""feature_type"":""Unknown Point Feature"",""layer"":""Cabezal de riego"",""feature_description"":""Cabezal de riego"",""feature_layer_name"":""Hidrantes_ddr001.shp"",""index_in_layer"":1009}"
"1024","2418","783970.664079","2456780.89578","UNKNOWN","12","2017","0","1920.78","3","10","{""feature_name"":""<UNNAMED FEATURE>"",""feature_type"":""Unknown Point Feature"",""layer"":""Cabezal de riego"",""feature_description"":""Cabezal de riego"",""feature_layer_name"":""Hidrantes_ddr001.shp"",""index_in_layer"":1022}"
"1012","2420","783854.664747","2457315.03264","UNKNOWN","12","2017","0","1929.28","3","10","{""feature_name"":""<UNNAMED FEATURE>"",""feature_type"":""Unknown Point Feature"",""layer"":""Cabezal de riego"",""feature_description"":""Cabezal de riego"",""feature_layer_name"":""Hidrantes_ddr001.shp"",""index_in_layer"":1010}"
"1018","2421","783590.837267","2456601.67841","UNKNOWN","12","2017","0","1903.25","3","10","{""feature_name"":""<UNNAMED FEATURE>"",""feature_type"":""Unknown Point Feature"",""layer"":""Cabezal de riego"",""feature_description"":""Cabezal de riego"",""feature_layer_name"":""Hidrantes_ddr001.shp"",""index_in_layer"":1016}"
"1020","2422","783339.327384","2456499.70895","UNKNOWN","12","2020","0","1903.95","3","10","{""feature_name"":""<UNNAMED FEATURE>"",""feature_type"":""Unknown Point Feature"",""layer"":""Cabezal de riego"",""feature_description"":""Cabezal de riego"",""feature_layer_name"":""Hidrantes_ddr001.shp"",""index_in_layer"":1018}"
"1021","2423","783406.351834","2456610.9651","UNKNOWN","12","2020","0","1907.11","3","10","{""feature_name"":""<UNNAMED FEATURE>"",""feature_type"":""Unknown Point Feature"",""layer"":""Cabezal de riego"",""feature_description"":""Cabezal de riego"",""feature_layer_name"":""Hidrantes_ddr001.shp"",""index_in_layer"":1019}"
"1293","2424","777925.556991","2454923.72402","UNKNOWN","7","2014","0","1926.76","3","10","{""feature_name"":""<UNNAMED FEATURE>"",""feature_type"":""Unknown Point Feature"",""layer"":""Cabezal de riego"",""feature_description"":""Cabezal de riego"",""feature_layer_name"":""Hidrantes_ddr001.shp"",""index_in_layer"":1291}"
"960","2426","784511.561004","2455668.26182","UNKNOWN","11","2010","0","1924.17","3","10","{""feature_name"":""<UNNAMED FEATURE>"",""feature_type"":""Unknown Point Feature"",""layer"":""Cabezal de riego"",""feature_description"":""Cabezal de riego"",""feature_layer_name"":""Hidrantes_ddr001.shp"",""index_in_layer"":958}"
"962","2427","784332.009454","2455683.61301","UNKNOWN","11","2014","0","1918.45","3","10","{""feature_name"":""<UNNAMED FEATURE>"",""feature_type"":""Unknown Point Feature"",""layer"":""Cabezal de riego"",""feature_description"":""Cabezal de riego"",""feature_layer_name"":""Hidrantes_ddr001.shp"",""index_in_layer"":960}"
"966","2428","783646.010101","2455887.24598","UNKNOWN","11","2010","0","1910.13","3","10","{""feature_name"":""<UNNAMED FEATURE>"",""feature_type"":""Unknown Point Feature"",""layer"":""Cabezal de riego"",""feature_description"":""Cabezal de riego"",""feature_layer_name"":""Hidrantes_ddr001.shp"",""index_in_layer"":964}"
"965","2429","783625.413861","2455850.63523","UNKNOWN","11","2014","0","1909.87","3","10","{""feature_name"":""<UNNAMED FEATURE>"",""feature_type"":""Unknown Point Feature"",""layer"":""Cabezal de riego"",""feature_description"":""Cabezal de riego"",""feature_layer_name"":""Hidrantes_ddr001.shp"",""index_in_layer"":963}"
"959","2430","784513.436278","2455667.29859","UNKNOWN","11","2014","0","1925.6","3","10","{""feature_name"":""<UNNAMED FEATURE>"",""feature_type"":""Unknown Point Feature"",""layer"":""Cabezal de riego"",""feature_description"":""Cabezal de riego"",""feature_layer_name"":""Hidrantes_ddr001.shp"",""index_in_layer"":957}"
"1100","2431","784398.763818","2457051.76163","UNKNOWN","12","2017","0","1930.97","3","10","{""feature_name"":""<UNNAMED FEATURE>"",""feature_type"":""Unknown Point Feature"",""layer"":""Cabezal de riego"",""feature_description"":""Cabezal de riego"",""feature_layer_name"":""Hidrantes_ddr001.shp"",""index_in_layer"":1098}"
"958","2432","784583.374206","2455408.48244","UNKNOWN","11","2014","0","1930.7","3","10","{""feature_name"":""<UNNAMED FEATURE>"",""feature_type"":""Unknown Point Feature"",""layer"":""Cabezal de riego"",""feature_description"":""Cabezal de riego"",""feature_layer_name"":""Hidrantes_ddr001.shp"",""index_in_layer"":956}"
"961","2433","784513.771269","2455654.56066","UNKNOWN","11","2010","0","1925.2","3","10","{""feature_name"":""<UNNAMED FEATURE>"",""feature_type"":""Unknown Point Feature"",""layer"":""Cabezal de riego"",""feature_description"":""Cabezal de riego"",""feature_layer_name"":""Hidrantes_ddr001.shp"",""index_in_layer"":959}"
"957","2436","784291.442394","2455411.48368","UNKNOWN","11","2014","0","1924.0601","3","10","{""feature_name"":""<UNNAMED FEATURE>"",""feature_type"":""Unknown Point Feature"",""layer"":""Cabezal de riego"",""feature_description"":""Cabezal de riego"",""feature_layer_name"":""Hidrantes_ddr001.shp"",""index_in_layer"":955}"
"964","2437","783830.589521","2455765.26186","UNKNOWN","11","2014","0","1911.4301","3","10","{""feature_name"":""<UNNAMED FEATURE>"",""feature_type"":""Unknown Point Feature"",""layer"":""Cabezal de riego"",""feature_description"":""Cabezal de riego"",""feature_layer_name"":""Hidrantes_ddr001.shp"",""index_in_layer"":962}"
"967","2438","783644.300209","2455679.98755","UNKNOWN","11","2010","0","1907.4","3","10","{""feature_name"":""<UNNAMED FEATURE>"",""feature_type"":""Unknown Point Feature"",""layer"":""Cabezal de riego"",""feature_description"":""Cabezal de riego"",""feature_layer_name"":""Hidrantes_ddr001.shp"",""index_in_layer"":965}"
"972","2439","783819.377918","2455689.25955","UNKNOWN","11","2014","0","1905.95","3","10","{""feature_name"":""<UNNAMED FEATURE>"",""feature_type"":""Unknown Point Feature"",""layer"":""Cabezal de riego"",""feature_description"":""Cabezal de riego"",""feature_layer_name"":""Hidrantes_ddr001.shp"",""index_in_layer"":970}"
"1303","244","777394.925065","2454466.6272","UNKNOWN","7","2014","0","1927.52","3","10","{""feature_name"":""<UNNAMED FEATURE>"",""feature_type"":""Unknown Point Feature"",""layer"":""Cabezal de riego"",""feature_description"":""Cabezal de riego"",""feature_layer_name"":""Hidrantes_ddr001.shp"",""index_in_layer"":1301}"
"968","2442","783574.402289","2455573.33301","UNKNOWN","11","2010","0","1905.8199","2","10","{""feature_name"":""<UNNAMED FEATURE>"",""feature_type"":""Unknown Point Feature"",""layer"":""Cabezal de riego"",""feature_description"":""Cabezal de riego"",""feature_layer_name"":""Hidrantes_ddr001.shp"",""index_in_layer"":966}"
"1023","2443","783964.820179","2456648.14139","UNKNOWN","12","2017","0","1919.46","3","10","{""feature_name"":""<UNNAMED FEATURE>"",""feature_type"":""Unknown Point Feature"",""layer"":""Cabezal de riego"",""feature_description"":""Cabezal de riego"",""feature_layer_name"":""Hidrantes_ddr001.shp"",""index_in_layer"":1021}"
"973","2444","783896.969663","2455377.72103","UNKNOWN","11","2014","0","1910.24","3","10","{""feature_name"":""<UNNAMED FEATURE>"",""feature_type"":""Unknown Point Feature"",""layer"":""Cabezal de riego"",""feature_description"":""Cabezal de riego"",""feature_layer_name"":""Hidrantes_ddr001.shp"",""index_in_layer"":971}"
"953","2445","784507.062267","2455081.62285","UNKNOWN","11","2014","0","1924.66","3","10","{""feature_name"":""<UNNAMED FEATURE>"",""feature_type"":""Unknown Point Feature"",""layer"":""Cabezal de riego"",""feature_description"":""Cabezal de riego"",""feature_layer_name"":""Hidrantes_ddr001.shp"",""index_in_layer"":951}"
"952","2446","784408.12327","2455164.48783","UNKNOWN","11","2010","0","1922.6","3","10","{""feature_name"":""<UNNAMED FEATURE>"",""feature_type"":""Unknown Point Feature"",""layer"":""Cabezal de riego"",""feature_description"":""Cabezal de riego"",""feature_layer_name"":""Hidrantes_ddr001.shp"",""index_in_layer"":950}"
"954","2447","784589.198451","2454878.54805","UNKNOWN","11","2010","0","1926.35","2","10","{""feature_name"":""<UNNAMED FEATURE>"",""feature_type"":""Unknown Point Feature"",""layer"":""Cabezal de riego"",""feature_description"":""Cabezal de riego"",""feature_layer_name"":""Hidrantes_ddr001.shp"",""index_in_layer"":952}"
"963","2448","784227.409156","2454908.42843","UNKNOWN","11","2010","0","1921.17","3","10","{""feature_name"":""<UNNAMED FEATURE>"",""feature_type"":""Unknown Point Feature"",""layer"":""Cabezal de riego"",""feature_description"":""Cabezal de riego"",""feature_layer_name"":""Hidrantes_ddr001.shp"",""index_in_layer"":961}"
"946","2449","784467.511569","2453197.89572","UNKNOWN","11","2014","0","1928.67","3","20","{""feature_name"":""<UNNAMED FEATURE>"",""feature_type"":""Unknown Point Feature"",""layer"":""Cabezal de riego"",""feature_description"":""Cabezal de riego"",""feature_layer_name"":""Hidrantes_ddr001.shp"",""index_in_layer"":944}"
"1017","2450","783956.240933","2457029.41839","UNKNOWN","12","2017","0","1928.02","2","10","{""feature_name"":""<UNNAMED FEATURE>"",""feature_type"":""Unknown Point Feature"",""layer"":""Cabezal de riego"",""feature_description"":""Cabezal de riego"",""feature_layer_name"":""Hidrantes_ddr001.shp"",""index_in_layer"":1015}"
"1022","2451","783768.944449","2456432.14748","UNKNOWN","12","2017","0","1911.5","3","20","{""feature_name"":""<UNNAMED FEATURE>"",""feature_type"":""Unknown Point Feature"",""layer"":""Cabezal de riego"",""feature_description"":""Cabezal de riego"",""feature_layer_name"":""Hidrantes_ddr001.shp"",""index_in_layer"":1020}"
"977","2453","783612.888878","2454737.2543","UNKNOWN","11","2014","0","1908.42","3","10","{""feature_name"":""<UNNAMED FEATURE>"",""feature_type"":""Unknown Point Feature"",""layer"":""Cabezal de riego"",""feature_description"":""Cabezal de riego"",""feature_layer_name"":""Hidrantes_ddr001.shp"",""index_in_layer"":975}"
"976","2454","783784.71701","2454772.61839","UNKNOWN","11","2014","0","1917.48","3","20","{""feature_name"":""<UNNAMED FEATURE>"",""feature_type"":""Unknown Point Feature"",""layer"":""Cabezal de riego"",""feature_description"":""Cabezal de riego"",""feature_layer_name"":""Hidrantes_ddr001.shp"",""index_in_layer"":974}"
"975","2455","783955.484221","2455088.11047","UNKNOWN","11","2014","0","1917.15","4","10","{""feature_name"":""<UNNAMED FEATURE>"",""feature_type"":""Unknown Point Feature"",""layer"":""Cabezal de riego"",""feature_description"":""Cabezal de riego"",""feature_layer_name"":""Hidrantes_ddr001.shp"",""index_in_layer"":973}"
"983","2457","783705.553181","2455074.15529","UNKNOWN","11","2014","0","1910.61","3","10","{""feature_name"":""<UNNAMED FEATURE>"",""feature_type"":""Unknown Point Feature"",""layer"":""Cabezal de riego"",""feature_description"":""Cabezal de riego"",""feature_layer_name"":""Hidrantes_ddr001.shp"",""index_in_layer"":981}"
"951","2461","784525.665779","2454484.43359","UNKNOWN","11","2010","0","1928.05","3","10","{""feature_name"":""<UNNAMED FEATURE>"",""feature_type"":""Unknown Point Feature"",""layer"":""Cabezal de riego"",""feature_description"":""Cabezal de riego"",""feature_layer_name"":""Hidrantes_ddr001.shp"",""index_in_layer"":949}"
"974","2462","783897.28864","2455371.52107","UNKNOWN","11","2014","0","1909.71","3","10","{""feature_name"":""<UNNAMED FEATURE>"",""feature_type"":""Unknown Point Feature"",""layer"":""Cabezal de riego"",""feature_description"":""Cabezal de riego"",""feature_layer_name"":""Hidrantes_ddr001.shp"",""index_in_layer"":972}"
"982","2463","783648.559587","2455046.85798","UNKNOWN","11","2014","0","1910.85","3","10","{""feature_name"":""<UNNAMED FEATURE>"",""feature_type"":""Unknown Point Feature"",""layer"":""Cabezal de riego"",""feature_description"":""Cabezal de riego"",""feature_layer_name"":""Hidrantes_ddr001.shp"",""index_in_layer"":980}"
"996","2465","783604.215598","2454327.51895","UNKNOWN","11","2014","0","1913.74","3","10","{""feature_name"":""<UNNAMED FEATURE>"",""feature_type"":""Unknown Point Feature"",""layer"":""Cabezal de riego"",""feature_description"":""Cabezal de riego"",""feature_layer_name"":""Hidrantes_ddr001.shp"",""index_in_layer"":994}"
"1939","2468","784014.4049","2454352.192","UNKNOWN","11","2014","0","1911.85","3","10","{""feature_name"":""<UNNAMED FEATURE>"",""feature_type"":""Unknown Point Feature"",""layer"":""Cabezal de riego"",""feature_description"":""Cabezal de riego"",""feature_layer_name"":""Hidrantes_ddr001.shp"",""index_in_layer"":1937}"
"980","2470","783544.185893","2454723.81896","UNKNOWN","11","2014","0","1908.9399","3","10","{""feature_name"":""<UNNAMED FEATURE>"",""feature_type"":""Unknown Point Feature"",""layer"":""Cabezal de riego"",""feature_description"":""Cabezal de riego"",""feature_layer_name"":""Hidrantes_ddr001.shp"",""index_in_layer"":978}"
"997","2472","783622.317744","2454439.21777","UNKNOWN","11","2014","0","1915.26","3","10","{""feature_name"":""<UNNAMED FEATURE>"",""feature_type"":""Unknown Point Feature"",""layer"":""Cabezal de riego"",""feature_description"":""Cabezal de riego"",""feature_layer_name"":""Hidrantes_ddr001.shp"",""index_in_layer"":995}"
"986","2475","783287.40029","2454597.93333","UNKNOWN","11","2014","0","1906.35","3","10","{""feature_name"":""<UNNAMED FEATURE>"",""feature_type"":""Unknown Point Feature"",""layer"":""Cabezal de riego"",""feature_description"":""Cabezal de riego"",""feature_layer_name"":""Hidrantes_ddr001.shp"",""index_in_layer"":984}"
"992","2477","783459.334096","2454439.58831","UNKNOWN","11","2010","0","1912.16","3","10","{""feature_name"":""<UNNAMED FEATURE>"",""feature_type"":""Unknown Point Feature"",""layer"":""Cabezal de riego"",""feature_description"":""Cabezal de riego"",""feature_layer_name"":""Hidrantes_ddr001.shp"",""index_in_layer"":990}"
"994","2478","783511.981547","2454387.90449","UNKNOWN","11","2014","0","1912.87","3","10","{""feature_name"":""<UNNAMED FEATURE>"",""feature_type"":""Unknown Point Feature"",""layer"":""Cabezal de riego"",""feature_description"":""Cabezal de riego"",""feature_layer_name"":""Hidrantes_ddr001.shp"",""index_in_layer"":992}"
"995","2479","783560.013033","2454340.34817","UNKNOWN","11","2022","0","1913.04","3","10","{""feature_name"":""<UNNAMED FEATURE>"",""feature_type"":""Unknown Point Feature"",""layer"":""Cabezal de riego"",""feature_description"":""Cabezal de riego"",""feature_layer_name"":""Hidrantes_ddr001.shp"",""index_in_layer"":993}"
"990","2481","783624.710484","2454495.11271","UNKNOWN","11","2014","0","1913.3101","3","10","{""feature_name"":""<UNNAMED FEATURE>"",""feature_type"":""Unknown Point Feature"",""layer"":""Cabezal de riego"",""feature_description"":""Cabezal de riego"",""feature_layer_name"":""Hidrantes_ddr001.shp"",""index_in_layer"":988}"
"984","2482","783736.156047","2455122.47249","UNKNOWN","11","2014","0","1910.14","3","10","{""feature_name"":""<UNNAMED FEATURE>"",""feature_type"":""Unknown Point Feature"",""layer"":""Cabezal de riego"",""feature_description"":""Cabezal de riego"",""feature_layer_name"":""Hidrantes_ddr001.shp"",""index_in_layer"":982}"
"947","2485","784172.371821","2454074.52714","UNKNOWN","11","2014","0","1911.85","3","10","{""feature_name"":""<UNNAMED FEATURE>"",""feature_type"":""Unknown Point Feature"",""layer"":""Cabezal de riego"",""feature_description"":""Cabezal de riego"",""feature_layer_name"":""Hidrantes_ddr001.shp"",""index_in_layer"":945}"
"989","2488","783751.159286","2454187.22983","UNKNOWN","11","2014","0","1904.7","3","10","{""feature_name"":""<UNNAMED FEATURE>"",""feature_type"":""Unknown Point Feature"",""layer"":""Cabezal de riego"",""feature_description"":""Cabezal de riego"",""feature_layer_name"":""Hidrantes_ddr001.shp"",""index_in_layer"":987}"
"987","2489","783274.355857","2454668.50872","UNKNOWN","11","2014","0","1906.45","3","10","{""feature_name"":""<UNNAMED FEATURE>"",""feature_type"":""Unknown Point Feature"",""layer"":""Cabezal de riego"",""feature_description"":""Cabezal de riego"",""feature_layer_name"":""Hidrantes_ddr001.shp"",""index_in_layer"":985}"
"998","2490","783432.173947","2453978.87578","UNKNOWN","11","2014","0","1913.28","4","10","{""feature_name"":""<UNNAMED FEATURE>"",""feature_type"":""Unknown Point Feature"",""layer"":""Cabezal de riego"",""feature_description"":""Cabezal de riego"",""feature_layer_name"":""Hidrantes_ddr001.shp"",""index_in_layer"":996}"
"999","2495","783619.0766","2453991.68177","UNKNOWN","11","2014","0","1916.23","3","10","{""feature_name"":""<UNNAMED FEATURE>"",""feature_type"":""Unknown Point Feature"",""layer"":""Cabezal de riego"",""feature_description"":""Cabezal de riego"",""feature_layer_name"":""Hidrantes_ddr001.shp"",""index_in_layer"":997}"
"940","2500","784223.873115","2452562.70005","UNKNOWN","11","2014","0","1923.04","3","20","{""feature_name"":""<UNNAMED FEATURE>"",""feature_type"":""Unknown Point Feature"",""layer"":""Cabezal de riego"",""feature_description"":""Cabezal de riego"",""feature_layer_name"":""Hidrantes_ddr001.shp"",""index_in_layer"":938}"
"945","2501","783960.922261","2453019.59127","UNKNOWN","11","","0","1918.37","0","10","{""feature_name"":""<UNNAMED FEATURE>"",""feature_type"":""Unknown Point Feature"",""layer"":""Cabezal de riego"",""feature_description"":""Cabezal de riego"",""feature_layer_name"":""Hidrantes_ddr001.shp"",""index_in_layer"":943,""invalid_installation_year"":""0""}"
"943","2504","784283.682962","2452748.07443","UNKNOWN","11","2014","0","1922.66","3","10","{""feature_name"":""<UNNAMED FEATURE>"",""feature_type"":""Unknown Point Feature"",""layer"":""Cabezal de riego"",""feature_description"":""Cabezal de riego"",""feature_layer_name"":""Hidrantes_ddr001.shp"",""index_in_layer"":941}"
"938","2505","784200.77959","2452418.88388","UNKNOWN","11","2010","0","1920.98","1","10","{""feature_name"":""<UNNAMED FEATURE>"",""feature_type"":""Unknown Point Feature"",""layer"":""Cabezal de riego"",""feature_description"":""Cabezal de riego"",""feature_layer_name"":""Hidrantes_ddr001.shp"",""index_in_layer"":936}"
"939","2508","784218.281249","2452552.29258","UNKNOWN","11","2010","0","1921.62","1","10","{""feature_name"":""<UNNAMED FEATURE>"",""feature_type"":""Unknown Point Feature"",""layer"":""Cabezal de riego"",""feature_description"":""Cabezal de riego"",""feature_layer_name"":""Hidrantes_ddr001.shp"",""index_in_layer"":937}"
"313","251","781329.273044","2462865.75081","UNKNOWN","17","2017","0","1925.05","1","10","{""feature_name"":""<UNNAMED FEATURE>"",""feature_type"":""Unknown Point Feature"",""layer"":""Cabezal de riego"",""feature_description"":""Cabezal de riego"",""feature_layer_name"":""Hidrantes_ddr001.shp"",""index_in_layer"":311}"
"942","2510","784031.953396","2452569.41255","UNKNOWN","11","2014","0","1920.72","3","10","{""feature_name"":""<UNNAMED FEATURE>"",""feature_type"":""Unknown Point Feature"",""layer"":""Cabezal de riego"",""feature_description"":""Cabezal de riego"",""feature_layer_name"":""Hidrantes_ddr001.shp"",""index_in_layer"":940}"
"971","2512","783779.330125","2452462.54834","UNKNOWN","11","2010","0","1916.05","2","10","{""feature_name"":""<UNNAMED FEATURE>"",""feature_type"":""Unknown Point Feature"",""layer"":""Cabezal de riego"",""feature_description"":""Cabezal de riego"",""feature_layer_name"":""Hidrantes_ddr001.shp"",""index_in_layer"":969}"
"969","2513","783834.579908","2452290.45438","UNKNOWN","11","2010","0","1915.28","2","10","{""feature_name"":""<UNNAMED FEATURE>"",""feature_type"":""Unknown Point Feature"",""layer"":""Cabezal de riego"",""feature_description"":""Cabezal de riego"",""feature_layer_name"":""Hidrantes_ddr001.shp"",""index_in_layer"":967}"
"890","2514","782018.754884","2450216.10796","UNKNOWN","10","2010","0","1905.64","1","10","{""feature_name"":""<UNNAMED FEATURE>"",""feature_type"":""Unknown Point Feature"",""layer"":""Cabezal de riego"",""feature_description"":""Cabezal de riego"",""feature_layer_name"":""Hidrantes_ddr001.shp"",""index_in_layer"":888}"
"1886","2515","783701.841743","2452642.40052","UNKNOWN","11","","0","1918.37","3","20","{""feature_name"":""<UNNAMED FEATURE>"",""feature_type"":""Unknown Point Feature"",""layer"":""Cabezal de riego"",""feature_description"":""Cabezal de riego"",""feature_layer_name"":""Hidrantes_ddr001.shp"",""index_in_layer"":1884,""invalid_installation_year"":""0""}"
"755","2517","781724.149683","2451229.96967","UNKNOWN","9","2014","0","1887.7","3","10","{""feature_name"":""<UNNAMED FEATURE>"",""feature_type"":""Unknown Point Feature"",""layer"":""Cabezal de riego"",""feature_description"":""Cabezal de riego"",""feature_layer_name"":""Hidrantes_ddr001.shp"",""index_in_layer"":753}"
"1004","2518","783113.090104","2452600.94128","UNKNOWN","11","","0","1908.03","3","10","{""feature_name"":""<UNNAMED FEATURE>"",""feature_type"":""Unknown Point Feature"",""layer"":""Cabezal de riego"",""feature_description"":""Cabezal de riego"",""feature_layer_name"":""Hidrantes_ddr001.shp"",""index_in_layer"":1002,""invalid_installation_year"":""0""}"
"936","2520","784336.388482","2451977.30234","UNKNOWN","10","2010","0","1920.96","3","10","{""feature_name"":""<UNNAMED FEATURE>"",""feature_type"":""Unknown Point Feature"",""layer"":""Cabezal de riego"",""feature_description"":""Cabezal de riego"",""feature_layer_name"":""Hidrantes_ddr001.shp"",""index_in_layer"":934}"
"908","2522","783107.152124","2451603.52645","UNKNOWN","10","2010","0","1916.48","4","10","{""feature_name"":""<UNNAMED FEATURE>"",""feature_type"":""Unknown Point Feature"",""layer"":""Cabezal de riego"",""feature_description"":""Cabezal de riego"",""feature_layer_name"":""Hidrantes_ddr001.shp"",""index_in_layer"":906}"
"907","2523","782886.459555","2451516.64932","UNKNOWN","10","2010","0","1911.25","1","10","{""feature_name"":""<UNNAMED FEATURE>"",""feature_type"":""Unknown Point Feature"",""layer"":""Cabezal de riego"",""feature_description"":""Cabezal de riego"",""feature_layer_name"":""Hidrantes_ddr001.shp"",""index_in_layer"":905}"
"838","2524","783767.436575","2451170.32493","UNKNOWN","10","2010","0","1929.1801","2","10","{""feature_name"":""<UNNAMED FEATURE>"",""feature_type"":""Unknown Point Feature"",""layer"":""Cabezal de riego"",""feature_description"":""Cabezal de riego"",""feature_layer_name"":""Hidrantes_ddr001.shp"",""index_in_layer"":836}"
"839","2528","783799.973259","2451061.09532","UNKNOWN","10","2014","0","1930.27","3","10","{""feature_name"":""<UNNAMED FEATURE>"",""feature_type"":""Unknown Point Feature"",""layer"":""Cabezal de riego"",""feature_description"":""Cabezal de riego"",""feature_layer_name"":""Hidrantes_ddr001.shp"",""index_in_layer"":837}"
"1911","2529","782981.748077","2451153.59887","UNKNOWN","10","2010","0","1916.48","3","10","{""feature_name"":""<UNNAMED FEATURE>"",""feature_type"":""Unknown Point Feature"",""layer"":""Cabezal de riego"",""feature_description"":""Cabezal de riego"",""feature_layer_name"":""Hidrantes_ddr001.shp"",""index_in_layer"":1909}"
"1002","2530","783684.925539","2452003.94194","UNKNOWN","11","","0","1925.47","0","10","{""feature_name"":""<UNNAMED FEATURE>"",""feature_type"":""Unknown Point Feature"",""layer"":""Cabezal de riego"",""feature_description"":""Cabezal de riego"",""feature_layer_name"":""Hidrantes_ddr001.shp"",""index_in_layer"":1000,""invalid_installation_year"":""0""}"
"874","2532","782006.593494","2449681.20914","UNKNOWN","10","2010","0","1900.88","1","10","{""feature_name"":""<UNNAMED FEATURE>"",""feature_type"":""Unknown Point Feature"",""layer"":""Cabezal de riego"",""feature_description"":""Cabezal de riego"",""feature_layer_name"":""Hidrantes_ddr001.shp"",""index_in_layer"":872}"
"756","2533","782158.705766","2451680.49534","UNKNOWN","9","2010","0","1911.37","2","10","{""feature_name"":""<UNNAMED FEATURE>"",""feature_type"":""Unknown Point Feature"",""layer"":""Cabezal de riego"",""feature_description"":""Cabezal de riego"",""feature_layer_name"":""Hidrantes_ddr001.shp"",""index_in_layer"":754}"
"844","2535","783241.593331","2450830.91116","UNKNOWN","10","2014","0","1921.6899","3","10","{""feature_name"":""<UNNAMED FEATURE>"",""feature_type"":""Unknown Point Feature"",""layer"":""Cabezal de riego"",""feature_description"":""Cabezal de riego"",""feature_layer_name"":""Hidrantes_ddr001.shp"",""index_in_layer"":842}"
"846","2536","782206.538088","2450509.26839","UNKNOWN","10","2010","0","1892.65","2","10","{""feature_name"":""<UNNAMED FEATURE>"",""feature_type"":""Unknown Point Feature"",""layer"":""Cabezal de riego"",""feature_description"":""Cabezal de riego"",""feature_layer_name"":""Hidrantes_ddr001.shp"",""index_in_layer"":844}"
"970","2539","783838.546313","2452293.73995","UNKNOWN","11","2014","0","1916.79","3","10","{""feature_name"":""<UNNAMED FEATURE>"",""feature_type"":""Unknown Point Feature"",""layer"":""Cabezal de riego"",""feature_description"":""Cabezal de riego"",""feature_layer_name"":""Hidrantes_ddr001.shp"",""index_in_layer"":968}"
"1914","254","779290.991606","2448050.9785","UNKNOWN","3","","20","1840.255","0","10","{""feature_name"":""<UNNAMED FEATURE>"",""feature_type"":""Unknown Point Feature"",""layer"":""Cabezal de riego"",""feature_description"":""Cabezal de riego"",""feature_layer_name"":""Hidrantes_ddr001.shp"",""index_in_layer"":1912,""invalid_installation_year"":""0""}"
"915","2540","783894.098525","2450948.65967","UNKNOWN","10","2010","0","1930.41","3","10","{""feature_name"":""<UNNAMED FEATURE>"",""feature_type"":""Unknown Point Feature"",""layer"":""Cabezal de riego"",""feature_description"":""Cabezal de riego"",""feature_layer_name"":""Hidrantes_ddr001.shp"",""index_in_layer"":913}"
"841","2541","783307.257856","2450842.07165","UNKNOWN","10","2010","0","1923.83","3","10","{""feature_name"":""<UNNAMED FEATURE>"",""feature_type"":""Unknown Point Feature"",""layer"":""Cabezal de riego"",""feature_description"":""Cabezal de riego"",""feature_layer_name"":""Hidrantes_ddr001.shp"",""index_in_layer"":839}"
"913","2543","783977.079755","2450716.34075","UNKNOWN","10","2014","0","1931.3199","3","10","{""feature_name"":""<UNNAMED FEATURE>"",""feature_type"":""Unknown Point Feature"",""layer"":""Cabezal de riego"",""feature_description"":""Cabezal de riego"",""feature_layer_name"":""Hidrantes_ddr001.shp"",""index_in_layer"":911}"
"912","2544","783995.579349","2450572.83632","UNKNOWN","10","2010","0","1929.86","2","10","{""feature_name"":""<UNNAMED FEATURE>"",""feature_type"":""Unknown Point Feature"",""layer"":""Cabezal de riego"",""feature_description"":""Cabezal de riego"",""feature_layer_name"":""Hidrantes_ddr001.shp"",""index_in_layer"":910}"
"875","2545","782082.153434","2449825.51924","UNKNOWN","10","2010","0","1904.8199","2","10","{""feature_name"":""<UNNAMED FEATURE>"",""feature_type"":""Unknown Point Feature"",""layer"":""Cabezal de riego"",""feature_description"":""Cabezal de riego"",""feature_layer_name"":""Hidrantes_ddr001.shp"",""index_in_layer"":873}"
"911","2546","783771.766576","2450600.58631","UNKNOWN","10","","0","1928.27","2","10","{""feature_name"":""<UNNAMED FEATURE>"",""feature_type"":""Unknown Point Feature"",""layer"":""Cabezal de riego"",""feature_description"":""Cabezal de riego"",""feature_layer_name"":""Hidrantes_ddr001.shp"",""index_in_layer"":909,""invalid_installation_year"":""0""}"
"1003","2548","782768.596633","2452641.29322","UNKNOWN","11","","0","1907.09","3","10","{""feature_name"":""<UNNAMED FEATURE>"",""feature_type"":""Unknown Point Feature"",""layer"":""Cabezal de riego"",""feature_description"":""Cabezal de riego"",""feature_layer_name"":""Hidrantes_ddr001.shp"",""index_in_layer"":1001,""invalid_installation_year"":""0""}"
"909","2549","783461.152359","2450649.9296","UNKNOWN","10","2010","0","1925.87","3","10","{""feature_name"":""<UNNAMED FEATURE>"",""feature_type"":""Unknown Point Feature"",""layer"":""Cabezal de riego"",""feature_description"":""Cabezal de riego"",""feature_layer_name"":""Hidrantes_ddr001.shp"",""index_in_layer"":907}"
"1286","2550","778366.836774","2455592.34359","UNKNOWN","7","2014","0","1917.3199","3","10","{""feature_name"":""<UNNAMED FEATURE>"",""feature_type"":""Unknown Point Feature"",""layer"":""Cabezal de riego"",""feature_description"":""Cabezal de riego"",""feature_layer_name"":""Hidrantes_ddr001.shp"",""index_in_layer"":1284}"
"852","2553","782749.820254","2450604.72097","UNKNOWN","10","2010","0","1898.34","3","10","{""feature_name"":""<UNNAMED FEATURE>"",""feature_type"":""Unknown Point Feature"",""layer"":""Cabezal de riego"",""feature_description"":""Cabezal de riego"",""feature_layer_name"":""Hidrantes_ddr001.shp"",""index_in_layer"":850}"
"855","2554","782717.800213","2450462.52141","UNKNOWN","10","2010","0","1902.15","3","10","{""feature_name"":""<UNNAMED FEATURE>"",""feature_type"":""Unknown Point Feature"",""layer"":""Cabezal de riego"",""feature_description"":""Cabezal de riego"",""feature_layer_name"":""Hidrantes_ddr001.shp"",""index_in_layer"":853}"
"878","2556","782158.607544","2450034.78339","UNKNOWN","10","2010","0","1895.66","1","10","{""feature_name"":""<UNNAMED FEATURE>"",""feature_type"":""Unknown Point Feature"",""layer"":""Cabezal de riego"",""feature_description"":""Cabezal de riego"",""feature_layer_name"":""Hidrantes_ddr001.shp"",""index_in_layer"":876}"
"847","2557","782199.112173","2450520.32697","UNKNOWN","10","2010","0","1890.13","1","10","{""feature_name"":""<UNNAMED FEATURE>"",""feature_type"":""Unknown Point Feature"",""layer"":""Cabezal de riego"",""feature_description"":""Cabezal de riego"",""feature_layer_name"":""Hidrantes_ddr001.shp"",""index_in_layer"":845}"
"906","2559","781929.761633","2450732.56483","UNKNOWN","10","2010","0","1905.77","3","10","{""feature_name"":""<UNNAMED FEATURE>"",""feature_type"":""Unknown Point Feature"",""layer"":""Cabezal de riego"",""feature_description"":""Cabezal de riego"",""feature_layer_name"":""Hidrantes_ddr001.shp"",""index_in_layer"":904}"
"849","2560","782254.950222","2450589.9269","UNKNOWN","10","","0","1892.25","1","10","{""feature_name"":""<UNNAMED FEATURE>"",""feature_type"":""Unknown Point Feature"",""layer"":""Cabezal de riego"",""feature_description"":""Cabezal de riego"",""feature_layer_name"":""Hidrantes_ddr001.shp"",""index_in_layer"":847,""invalid_installation_year"":""0""}"
"896","2561","782383.346601","2450414.16037","UNKNOWN","10","2010","0","1902.59","2","10","{""feature_name"":""<UNNAMED FEATURE>"",""feature_type"":""Unknown Point Feature"",""layer"":""Cabezal de riego"",""feature_description"":""Cabezal de riego"",""feature_layer_name"":""Hidrantes_ddr001.shp"",""index_in_layer"":894}"
"848","2562","782190.907453","2450540.2367","UNKNOWN","10","2010","0","1891.59","2","10","{""feature_name"":""<UNNAMED FEATURE>"",""feature_type"":""Unknown Point Feature"",""layer"":""Cabezal de riego"",""feature_description"":""Cabezal de riego"",""feature_layer_name"":""Hidrantes_ddr001.shp"",""index_in_layer"":846}"
"894","2564","782296.868595","2450291.70351","UNKNOWN","10","2010","0","1908.64","1","10","{""feature_name"":""<UNNAMED FEATURE>"",""feature_type"":""Unknown Point Feature"",""layer"":""Cabezal de riego"",""feature_description"":""Cabezal de riego"",""feature_layer_name"":""Hidrantes_ddr001.shp"",""index_in_layer"":892}"
"840","2565","783867.692223","2451055.6731","UNKNOWN","10","2022","0","1931.15","3","10","{""feature_name"":""<UNNAMED FEATURE>"",""feature_type"":""Unknown Point Feature"",""layer"":""Cabezal de riego"",""feature_description"":""Cabezal de riego"",""feature_layer_name"":""Hidrantes_ddr001.shp"",""index_in_layer"":838}"
"868","2566","782130.71653","2449490.62496","UNKNOWN","10","2010","0","1897.71","2","10","{""feature_name"":""<UNNAMED FEATURE>"",""feature_type"":""Unknown Point Feature"",""layer"":""Cabezal de riego"",""feature_description"":""Cabezal de riego"",""feature_layer_name"":""Hidrantes_ddr001.shp"",""index_in_layer"":866}"
"858","2570","781619.035353","2449691.41886","UNKNOWN","10","2014","0","1895.38","3","10","{""feature_name"":""<UNNAMED FEATURE>"",""feature_type"":""Unknown Point Feature"",""layer"":""Cabezal de riego"",""feature_description"":""Cabezal de riego"",""feature_layer_name"":""Hidrantes_ddr001.shp"",""index_in_layer"":856}"
"900","2573","782189.589805","2450292.3204","UNKNOWN","10","2010","0","1897.4399","1","10","{""feature_name"":""<UNNAMED FEATURE>"",""feature_type"":""Unknown Point Feature"",""layer"":""Cabezal de riego"",""feature_description"":""Cabezal de riego"",""feature_layer_name"":""Hidrantes_ddr001.shp"",""index_in_layer"":898}"
"873","2577","782016.146755","2449678.16736","UNKNOWN","10","2010","0","1900","1","10","{""feature_name"":""<UNNAMED FEATURE>"",""feature_type"":""Unknown Point Feature"",""layer"":""Cabezal de riego"",""feature_description"":""Cabezal de riego"",""feature_layer_name"":""Hidrantes_ddr001.shp"",""index_in_layer"":871}"
"903","2580","782195.849026","2450323.12878","UNKNOWN","10","2010","0","1896.58","1","10","{""feature_name"":""<UNNAMED FEATURE>"",""feature_type"":""Unknown Point Feature"",""layer"":""Cabezal de riego"",""feature_description"":""Cabezal de riego"",""feature_layer_name"":""Hidrantes_ddr001.shp"",""index_in_layer"":901}"
"870","2588","782134.352718","2449695.91898","UNKNOWN","10","2010","0","1897.87","1","10","{""feature_name"":""<UNNAMED FEATURE>"",""feature_type"":""Unknown Point Feature"",""layer"":""Cabezal de riego"",""feature_description"":""Cabezal de riego"",""feature_layer_name"":""Hidrantes_ddr001.shp"",""index_in_layer"":868}"
"885","2590","781962.311795","2449938.94279","UNKNOWN","10","","0","1896.65","2","10","{""feature_name"":""<UNNAMED FEATURE>"",""feature_type"":""Unknown Point Feature"",""layer"":""Cabezal de riego"",""feature_description"":""Cabezal de riego"",""feature_layer_name"":""Hidrantes_ddr001.shp"",""index_in_layer"":883,""invalid_installation_year"":""0""}"
"882","2592","782270.653461","2450079.13188","UNKNOWN","10","2010","0","1895.33","1","10","{""feature_name"":""<UNNAMED FEATURE>"",""feature_type"":""Unknown Point Feature"",""layer"":""Cabezal de riego"",""feature_description"":""Cabezal de riego"",""feature_layer_name"":""Hidrantes_ddr001.shp"",""index_in_layer"":880}"
"893","2593","782184.139782","2450199.35955","UNKNOWN","10","2010","0","1909.52","1","10","{""feature_name"":""<UNNAMED FEATURE>"",""feature_type"":""Unknown Point Feature"",""layer"":""Cabezal de riego"",""feature_description"":""Cabezal de riego"",""feature_layer_name"":""Hidrantes_ddr001.shp"",""index_in_layer"":891}"
"883","2595","782305.715056","2450098.60181","UNKNOWN","10","2010","0","1895.9399","2","10","{""feature_name"":""<UNNAMED FEATURE>"",""feature_type"":""Unknown Point Feature"",""layer"":""Cabezal de riego"",""feature_description"":""Cabezal de riego"",""feature_layer_name"":""Hidrantes_ddr001.shp"",""index_in_layer"":881}"
"901","2598","782193.817367","2450269.6795","UNKNOWN","10","2010","0","1897.8","1","10","{""feature_name"":""<UNNAMED FEATURE>"",""feature_type"":""Unknown Point Feature"",""layer"":""Cabezal de riego"",""feature_description"":""Cabezal de riego"",""feature_layer_name"":""Hidrantes_ddr001.shp"",""index_in_layer"":899}"
"887","2599","781967.402408","2450029.01571","UNKNOWN","10","","0","1902.05","0","10","{""feature_name"":""<UNNAMED FEATURE>"",""feature_type"":""Unknown Point Feature"",""layer"":""Cabezal de riego"",""feature_description"":""Cabezal de riego"",""feature_layer_name"":""Hidrantes_ddr001.shp"",""index_in_layer"":885,""invalid_installation_year"":""0""}"
"879","2602","782202.390791","2450051.52887","UNKNOWN","10","2010","0","1894.28","2","10","{""feature_name"":""<UNNAMED FEATURE>"",""feature_type"":""Unknown Point Feature"",""layer"":""Cabezal de riego"",""feature_description"":""Cabezal de riego"",""feature_layer_name"":""Hidrantes_ddr001.shp"",""index_in_layer"":877}"
"914","2603","783942.073565","2450790.83991","UNKNOWN","10","2010","0","1932.12","3","10","{""feature_name"":""<UNNAMED FEATURE>"",""feature_type"":""Unknown Point Feature"",""layer"":""Cabezal de riego"",""feature_description"":""Cabezal de riego"",""feature_layer_name"":""Hidrantes_ddr001.shp"",""index_in_layer"":912}"
"1001","2604","784442.918612","2452989.11258","UNKNOWN","11","","0","1928.6801","0","10","{""feature_name"":""<UNNAMED FEATURE>"",""feature_type"":""Unknown Point Feature"",""layer"":""Cabezal de riego"",""feature_description"":""Cabezal de riego"",""feature_layer_name"":""Hidrantes_ddr001.shp"",""index_in_layer"":999,""invalid_installation_year"":""0""}"
"932","2607","782248.622528","2449737.31501","UNKNOWN","10","2010","0","1886.1801","1","10","{""feature_name"":""<UNNAMED FEATURE>"",""feature_type"":""Unknown Point Feature"",""layer"":""Cabezal de riego"",""feature_description"":""Cabezal de riego"",""feature_layer_name"":""Hidrantes_ddr001.shp"",""index_in_layer"":930}"
"899","2608","782200.770897","2450393.80639","UNKNOWN","10","2010","0","1900.1899","1","10","{""feature_name"":""<UNNAMED FEATURE>"",""feature_type"":""Unknown Point Feature"",""layer"":""Cabezal de riego"",""feature_description"":""Cabezal de riego"",""feature_layer_name"":""Hidrantes_ddr001.shp"",""index_in_layer"":897}"
"757","2609","782234.153342","2451744.35424","UNKNOWN","9","2010","0","1909.8","1","10","{""feature_name"":""<UNNAMED FEATURE>"",""feature_type"":""Unknown Point Feature"",""layer"":""Cabezal de riego"",""feature_description"":""Cabezal de riego"",""feature_layer_name"":""Hidrantes_ddr001.shp"",""index_in_layer"":755}"
"888","2615","781981.054914","2450096.52571","UNKNOWN","10","2010","0","1904.7","1","10","{""feature_name"":""<UNNAMED FEATURE>"",""feature_type"":""Unknown Point Feature"",""layer"":""Cabezal de riego"",""feature_description"":""Cabezal de riego"",""feature_layer_name"":""Hidrantes_ddr001.shp"",""index_in_layer"":886}"
"919","2619","782157.155558","2449329.53308","UNKNOWN","10","2010","0","1896.66","3","10","{""feature_name"":""<UNNAMED FEATURE>"",""feature_type"":""Unknown Point Feature"",""layer"":""Cabezal de riego"",""feature_description"":""Cabezal de riego"",""feature_layer_name"":""Hidrantes_ddr001.shp"",""index_in_layer"":917}"
"918","2620","782128.70936","2449286.57927","UNKNOWN","10","2010","0","1896.66","3","10","{""feature_name"":""<UNNAMED FEATURE>"",""feature_type"":""Unknown Point Feature"",""layer"":""Cabezal de riego"",""feature_description"":""Cabezal de riego"",""feature_layer_name"":""Hidrantes_ddr001.shp"",""index_in_layer"":916}"
"934","2621","782073.207721","2449146.28698","UNKNOWN","10","2010","0","1887.97","3","10","{""feature_name"":""<UNNAMED FEATURE>"",""feature_type"":""Unknown Point Feature"",""layer"":""Cabezal de riego"",""feature_description"":""Cabezal de riego"",""feature_layer_name"":""Hidrantes_ddr001.shp"",""index_in_layer"":932}"
"872","2622","782064.087236","2449670.49708","UNKNOWN","10","2010","0","1898.24","1","10","{""feature_name"":""<UNNAMED FEATURE>"",""feature_type"":""Unknown Point Feature"",""layer"":""Cabezal de riego"",""feature_description"":""Cabezal de riego"",""feature_layer_name"":""Hidrantes_ddr001.shp"",""index_in_layer"":870}"
"921","2623","781984.196037","2448900.00802","UNKNOWN","10","2010","0","1895.53","3","10","{""feature_name"":""<UNNAMED FEATURE>"",""feature_type"":""Unknown Point Feature"",""layer"":""Cabezal de riego"",""feature_description"":""Cabezal de riego"",""feature_layer_name"":""Hidrantes_ddr001.shp"",""index_in_layer"":919}"
"922","2624","781633.266869","2448853.03353","UNKNOWN","10","2010","0","1895.87","3","10","{""feature_name"":""<UNNAMED FEATURE>"",""feature_type"":""Unknown Point Feature"",""layer"":""Cabezal de riego"",""feature_description"":""Cabezal de riego"",""feature_layer_name"":""Hidrantes_ddr001.shp"",""index_in_layer"":920}"
"926","2627","781459.591328","2448755.72399","UNKNOWN","10","2010","0","1895.41","3","10","{""feature_name"":""<UNNAMED FEATURE>"",""feature_type"":""Unknown Point Feature"",""layer"":""Cabezal de riego"",""feature_description"":""Cabezal de riego"",""feature_layer_name"":""Hidrantes_ddr001.shp"",""index_in_layer"":924}"
"927","2628","781461.911809","2448752.99529","UNKNOWN","10","2010","0","1895.26","3","10","{""feature_name"":""<UNNAMED FEATURE>"",""feature_type"":""Unknown Point Feature"",""layer"":""Cabezal de riego"",""feature_description"":""Cabezal de riego"",""feature_layer_name"":""Hidrantes_ddr001.shp"",""index_in_layer"":925}"
"930","2629","781370.736528","2448143.10279","UNKNOWN","10","2010","0","1893.78","3","10","{""feature_name"":""<UNNAMED FEATURE>"",""feature_type"":""Unknown Point Feature"",""layer"":""Cabezal de riego"",""feature_description"":""Cabezal de riego"",""feature_layer_name"":""Hidrantes_ddr001.shp"",""index_in_layer"":928}"
"1874","273","779394.395714","2447341.92094","UNKNOWN","3","","150","1859.4856","3","10","{""feature_name"":""<UNNAMED FEATURE>"",""feature_type"":""Unknown Point Feature"",""layer"":""Cabezal de riego"",""feature_description"":""Cabezal de riego"",""feature_layer_name"":""Hidrantes_ddr001.shp"",""index_in_layer"":1872,""invalid_installation_year"":""0""}"
"1390","29","774970.924732","2449236.72032","UNKNOWN","1","","160","1866.8102","3","10","{""feature_name"":""<UNNAMED FEATURE>"",""feature_type"":""Unknown Point Feature"",""layer"":""Cabezal de riego"",""feature_description"":""Cabezal de riego"",""feature_layer_name"":""Hidrantes_ddr001.shp"",""index_in_layer"":1388,""invalid_installation_year"":""0""}"
"1927","291","774760.327631","2450094.03105","UNKNOWN","1","","225","1898.6931","3","10","{""feature_name"":""<UNNAMED FEATURE>"",""feature_type"":""Unknown Point Feature"",""layer"":""Cabezal de riego"",""feature_description"":""Cabezal de riego"",""feature_layer_name"":""Hidrantes_ddr001.shp"",""index_in_layer"":1925,""invalid_installation_year"":""0""}"
"1406","3","774158.630467","2450799.415","UNKNOWN","1","","135","1909.3768","3","10","{""feature_name"":""<UNNAMED FEATURE>"",""feature_type"":""Unknown Point Feature"",""layer"":""Cabezal de riego"",""feature_description"":""Cabezal de riego"",""feature_layer_name"":""Hidrantes_ddr001.shp"",""index_in_layer"":1404,""invalid_installation_year"":""0""}"
"1391","312","775116.902646","2449150.26097","UNKNOWN","1","","180","1866.4742","3","10","{""feature_name"":""<UNNAMED FEATURE>"",""feature_type"":""Unknown Point Feature"",""layer"":""Cabezal de riego"",""feature_description"":""Cabezal de riego"",""feature_layer_name"":""Hidrantes_ddr001.shp"",""index_in_layer"":1389,""invalid_installation_year"":""0""}"
"1410","32","775345.417907","2450927.26778","UNKNOWN","1","","130","1906.8855","3","10","{""feature_name"":""<UNNAMED FEATURE>"",""feature_type"":""Unknown Point Feature"",""layer"":""Cabezal de riego"",""feature_description"":""Cabezal de riego"",""feature_layer_name"":""Hidrantes_ddr001.shp"",""index_in_layer"":1408,""invalid_installation_year"":""0""}"
"1412","33","775125.967172","2450444.10735","UNKNOWN","1","","230","1902.6307","3","10","{""feature_name"":""<UNNAMED FEATURE>"",""feature_type"":""Unknown Point Feature"",""layer"":""Cabezal de riego"",""feature_description"":""Cabezal de riego"",""feature_layer_name"":""Hidrantes_ddr001.shp"",""index_in_layer"":1410,""invalid_installation_year"":""0""}"
"1905","339","774214.589155","2454178.14552","UNKNOWN","2","","0","1934.3644","3","10","{""feature_name"":""<UNNAMED FEATURE>"",""feature_type"":""Unknown Point Feature"",""layer"":""Cabezal de riego"",""feature_description"":""Cabezal de riego"",""feature_layer_name"":""Hidrantes_ddr001.shp"",""index_in_layer"":1903,""invalid_installation_year"":""0""}"
"1413","34","775441.878404","2450073.33445","UNKNOWN","1","","325","1904.8328","3","10","{""feature_name"":""<UNNAMED FEATURE>"",""feature_type"":""Unknown Point Feature"",""layer"":""Cabezal de riego"",""feature_description"":""Cabezal de riego"",""feature_layer_name"":""Hidrantes_ddr001.shp"",""index_in_layer"":1411,""invalid_installation_year"":""0""}"
"1904","340","774105.495288","2453794.59366","UNKNOWN","2","","0","1934.3644","3","10","{""feature_name"":""<UNNAMED FEATURE>"",""feature_type"":""Unknown Point Feature"",""layer"":""Cabezal de riego"",""feature_description"":""Cabezal de riego"",""feature_layer_name"":""Hidrantes_ddr001.shp"",""index_in_layer"":1902,""invalid_installation_year"":""0""}"
"1318","344","774651.132553","2454813.91254","UNKNOWN","7","2010","0","1872.99","3","10","{""feature_name"":""<UNNAMED FEATURE>"",""feature_type"":""Unknown Point Feature"",""layer"":""Cabezal de riego"",""feature_description"":""Cabezal de riego"",""feature_layer_name"":""Hidrantes_ddr001.shp"",""index_in_layer"":1316}"
"1319","347","774807.995837","2454814.34081","UNKNOWN","7","2010","0","1928.24","3","10","{""feature_name"":""<UNNAMED FEATURE>"",""feature_type"":""Unknown Point Feature"",""layer"":""Cabezal de riego"",""feature_description"":""Cabezal de riego"",""feature_layer_name"":""Hidrantes_ddr001.shp"",""index_in_layer"":1317}"
"1320","348","775138.621161","2454746.35443","UNKNOWN","7","2010","0","1929.96","3","10","{""feature_name"":""<UNNAMED FEATURE>"",""feature_type"":""Unknown Point Feature"",""layer"":""Cabezal de riego"",""feature_description"":""Cabezal de riego"",""feature_layer_name"":""Hidrantes_ddr001.shp"",""index_in_layer"":1318}"
"1875","351","774723.304286","2453405.5069","UNKNOWN","4","2023","290","0","3","10","{""feature_name"":""<UNNAMED FEATURE>"",""feature_type"":""Unknown Point Feature"",""layer"":""Cabezal de riego"",""feature_description"":""Cabezal de riego"",""feature_layer_name"":""Hidrantes_ddr001.shp"",""index_in_layer"":1873}"
"1876","352","775051.309348","2452985.55818","UNKNOWN","4","2023","290","0","3","10","{""feature_name"":""<UNNAMED FEATURE>"",""feature_type"":""Unknown Point Feature"",""layer"":""Cabezal de riego"",""feature_description"":""Cabezal de riego"",""feature_layer_name"":""Hidrantes_ddr001.shp"",""index_in_layer"":1874}"
"1877","355","774953.942487","2453364.44227","UNKNOWN","4","2023","290","0","3","10","{""feature_name"":""<UNNAMED FEATURE>"",""feature_type"":""Unknown Point Feature"",""layer"":""Cabezal de riego"",""feature_description"":""Cabezal de riego"",""feature_layer_name"":""Hidrantes_ddr001.shp"",""index_in_layer"":1875}"
"1878","359","775502.702986","2453508.27901","UNKNOWN","4","","180","1936.7997","3","10","{""feature_name"":""<UNNAMED FEATURE>"",""feature_type"":""Unknown Point Feature"",""layer"":""Cabezal de riego"",""feature_description"":""Cabezal de riego"",""feature_layer_name"":""Hidrantes_ddr001.shp"",""index_in_layer"":1876,""invalid_installation_year"":""0""}"
"1434","36","775619.929526","2449482.2331","UNKNOWN","1","","230","1887.459","0","10","{""feature_name"":""<UNNAMED FEATURE>"",""feature_type"":""Unknown Point Feature"",""layer"":""Cabezal de riego"",""feature_description"":""Cabezal de riego"",""feature_layer_name"":""Hidrantes_ddr001.shp"",""index_in_layer"":1432,""invalid_installation_year"":""0""}"
"1925","364","775820.150109","2453454.79347","UNKNOWN","4","","0","1935.8573","0","10","{""feature_name"":""<UNNAMED FEATURE>"",""feature_type"":""Unknown Point Feature"",""layer"":""Cabezal de riego"",""feature_description"":""Cabezal de riego"",""feature_layer_name"":""Hidrantes_ddr001.shp"",""index_in_layer"":1923,""invalid_installation_year"":""0""}"
"1879","365","775654.532053","2452896.10643","UNKNOWN","4","","135","1934.6537","3","10","{""feature_name"":""<UNNAMED FEATURE>"",""feature_type"":""Unknown Point Feature"",""layer"":""Cabezal de riego"",""feature_description"":""Cabezal de riego"",""feature_layer_name"":""Hidrantes_ddr001.shp"",""index_in_layer"":1877,""invalid_installation_year"":""0""}"
"1204","367","777050.349428","2454802.37212","UNKNOWN","13","2020","0","1926.22","3","10","{""feature_name"":""<UNNAMED FEATURE>"",""feature_type"":""Unknown Point Feature"",""layer"":""Cabezal de riego"",""feature_description"":""Cabezal de riego"",""feature_layer_name"":""Hidrantes_ddr001.shp"",""index_in_layer"":1202}"
"1880","3671","775925.352","2452686.658","UNKNOWN","4","","135","1934.6537","3","10","{""feature_name"":""<UNNAMED FEATURE>"",""feature_type"":""Unknown Point Feature"",""layer"":""Cabezal de riego"",""feature_description"":""Cabezal de riego"",""feature_layer_name"":""Hidrantes_ddr001.shp"",""index_in_layer"":1878,""invalid_installation_year"":""0""}"
"1926","368","775891.410017","2453423.13904","UNKNOWN","4","","0","1935.8573","0","10","{""feature_name"":""<UNNAMED FEATURE>"",""feature_type"":""Unknown Point Feature"",""layer"":""Cabezal de riego"",""feature_description"":""Cabezal de riego"",""feature_layer_name"":""Hidrantes_ddr001.shp"",""index_in_layer"":1924,""invalid_installation_year"":""0""}"
"1432","37","775486.550148","2449892.18867","UNKNOWN","1","","230","1890.4728","2","10","{""feature_name"":""<UNNAMED FEATURE>"",""feature_type"":""Unknown Point Feature"",""layer"":""Cabezal de riego"",""feature_description"":""Cabezal de riego"",""feature_layer_name"":""Hidrantes_ddr001.shp"",""index_in_layer"":1430,""invalid_installation_year"":""0""}"
"1881","374","776638.198336","2452812.89905","UNKNOWN","4","","0","1924.5392","3","10","{""feature_name"":""<UNNAMED FEATURE>"",""feature_type"":""Unknown Point Feature"",""layer"":""Cabezal de riego"",""feature_description"":""Cabezal de riego"",""feature_layer_name"":""Hidrantes_ddr001.shp"",""index_in_layer"":1879,""invalid_installation_year"":""0""}"
"1414","38","775075.754844","2449912.17754","UNKNOWN","1","","130","1901.3711","3","10","{""feature_name"":""<UNNAMED FEATURE>"",""feature_type"":""Unknown Point Feature"",""layer"":""Cabezal de riego"",""feature_description"":""Cabezal de riego"",""feature_layer_name"":""Hidrantes_ddr001.shp"",""index_in_layer"":1412,""invalid_installation_year"":""0""}"
"1188","385","776228.275559","2455353.62885","UNKNOWN","13","2014","0","1908.21","3","10","{""feature_name"":""<UNNAMED FEATURE>"",""feature_type"":""Unknown Point Feature"",""layer"":""Cabezal de riego"",""feature_description"":""Cabezal de riego"",""feature_layer_name"":""Hidrantes_ddr001.shp"",""index_in_layer"":1186}"
"1187","386","776332.881268","2455227.49123","UNKNOWN","13","2014","0","1900.62","3","10","{""feature_name"":""<UNNAMED FEATURE>"",""feature_type"":""Unknown Point Feature"",""layer"":""Cabezal de riego"",""feature_description"":""Cabezal de riego"",""feature_layer_name"":""Hidrantes_ddr001.shp"",""index_in_layer"":1185}"
"1186","387","776370.463611","2454963.76219","UNKNOWN","13","2014","0","1900.09","3","10","{""feature_name"":""<UNNAMED FEATURE>"",""feature_type"":""Unknown Point Feature"",""layer"":""Cabezal de riego"",""feature_description"":""Cabezal de riego"",""feature_layer_name"":""Hidrantes_ddr001.shp"",""index_in_layer"":1184}"
"1206","388","776682.988274","2455032.67142","UNKNOWN","13","2014","0","1926.65","3","10","{""feature_name"":""<UNNAMED FEATURE>"",""feature_type"":""Unknown Point Feature"",""layer"":""Cabezal de riego"",""feature_description"":""Cabezal de riego"",""feature_layer_name"":""Hidrantes_ddr001.shp"",""index_in_layer"":1204}"
"1431","39","775491.095551","2449828.57756","UNKNOWN","1","","230","1888.2802","2","10","{""feature_name"":""<UNNAMED FEATURE>"",""feature_type"":""Unknown Point Feature"",""layer"":""Cabezal de riego"",""feature_description"":""Cabezal de riego"",""feature_layer_name"":""Hidrantes_ddr001.shp"",""index_in_layer"":1429,""invalid_installation_year"":""0""}"
"1324","391","775145.995186","2454743.71392","UNKNOWN","7","2010","0","1931","3","10","{""feature_name"":""<UNNAMED FEATURE>"",""feature_type"":""Unknown Point Feature"",""layer"":""Cabezal de riego"",""feature_description"":""Cabezal de riego"",""feature_layer_name"":""Hidrantes_ddr001.shp"",""index_in_layer"":1322}"
"1322","394","775649.815644","2454739.50907","UNKNOWN","7","2010","0","1930.53","3","10","{""feature_name"":""<UNNAMED FEATURE>"",""feature_type"":""Unknown Point Feature"",""layer"":""Cabezal de riego"",""feature_description"":""Cabezal de riego"",""feature_layer_name"":""Hidrantes_ddr001.shp"",""index_in_layer"":1320}"
"1321","395","775669.680802","2454479.01352","UNKNOWN","7","2010","0","1929.83","3","10","{""feature_name"":""<UNNAMED FEATURE>"",""feature_type"":""Unknown Point Feature"",""layer"":""Cabezal de riego"",""feature_description"":""Cabezal de riego"",""feature_layer_name"":""Hidrantes_ddr001.shp"",""index_in_layer"":1319}"
"1327","396","775785.898747","2454314.73673","UNKNOWN","7","2010","0","1934.1899","3","10","{""feature_name"":""<UNNAMED FEATURE>"",""feature_type"":""Unknown Point Feature"",""layer"":""Cabezal de riego"",""feature_description"":""Cabezal de riego"",""feature_layer_name"":""Hidrantes_ddr001.shp"",""index_in_layer"":1325}"
"1328","397","775841.97313","2454166.57555","UNKNOWN","7","","0","1935.13","0","","{""feature_name"":""<UNNAMED FEATURE>"",""feature_type"":""Unknown Point Feature"",""layer"":""Cabezal de riego"",""feature_description"":""Cabezal de riego"",""feature_layer_name"":""Hidrantes_ddr001.shp"",""index_in_layer"":1326,""invalid_installation_year"":""0""}"
"1330","398","775943.508203","2454162.04985","UNKNOWN","7","2010","0","1935.1","3","10","{""feature_name"":""<UNNAMED FEATURE>"",""feature_type"":""Unknown Point Feature"",""layer"":""Cabezal de riego"",""feature_description"":""Cabezal de riego"",""feature_layer_name"":""Hidrantes_ddr001.shp"",""index_in_layer"":1328}"
"1329","399","776128.20009","2454065.69028","UNKNOWN","7","","0","1934.59","0","","{""feature_name"":""<UNNAMED FEATURE>"",""feature_type"":""Unknown Point Feature"",""layer"":""Cabezal de riego"",""feature_description"":""Cabezal de riego"",""feature_layer_name"":""Hidrantes_ddr001.shp"",""index_in_layer"":1327,""invalid_installation_year"":""0""}"
"1407","4","774147.859027","2450914.78223","UNKNOWN","1","","135","1909.3489","3","10","{""feature_name"":""<UNNAMED FEATURE>"",""feature_type"":""Unknown Point Feature"",""layer"":""Cabezal de riego"",""feature_description"":""Cabezal de riego"",""feature_layer_name"":""Hidrantes_ddr001.shp"",""index_in_layer"":1405,""invalid_installation_year"":""0""}"
"1332","400","776516.825162","2454016.92686","UNKNOWN","7","2010","0","1932.1801","3","10","{""feature_name"":""<UNNAMED FEATURE>"",""feature_type"":""Unknown Point Feature"",""layer"":""Cabezal de riego"",""feature_description"":""Cabezal de riego"",""feature_layer_name"":""Hidrantes_ddr001.shp"",""index_in_layer"":1330}"
"1300","402","776814.495279","2454366.47842","UNKNOWN","7","2010","0","1921.21","3","10","{""feature_name"":""<UNNAMED FEATURE>"",""feature_type"":""Unknown Point Feature"",""layer"":""Cabezal de riego"",""feature_description"":""Cabezal de riego"",""feature_layer_name"":""Hidrantes_ddr001.shp"",""index_in_layer"":1298}"
"1430","41","775501.388379","2449710.07423","UNKNOWN","1","","230","1885.5463","3","10","{""feature_name"":""<UNNAMED FEATURE>"",""feature_type"":""Unknown Point Feature"",""layer"":""Cabezal de riego"",""feature_description"":""Cabezal de riego"",""feature_layer_name"":""Hidrantes_ddr001.shp"",""index_in_layer"":1428,""invalid_installation_year"":""0""}"
"1216","411","775253.500674","2455847.93594","UNKNOWN","13","2014","0","1937.27","3","10","{""feature_name"":""<UNNAMED FEATURE>"",""feature_type"":""Unknown Point Feature"",""layer"":""Cabezal de riego"",""feature_description"":""Cabezal de riego"",""feature_layer_name"":""Hidrantes_ddr001.shp"",""index_in_layer"":1214}"
"1214","413","775915.916509","2456059.2922","UNKNOWN","13","2014","0","1936.11","3","10","{""feature_name"":""<UNNAMED FEATURE>"",""feature_type"":""Unknown Point Feature"",""layer"":""Cabezal de riego"",""feature_description"":""Cabezal de riego"",""feature_layer_name"":""Hidrantes_ddr001.shp"",""index_in_layer"":1212}"
"1213","414","776122.367923","2456061.94021","UNKNOWN","13","2014","0","1936.37","3","10","{""feature_name"":""<UNNAMED FEATURE>"",""feature_type"":""Unknown Point Feature"",""layer"":""Cabezal de riego"",""feature_description"":""Cabezal de riego"",""feature_layer_name"":""Hidrantes_ddr001.shp"",""index_in_layer"":1211}"
"1200","417","777113.83005","2455302.81043","UNKNOWN","13","2014","0","1925.1801","3","10","{""feature_name"":""<UNNAMED FEATURE>"",""feature_type"":""Unknown Point Feature"",""layer"":""Cabezal de riego"",""feature_description"":""Cabezal de riego"",""feature_layer_name"":""Hidrantes_ddr001.shp"",""index_in_layer"":1198}"
"1198","418","777141.187363","2455436.26836","UNKNOWN","13","2014","0","1923.12","3","10","{""feature_name"":""<UNNAMED FEATURE>"",""feature_type"":""Unknown Point Feature"",""layer"":""Cabezal de riego"",""feature_description"":""Cabezal de riego"",""feature_layer_name"":""Hidrantes_ddr001.shp"",""index_in_layer"":1196}"
"1197","419","777165.315288","2455565.56918","UNKNOWN","13","2014","0","1922.37","3","10","{""feature_name"":""<UNNAMED FEATURE>"",""feature_type"":""Unknown Point Feature"",""layer"":""Cabezal de riego"",""feature_description"":""Cabezal de riego"",""feature_layer_name"":""Hidrantes_ddr001.shp"",""index_in_layer"":1195}"
"1415","42","775094.964304","2449678.87119","UNKNOWN","1","","75","1904.0397","2","10","{""feature_name"":""<UNNAMED FEATURE>"",""feature_type"":""Unknown Point Feature"",""layer"":""Cabezal de riego"",""feature_description"":""Cabezal de riego"",""feature_layer_name"":""Hidrantes_ddr001.shp"",""index_in_layer"":1413,""invalid_installation_year"":""0""}"
"1208","420","777238.382941","2455844.88952","UNKNOWN","13","2014","0","1930","3","10","{""feature_name"":""<UNNAMED FEATURE>"",""feature_type"":""Unknown Point Feature"",""layer"":""Cabezal de riego"",""feature_description"":""Cabezal de riego"",""feature_layer_name"":""Hidrantes_ddr001.shp"",""index_in_layer"":1206}"
"1190","421","776202.942013","2455654.36328","UNKNOWN","13","2014","0","1910.34","3","10","{""feature_name"":""<UNNAMED FEATURE>"",""feature_type"":""Unknown Point Feature"",""layer"":""Cabezal de riego"",""feature_description"":""Cabezal de riego"",""feature_layer_name"":""Hidrantes_ddr001.shp"",""index_in_layer"":1188}"
"1189","422","776180.207183","2455556.7812","UNKNOWN","13","2014","0","1909.88","3","10","{""feature_name"":""<UNNAMED FEATURE>"",""feature_type"":""Unknown Point Feature"",""layer"":""Cabezal de riego"",""feature_description"":""Cabezal de riego"",""feature_layer_name"":""Hidrantes_ddr001.shp"",""index_in_layer"":1187}"
"1211","423","777278.469435","2456005.27927","UNKNOWN","13","2014","0","1931.74","3","10","{""feature_name"":""<UNNAMED FEATURE>"",""feature_type"":""Unknown Point Feature"",""layer"":""Cabezal de riego"",""feature_description"":""Cabezal de riego"",""feature_layer_name"":""Hidrantes_ddr001.shp"",""index_in_layer"":1209}"
"1191","424","776438.887058","2455664.40609","UNKNOWN","13","2014","0","1912.1899","3","10","{""feature_name"":""<UNNAMED FEATURE>"",""feature_type"":""Unknown Point Feature"",""layer"":""Cabezal de riego"",""feature_description"":""Cabezal de riego"",""feature_layer_name"":""Hidrantes_ddr001.shp"",""index_in_layer"":1189}"
"1192","425","776414.418676","2455554.04965","UNKNOWN","13","2014","0","1913.02","3","10","{""feature_name"":""<UNNAMED FEATURE>"",""feature_type"":""Unknown Point Feature"",""layer"":""Cabezal de riego"",""feature_description"":""Cabezal de riego"",""feature_layer_name"":""Hidrantes_ddr001.shp"",""index_in_layer"":1190}"
"1238","426","775987.179248","2456143.7685","UNKNOWN","13","2014","0","1934.34","3","20","{""feature_name"":""<UNNAMED FEATURE>"",""feature_type"":""Unknown Point Feature"",""layer"":""Cabezal de riego"",""feature_description"":""Cabezal de riego"",""feature_layer_name"":""Hidrantes_ddr001.shp"",""index_in_layer"":1236}"
"1237","427","776359.660087","2456211.4058","UNKNOWN","13","2014","0","1931.9301","3","10","{""feature_name"":""<UNNAMED FEATURE>"",""feature_type"":""Unknown Point Feature"",""layer"":""Cabezal de riego"",""feature_description"":""Cabezal de riego"",""feature_layer_name"":""Hidrantes_ddr001.shp"",""index_in_layer"":1235}"
"1236","428","776567.499753","2456199.6791","UNKNOWN","13","2014","0","1930.25","3","10","{""feature_name"":""<UNNAMED FEATURE>"",""feature_type"":""Unknown Point Feature"",""layer"":""Cabezal de riego"",""feature_description"":""Cabezal de riego"",""feature_layer_name"":""Hidrantes_ddr001.shp"",""index_in_layer"":1234}"
"1195","429","776811.152932","2455995.44615","UNKNOWN","13","2014","0","1921.77","3","10","{""feature_name"":""<UNNAMED FEATURE>"",""feature_type"":""Unknown Point Feature"",""layer"":""Cabezal de riego"",""feature_description"":""Cabezal de riego"",""feature_layer_name"":""Hidrantes_ddr001.shp"",""index_in_layer"":1193}"
"1429","43","775506.118117","2449600.15671","UNKNOWN","1","","230","1883.5494","3","10","{""feature_name"":""<UNNAMED FEATURE>"",""feature_type"":""Unknown Point Feature"",""layer"":""Cabezal de riego"",""feature_description"":""Cabezal de riego"",""feature_layer_name"":""Hidrantes_ddr001.shp"",""index_in_layer"":1427,""invalid_installation_year"":""0""}"
"1194","430","776755.822195","2455774.83977","UNKNOWN","13","2014","0","1919.9","3","10","{""feature_name"":""<UNNAMED FEATURE>"",""feature_type"":""Unknown Point Feature"",""layer"":""Cabezal de riego"",""feature_description"":""Cabezal de riego"",""feature_layer_name"":""Hidrantes_ddr001.shp"",""index_in_layer"":1192}"
"1193","431","776700.255698","2455555.78101","UNKNOWN","13","2014","0","1917.28","3","10","{""feature_name"":""<UNNAMED FEATURE>"",""feature_type"":""Unknown Point Feature"",""layer"":""Cabezal de riego"",""feature_description"":""Cabezal de riego"",""feature_layer_name"":""Hidrantes_ddr001.shp"",""index_in_layer"":1191}"
"1207","432","776643.035031","2455266.77203","UNKNOWN","13","2014","0","1927.9","3","10","{""feature_name"":""<UNNAMED FEATURE>"",""feature_type"":""Unknown Point Feature"",""layer"":""Cabezal de riego"",""feature_description"":""Cabezal de riego"",""feature_layer_name"":""Hidrantes_ddr001.shp"",""index_in_layer"":1205}"
"1212","433","777029.429175","2456041.42084","UNKNOWN","13","2014","0","1932.74","3","10","{""feature_name"":""<UNNAMED FEATURE>"",""feature_type"":""Unknown Point Feature"",""layer"":""Cabezal de riego"",""feature_description"":""Cabezal de riego"",""feature_layer_name"":""Hidrantes_ddr001.shp"",""index_in_layer"":1210}"
"1210","434","776998.904851","2455900.37173","UNKNOWN","13","2014","0","1930.87","3","10","{""feature_name"":""<UNNAMED FEATURE>"",""feature_type"":""Unknown Point Feature"",""layer"":""Cabezal de riego"",""feature_description"":""Cabezal de riego"",""feature_layer_name"":""Hidrantes_ddr001.shp"",""index_in_layer"":1208}"
"1196","435","776946.616262","2455682.92102","UNKNOWN","13","2014","0","1922","3","10","{""feature_name"":""<UNNAMED FEATURE>"",""feature_type"":""Unknown Point Feature"",""layer"":""Cabezal de riego"",""feature_description"":""Cabezal de riego"",""feature_layer_name"":""Hidrantes_ddr001.shp"",""index_in_layer"":1194}"
"1199","436","776893.068954","2455460.68356","UNKNOWN","13","2014","0","1922.98","3","10","{""feature_name"":""<UNNAMED FEATURE>"",""feature_type"":""Unknown Point Feature"",""layer"":""Cabezal de riego"",""feature_description"":""Cabezal de riego"",""feature_layer_name"":""Hidrantes_ddr001.shp"",""index_in_layer"":1197}"
"1201","437","777088.489556","2455177.80998","UNKNOWN","13","2014","0","1924.55","3","10","{""feature_name"":""<UNNAMED FEATURE>"",""feature_type"":""Unknown Point Feature"",""layer"":""Cabezal de riego"",""feature_description"":""Cabezal de riego"",""feature_layer_name"":""Hidrantes_ddr001.shp"",""index_in_layer"":1199}"
"1205","438","776690.25543","2455030.25135","UNKNOWN","13","2014","0","1925.5","3","10","{""feature_name"":""<UNNAMED FEATURE>"",""feature_type"":""Unknown Point Feature"",""layer"":""Cabezal de riego"",""feature_description"":""Cabezal de riego"",""feature_layer_name"":""Hidrantes_ddr001.shp"",""index_in_layer"":1203}"
"1202","439","777064.680411","2455053.72325","UNKNOWN","13","2014","0","1924.65","3","10","{""feature_name"":""<UNNAMED FEATURE>"",""feature_type"":""Unknown Point Feature"",""layer"":""Cabezal de riego"",""feature_description"":""Cabezal de riego"",""feature_layer_name"":""Hidrantes_ddr001.shp"",""index_in_layer"":1200}"
"1417","44","775137.660565","2449488.13286","UNKNOWN","1","","40","1885.4623","2","10","{""feature_name"":""<UNNAMED FEATURE>"",""feature_type"":""Unknown Point Feature"",""layer"":""Cabezal de riego"",""feature_description"":""Cabezal de riego"",""feature_layer_name"":""Hidrantes_ddr001.shp"",""index_in_layer"":1415,""invalid_installation_year"":""0""}"
"1203","441","777060.100274","2454927.76103","UNKNOWN","13","2014","0","1924.96","3","10","{""feature_name"":""<UNNAMED FEATURE>"",""feature_type"":""Unknown Point Feature"",""layer"":""Cabezal de riego"",""feature_description"":""Cabezal de riego"",""feature_layer_name"":""Hidrantes_ddr001.shp"",""index_in_layer"":1201}"
"1241","443","776601.996465","2456915.23962","UNKNOWN","13","2014","0","1936.5699","3","10","{""feature_name"":""<UNNAMED FEATURE>"",""feature_type"":""Unknown Point Feature"",""layer"":""Cabezal de riego"",""feature_description"":""Cabezal de riego"",""feature_layer_name"":""Hidrantes_ddr001.shp"",""index_in_layer"":1239}"
"1240","444","776443.530131","2456673.97119","UNKNOWN","13","2014","0","1934.99","3","10","{""feature_name"":""<UNNAMED FEATURE>"",""feature_type"":""Unknown Point Feature"",""layer"":""Cabezal de riego"",""feature_description"":""Cabezal de riego"",""feature_layer_name"":""Hidrantes_ddr001.shp"",""index_in_layer"":1238}"
"1235","445","776688.181866","2456465.32256","UNKNOWN","13","2014","0","1930.5","3","10","{""feature_name"":""<UNNAMED FEATURE>"",""feature_type"":""Unknown Point Feature"",""layer"":""Cabezal de riego"",""feature_description"":""Cabezal de riego"",""feature_layer_name"":""Hidrantes_ddr001.shp"",""index_in_layer"":1233}"
"1239","447","776292.140778","2456405.68161","UNKNOWN","13","2014","0","1934.33","3","10","{""feature_name"":""<UNNAMED FEATURE>"",""feature_type"":""Unknown Point Feature"",""layer"":""Cabezal de riego"",""feature_description"":""Cabezal de riego"",""feature_layer_name"":""Hidrantes_ddr001.shp"",""index_in_layer"":1237}"
"1243","449","776980.156506","2457109.65187","UNKNOWN","13","2014","0","1935.39","3","10","{""feature_name"":""<UNNAMED FEATURE>"",""feature_type"":""Unknown Point Feature"",""layer"":""Cabezal de riego"",""feature_description"":""Cabezal de riego"",""feature_layer_name"":""Hidrantes_ddr001.shp"",""index_in_layer"":1241}"
"1428","45","775510.785556","2449491.49406","UNKNOWN","1","","230","1881.394","3","10","{""feature_name"":""<UNNAMED FEATURE>"",""feature_type"":""Unknown Point Feature"",""layer"":""Cabezal de riego"",""feature_description"":""Cabezal de riego"",""feature_layer_name"":""Hidrantes_ddr001.shp"",""index_in_layer"":1426,""invalid_installation_year"":""0""}"
"1230","450","777116.246392","2456464.81721","UNKNOWN","13","2014","0","1927.73","3","10","{""feature_name"":""<UNNAMED FEATURE>"",""feature_type"":""Unknown Point Feature"",""layer"":""Cabezal de riego"",""feature_description"":""Cabezal de riego"",""feature_layer_name"":""Hidrantes_ddr001.shp"",""index_in_layer"":1228}"
"1231","451","777015.43612","2456464.13825","UNKNOWN","13","2014","0","1926.87","3","10","{""feature_name"":""<UNNAMED FEATURE>"",""feature_type"":""Unknown Point Feature"",""layer"":""Cabezal de riego"",""feature_description"":""Cabezal de riego"",""feature_layer_name"":""Hidrantes_ddr001.shp"",""index_in_layer"":1229}"
"1228","452","777499.484091","2456286.45098","UNKNOWN","13","2014","0","1927.55","3","10","{""feature_name"":""<UNNAMED FEATURE>"",""feature_type"":""Unknown Point Feature"",""layer"":""Cabezal de riego"",""feature_description"":""Cabezal de riego"",""feature_layer_name"":""Hidrantes_ddr001.shp"",""index_in_layer"":1226}"
"1250","453","777522.013172","2456581.05527","UNKNOWN","13","2014","0","1932.76","3","10","{""feature_name"":""<UNNAMED FEATURE>"",""feature_type"":""Unknown Point Feature"",""layer"":""Cabezal de riego"",""feature_description"":""Cabezal de riego"",""feature_layer_name"":""Hidrantes_ddr001.shp"",""index_in_layer"":1248}"
"1226","454","777738.339187","2456265.87147","UNKNOWN","13","2014","0","1925.03","3","10","{""feature_name"":""<UNNAMED FEATURE>"",""feature_type"":""Unknown Point Feature"",""layer"":""Cabezal de riego"",""feature_description"":""Cabezal de riego"",""feature_layer_name"":""Hidrantes_ddr001.shp"",""index_in_layer"":1224}"
"1255","455","777755.56715","2456591.40971","UNKNOWN","13","2014","0","1930.72","3","10","{""feature_name"":""<UNNAMED FEATURE>"",""feature_type"":""Unknown Point Feature"",""layer"":""Cabezal de riego"",""feature_description"":""Cabezal de riego"",""feature_layer_name"":""Hidrantes_ddr001.shp"",""index_in_layer"":1253}"
"1252","457","777985.129418","2456599.92368","UNKNOWN","13","2014","0","1929.9399","3","10","{""feature_name"":""<UNNAMED FEATURE>"",""feature_type"":""Unknown Point Feature"",""layer"":""Cabezal de riego"",""feature_description"":""Cabezal de riego"",""feature_layer_name"":""Hidrantes_ddr001.shp"",""index_in_layer"":1250}"
"1280","459","777511.498989","2456034.01436","UNKNOWN","7","2010","0","1916.53","3","10","{""feature_name"":""<UNNAMED FEATURE>"",""feature_type"":""Unknown Point Feature"",""layer"":""Cabezal de riego"",""feature_description"":""Cabezal de riego"",""feature_layer_name"":""Hidrantes_ddr001.shp"",""index_in_layer"":1278}"
"1418","46","775138.5911","2449481.76756","UNKNOWN","1","","120","1885.3036","2","10","{""feature_name"":""<UNNAMED FEATURE>"",""feature_type"":""Unknown Point Feature"",""layer"":""Cabezal de riego"",""feature_description"":""Cabezal de riego"",""feature_layer_name"":""Hidrantes_ddr001.shp"",""index_in_layer"":1416,""invalid_installation_year"":""0""}"
"1264","460","778202.577679","2456494.75387","UNKNOWN","13","2014","0","1927.59","3","10","{""feature_name"":""<UNNAMED FEATURE>"",""feature_type"":""Unknown Point Feature"",""layer"":""Cabezal de riego"",""feature_description"":""Cabezal de riego"",""feature_layer_name"":""Hidrantes_ddr001.shp"",""index_in_layer"":1262}"
"1251","461","777982.346875","2456477.87035","UNKNOWN","13","2014","0","1929.95","3","10","{""feature_name"":""<UNNAMED FEATURE>"",""feature_type"":""Unknown Point Feature"",""layer"":""Cabezal de riego"",""feature_description"":""Cabezal de riego"",""feature_layer_name"":""Hidrantes_ddr001.shp"",""index_in_layer"":1249}"
"1219","463","774819.466344","2455694.36484","UNKNOWN","13","2014","0","1918.47","3","10","{""feature_name"":""<UNNAMED FEATURE>"",""feature_type"":""Unknown Point Feature"",""layer"":""Cabezal de riego"",""feature_description"":""Cabezal de riego"",""feature_layer_name"":""Hidrantes_ddr001.shp"",""index_in_layer"":1217}"
"1227","464","777491.859302","2456245.09378","UNKNOWN","13","2014","0","1927.05","3","10","{""feature_name"":""<UNNAMED FEATURE>"",""feature_type"":""Unknown Point Feature"",""layer"":""Cabezal de riego"",""feature_description"":""Cabezal de riego"",""feature_layer_name"":""Hidrantes_ddr001.shp"",""index_in_layer"":1225}"
"1225","465","777735.709759","2456204.76757","UNKNOWN","13","2014","0","1924.8199","3","10","{""feature_name"":""<UNNAMED FEATURE>"",""feature_type"":""Unknown Point Feature"",""layer"":""Cabezal de riego"",""feature_description"":""Cabezal de riego"",""feature_layer_name"":""Hidrantes_ddr001.shp"",""index_in_layer"":1223}"
"1224","466","777992.079494","2456249.7711","UNKNOWN","13","2014","0","1922.8199","3","10","{""feature_name"":""<UNNAMED FEATURE>"",""feature_type"":""Unknown Point Feature"",""layer"":""Cabezal de riego"",""feature_description"":""Cabezal de riego"",""feature_layer_name"":""Hidrantes_ddr001.shp"",""index_in_layer"":1222}"
"1221","467","778319.34218","2456271.7733","UNKNOWN","13","2014","0","1919.75","3","10","{""feature_name"":""<UNNAMED FEATURE>"",""feature_type"":""Unknown Point Feature"",""layer"":""Cabezal de riego"",""feature_description"":""Cabezal de riego"",""feature_layer_name"":""Hidrantes_ddr001.shp"",""index_in_layer"":1219}"
"1223","468","778435.212178","2456081.79933","UNKNOWN","13","2014","0","1918.83","3","10","{""feature_name"":""<UNNAMED FEATURE>"",""feature_type"":""Unknown Point Feature"",""layer"":""Cabezal de riego"",""feature_description"":""Cabezal de riego"",""feature_layer_name"":""Hidrantes_ddr001.shp"",""index_in_layer"":1221}"
"1220","469","778649.173115","2456282.85779","UNKNOWN","13","2014","0","1917.17","3","10","{""feature_name"":""<UNNAMED FEATURE>"",""feature_type"":""Unknown Point Feature"",""layer"":""Cabezal de riego"",""feature_description"":""Cabezal de riego"",""feature_layer_name"":""Hidrantes_ddr001.shp"",""index_in_layer"":1218}"
"644","470","780132.77535","2453769.97297","UNKNOWN","8","2010","0","1892.54","3","10","{""feature_name"":""<UNNAMED FEATURE>"",""feature_type"":""Unknown Point Feature"",""layer"":""Cabezal de riego"",""feature_description"":""Cabezal de riego"",""feature_layer_name"":""Hidrantes_ddr001.shp"",""index_in_layer"":642}"
"1281","471","777808.176111","2455738.98439","UNKNOWN","7","2014","0","1916.98","3","20","{""feature_name"":""<UNNAMED FEATURE>"",""feature_type"":""Unknown Point Feature"",""layer"":""Cabezal de riego"",""feature_description"":""Cabezal de riego"",""feature_layer_name"":""Hidrantes_ddr001.shp"",""index_in_layer"":1279}"
"1284","473","778367.164794","2455747.81875","UNKNOWN","7","2010","0","1915.7","3","10","{""feature_name"":""<UNNAMED FEATURE>"",""feature_type"":""Unknown Point Feature"",""layer"":""Cabezal de riego"",""feature_description"":""Cabezal de riego"",""feature_layer_name"":""Hidrantes_ddr001.shp"",""index_in_layer"":1282}"
"1229","474","777407.867672","2456040.92913","UNKNOWN","13","2010","0","1925.79","3","10","{""feature_name"":""<UNNAMED FEATURE>"",""feature_type"":""Unknown Point Feature"",""layer"":""Cabezal de riego"",""feature_description"":""Cabezal de riego"",""feature_layer_name"":""Hidrantes_ddr001.shp"",""index_in_layer"":1227}"
"1297","475","777572.105907","2454805.63878","UNKNOWN","7","2014","0","1928.46","3","10","{""feature_name"":""<UNNAMED FEATURE>"",""feature_type"":""Unknown Point Feature"",""layer"":""Cabezal de riego"",""feature_description"":""Cabezal de riego"",""feature_layer_name"":""Hidrantes_ddr001.shp"",""index_in_layer"":1295}"
"1209","476","777200.592844","2455706.25969","UNKNOWN","13","2014","0","1929.53","3","10","{""feature_name"":""<UNNAMED FEATURE>"",""feature_type"":""Unknown Point Feature"",""layer"":""Cabezal de riego"",""feature_description"":""Cabezal de riego"",""feature_layer_name"":""Hidrantes_ddr001.shp"",""index_in_layer"":1207}"
"677","478","779023.898006","2455941.14727","UNKNOWN","8","2010","0","1909.8","3","10","{""feature_name"":""<UNNAMED FEATURE>"",""feature_type"":""Unknown Point Feature"",""layer"":""Cabezal de riego"",""feature_description"":""Cabezal de riego"",""feature_layer_name"":""Hidrantes_ddr001.shp"",""index_in_layer"":675}"
"1419","48","775176.924523","2449395.32311","UNKNOWN","1","","120","1883.6147","2","10","{""feature_name"":""<UNNAMED FEATURE>"",""feature_type"":""Unknown Point Feature"",""layer"":""Cabezal de riego"",""feature_description"":""Cabezal de riego"",""feature_layer_name"":""Hidrantes_ddr001.shp"",""index_in_layer"":1417,""invalid_installation_year"":""0""}"
"674","481","779122.411275","2455862.6774","UNKNOWN","8","2010","0","1901.4","3","10","{""feature_name"":""<UNNAMED FEATURE>"",""feature_type"":""Unknown Point Feature"",""layer"":""Cabezal de riego"",""feature_description"":""Cabezal de riego"",""feature_layer_name"":""Hidrantes_ddr001.shp"",""index_in_layer"":672}"
"636","482","778994.396197","2455581.80947","UNKNOWN","8","2014","0","1916.2","3","10","{""feature_name"":""<UNNAMED FEATURE>"",""feature_type"":""Unknown Point Feature"",""layer"":""Cabezal de riego"",""feature_description"":""Cabezal de riego"",""feature_layer_name"":""Hidrantes_ddr001.shp"",""index_in_layer"":634}"
"676","483","778972.720465","2456345.36503","UNKNOWN","8","2010","0","1906.2","3","10","{""feature_name"":""<UNNAMED FEATURE>"",""feature_type"":""Unknown Point Feature"",""layer"":""Cabezal de riego"",""feature_description"":""Cabezal de riego"",""feature_layer_name"":""Hidrantes_ddr001.shp"",""index_in_layer"":674}"
"673","484","779176.111418","2455878.0419","UNKNOWN","8","2010","0","1900.51","3","10","{""feature_name"":""<UNNAMED FEATURE>"",""feature_type"":""Unknown Point Feature"",""layer"":""Cabezal de riego"",""feature_description"":""Cabezal de riego"",""feature_layer_name"":""Hidrantes_ddr001.shp"",""index_in_layer"":671}"
"675","485","779169.259953","2456290.58652","UNKNOWN","8","2010","0","1900.89","3","10","{""feature_name"":""<UNNAMED FEATURE>"",""feature_type"":""Unknown Point Feature"",""layer"":""Cabezal de riego"",""feature_description"":""Cabezal de riego"",""feature_layer_name"":""Hidrantes_ddr001.shp"",""index_in_layer"":673}"
"678","486","779418.16137","2456274.09022","UNKNOWN","8","2014","0","1909.2","3","10","{""feature_name"":""<UNNAMED FEATURE>"",""feature_type"":""Unknown Point Feature"",""layer"":""Cabezal de riego"",""feature_description"":""Cabezal de riego"",""feature_layer_name"":""Hidrantes_ddr001.shp"",""index_in_layer"":676}"
"671","487","779765.503919","2455658.52945","UNKNOWN","8","2014","0","1892.16","3","10","{""feature_name"":""<UNNAMED FEATURE>"",""feature_type"":""Unknown Point Feature"",""layer"":""Cabezal de riego"",""feature_description"":""Cabezal de riego"",""feature_layer_name"":""Hidrantes_ddr001.shp"",""index_in_layer"":669}"
"681","488","779597.254351","2456900.50655","UNKNOWN","8","2014","0","1922.58","3","10","{""feature_name"":""<UNNAMED FEATURE>"",""feature_type"":""Unknown Point Feature"",""layer"":""Cabezal de riego"",""feature_description"":""Cabezal de riego"",""feature_layer_name"":""Hidrantes_ddr001.shp"",""index_in_layer"":679}"
"679","489","779425.442774","2455884.04762","UNKNOWN","8","2010","0","1913.76","3","10","{""feature_name"":""<UNNAMED FEATURE>"",""feature_type"":""Unknown Point Feature"",""layer"":""Cabezal de riego"",""feature_description"":""Cabezal de riego"",""feature_layer_name"":""Hidrantes_ddr001.shp"",""index_in_layer"":677}"
"1420","49","775213.64251","2449308.1245","UNKNOWN","1","","120","1881.8232","2","10","{""feature_name"":""<UNNAMED FEATURE>"",""feature_type"":""Unknown Point Feature"",""layer"":""Cabezal de riego"",""feature_description"":""Cabezal de riego"",""feature_layer_name"":""Hidrantes_ddr001.shp"",""index_in_layer"":1418,""invalid_installation_year"":""0""}"
"655","490","779921.492074","2455667.41607","UNKNOWN","8","2014","0","1917.0601","3","20","{""feature_name"":""<UNNAMED FEATURE>"",""feature_type"":""Unknown Point Feature"",""layer"":""Cabezal de riego"",""feature_description"":""Cabezal de riego"",""feature_layer_name"":""Hidrantes_ddr001.shp"",""index_in_layer"":653}"
"658","491","780319.091245","2456124.66514","UNKNOWN","8","2010","0","1915.6","3","10","{""feature_name"":""<UNNAMED FEATURE>"",""feature_type"":""Unknown Point Feature"",""layer"":""Cabezal de riego"",""feature_description"":""Cabezal de riego"",""feature_layer_name"":""Hidrantes_ddr001.shp"",""index_in_layer"":656}"
"657","492","780253.531198","2455941.97666","UNKNOWN","8","2010","0","1914.77","3","10","{""feature_name"":""<UNNAMED FEATURE>"",""feature_type"":""Unknown Point Feature"",""layer"":""Cabezal de riego"",""feature_description"":""Cabezal de riego"",""feature_layer_name"":""Hidrantes_ddr001.shp"",""index_in_layer"":655}"
"667","493","779760.345055","2456160.1999","UNKNOWN","8","2014","0","1921.53","3","10","{""feature_name"":""<UNNAMED FEATURE>"",""feature_type"":""Unknown Point Feature"",""layer"":""Cabezal de riego"",""feature_description"":""Cabezal de riego"",""feature_layer_name"":""Hidrantes_ddr001.shp"",""index_in_layer"":665}"
"672","494","779627.872817","2455673.46509","UNKNOWN","8","2014","0","1893.54","3","10","{""feature_name"":""<UNNAMED FEATURE>"",""feature_type"":""Unknown Point Feature"",""layer"":""Cabezal de riego"",""feature_description"":""Cabezal de riego"",""feature_layer_name"":""Hidrantes_ddr001.shp"",""index_in_layer"":670}"
"635","495","779424.756888","2455587.49976","UNKNOWN","8","2010","0","1914.51","3","","{""feature_name"":""<UNNAMED FEATURE>"",""feature_type"":""Unknown Point Feature"",""layer"":""Cabezal de riego"",""feature_description"":""Cabezal de riego"",""feature_layer_name"":""Hidrantes_ddr001.shp"",""index_in_layer"":633}"
"1290","496","777516.813189","2455263.63771","UNKNOWN","7","","0","1926.88","3","10","{""feature_name"":""<UNNAMED FEATURE>"",""feature_type"":""Unknown Point Feature"",""layer"":""Cabezal de riego"",""feature_description"":""Cabezal de riego"",""feature_layer_name"":""Hidrantes_ddr001.shp"",""index_in_layer"":1288,""invalid_installation_year"":""0""}"
"1296","497","777706.106555","2454925.5882","UNKNOWN","7","2014","0","1927.37","3","10","{""feature_name"":""<UNNAMED FEATURE>"",""feature_type"":""Unknown Point Feature"",""layer"":""Cabezal de riego"",""feature_description"":""Cabezal de riego"",""feature_layer_name"":""Hidrantes_ddr001.shp"",""index_in_layer"":1294}"
"1299","498","777412.266699","2455077.50382","UNKNOWN","7","2014","0","1931.27","3","10","{""feature_name"":""<UNNAMED FEATURE>"",""feature_type"":""Unknown Point Feature"",""layer"":""Cabezal de riego"",""feature_description"":""Cabezal de riego"",""feature_layer_name"":""Hidrantes_ddr001.shp"",""index_in_layer"":1297}"
"1408","5","774150.880472","2451134.10217","UNKNOWN","1","","135","1914.3407","3","10","{""feature_name"":""<UNNAMED FEATURE>"",""feature_type"":""Unknown Point Feature"",""layer"":""Cabezal de riego"",""feature_description"":""Cabezal de riego"",""feature_layer_name"":""Hidrantes_ddr001.shp"",""index_in_layer"":1406,""invalid_installation_year"":""0""}"
"627","500","778902.492375","2454195.67945","UNKNOWN","8","2014","0","1919.24","3","10","{""feature_name"":""<UNNAMED FEATURE>"",""feature_type"":""Unknown Point Feature"",""layer"":""Cabezal de riego"",""feature_description"":""Cabezal de riego"",""feature_layer_name"":""Hidrantes_ddr001.shp"",""index_in_layer"":625}"
"625","501","779193.544822","2454323.31843","UNKNOWN","8","2014","0","1916.77","3","10","{""feature_name"":""<UNNAMED FEATURE>"",""feature_type"":""Unknown Point Feature"",""layer"":""Cabezal de riego"",""feature_description"":""Cabezal de riego"",""feature_layer_name"":""Hidrantes_ddr001.shp"",""index_in_layer"":623}"
"628","502","778909.000457","2454745.31402","UNKNOWN","8","2010","0","1917.08","3","10","{""feature_name"":""<UNNAMED FEATURE>"",""feature_type"":""Unknown Point Feature"",""layer"":""Cabezal de riego"",""feature_description"":""Cabezal de riego"",""feature_layer_name"":""Hidrantes_ddr001.shp"",""index_in_layer"":626}"
"632","503","779426.795714","2454959.33762","UNKNOWN","8","2014","0","1917.3199","3","10","{""feature_name"":""<UNNAMED FEATURE>"",""feature_type"":""Unknown Point Feature"",""layer"":""Cabezal de riego"",""feature_description"":""Cabezal de riego"",""feature_layer_name"":""Hidrantes_ddr001.shp"",""index_in_layer"":630}"
"631","504","779422.802164","2455194.41127","UNKNOWN","8","2014","0","1916.11","3","10","{""feature_name"":""<UNNAMED FEATURE>"",""feature_type"":""Unknown Point Feature"",""layer"":""Cabezal de riego"",""feature_description"":""Cabezal de riego"",""feature_layer_name"":""Hidrantes_ddr001.shp"",""index_in_layer"":629}"
"633","505","779522.510175","2455216.91515","UNKNOWN","8","2014","0","1916.41","3","10","{""feature_name"":""<UNNAMED FEATURE>"",""feature_type"":""Unknown Point Feature"",""layer"":""Cabezal de riego"",""feature_description"":""Cabezal de riego"",""feature_layer_name"":""Hidrantes_ddr001.shp"",""index_in_layer"":631}"
"670","506","779551.251198","2454977.40787","UNKNOWN","8","2014","0","1880.33","3","10","{""feature_name"":""<UNNAMED FEATURE>"",""feature_type"":""Unknown Point Feature"",""layer"":""Cabezal de riego"",""feature_description"":""Cabezal de riego"",""feature_layer_name"":""Hidrantes_ddr001.shp"",""index_in_layer"":668}"
"669","507","779431.61456","2454730.04103","UNKNOWN","8","2010","0","1871.58","3","10","{""feature_name"":""<UNNAMED FEATURE>"",""feature_type"":""Unknown Point Feature"",""layer"":""Cabezal de riego"",""feature_description"":""Cabezal de riego"",""feature_layer_name"":""Hidrantes_ddr001.shp"",""index_in_layer"":667}"
"642","508","779749.133434","2454092.55719","UNKNOWN","8","2010","0","1890.02","3","10","{""feature_name"":""<UNNAMED FEATURE>"",""feature_type"":""Unknown Point Feature"",""layer"":""Cabezal de riego"",""feature_description"":""Cabezal de riego"",""feature_layer_name"":""Hidrantes_ddr001.shp"",""index_in_layer"":640}"
"624","509","779338.264538","2454241.46243","UNKNOWN","8","2014","0","1915.24","3","10","{""feature_name"":""<UNNAMED FEATURE>"",""feature_type"":""Unknown Point Feature"",""layer"":""Cabezal de riego"",""feature_description"":""Cabezal de riego"",""feature_layer_name"":""Hidrantes_ddr001.shp"",""index_in_layer"":622}"
"623","510","779339.270795","2454075.26133","UNKNOWN","8","2014","0","1915.55","3","10","{""feature_name"":""<UNNAMED FEATURE>"",""feature_type"":""Unknown Point Feature"",""layer"":""Cabezal de riego"",""feature_description"":""Cabezal de riego"",""feature_layer_name"":""Hidrantes_ddr001.shp"",""index_in_layer"":621}"
"641","511","779746.531935","2454087.96734","UNKNOWN","8","2010","0","1890.78","3","10","{""feature_name"":""<UNNAMED FEATURE>"",""feature_type"":""Unknown Point Feature"",""layer"":""Cabezal de riego"",""feature_description"":""Cabezal de riego"",""feature_layer_name"":""Hidrantes_ddr001.shp"",""index_in_layer"":639}"
"643","512","780136.952262","2453767.27741","UNKNOWN","8","2010","0","1891.47","3","10","{""feature_name"":""<UNNAMED FEATURE>"",""feature_type"":""Unknown Point Feature"",""layer"":""Cabezal de riego"",""feature_description"":""Cabezal de riego"",""feature_layer_name"":""Hidrantes_ddr001.shp"",""index_in_layer"":641}"
"651","513","780421.972851","2455193.01421","UNKNOWN","8","2010","0","1905.01","3","","{""feature_name"":""<UNNAMED FEATURE>"",""feature_type"":""Unknown Point Feature"",""layer"":""Cabezal de riego"",""feature_description"":""Cabezal de riego"",""feature_layer_name"":""Hidrantes_ddr001.shp"",""index_in_layer"":649}"
"559","514","782271.211053","2458452.23866","UNKNOWN","15","2010","0","1909.6","1","10","{""feature_name"":""<UNNAMED FEATURE>"",""feature_type"":""Unknown Point Feature"",""layer"":""Cabezal de riego"",""feature_description"":""Cabezal de riego"",""feature_layer_name"":""Hidrantes_ddr001.shp"",""index_in_layer"":557}"
"682","515","779471.720576","2456932.059","UNKNOWN","8","2010","0","1866.65","3","10","{""feature_name"":""<UNNAMED FEATURE>"",""feature_type"":""Unknown Point Feature"",""layer"":""Cabezal de riego"",""feature_description"":""Cabezal de riego"",""feature_layer_name"":""Hidrantes_ddr001.shp"",""index_in_layer"":680}"
"645","516","780440.386474","2454355.92468","UNKNOWN","8","2010","0","1902.04","3","10","{""feature_name"":""<UNNAMED FEATURE>"",""feature_type"":""Unknown Point Feature"",""layer"":""Cabezal de riego"",""feature_description"":""Cabezal de riego"",""feature_layer_name"":""Hidrantes_ddr001.shp"",""index_in_layer"":643}"
"1917","519","780449.421088","2454104.80252","UNKNOWN","8","2014","0","1905.73","3","10","{""feature_name"":""<UNNAMED FEATURE>"",""feature_type"":""Unknown Point Feature"",""layer"":""Cabezal de riego"",""feature_description"":""Cabezal de riego"",""feature_layer_name"":""Hidrantes_ddr001.shp"",""index_in_layer"":1915}"
"647","524","780129.52237","2454101.5792","UNKNOWN","8","2014","0","1907.59","3","10","{""feature_name"":""<UNNAMED FEATURE>"",""feature_type"":""Unknown Point Feature"",""layer"":""Cabezal de riego"",""feature_description"":""Cabezal de riego"",""feature_layer_name"":""Hidrantes_ddr001.shp"",""index_in_layer"":645}"
"646","525","780348.082055","2454104.27481","UNKNOWN","8","2014","0","1905.73","3","10","{""feature_name"":""<UNNAMED FEATURE>"",""feature_type"":""Unknown Point Feature"",""layer"":""Cabezal de riego"",""feature_description"":""Cabezal de riego"",""feature_layer_name"":""Hidrantes_ddr001.shp"",""index_in_layer"":644}"
"1882","526","776533","2451797","UNKNOWN","4","","0","1914.8167","3","10","{""feature_name"":""<UNNAMED FEATURE>"",""feature_type"":""Unknown Point Feature"",""layer"":""Cabezal de riego"",""feature_description"":""Cabezal de riego"",""feature_layer_name"":""Hidrantes_ddr001.shp"",""index_in_layer"":1880,""invalid_installation_year"":""0""}"
"649","530","780431.919963","2454851.22117","UNKNOWN","8","2010","0","1908.14","3","10","{""feature_name"":""<UNNAMED FEATURE>"",""feature_type"":""Unknown Point Feature"",""layer"":""Cabezal de riego"",""feature_description"":""Cabezal de riego"",""feature_layer_name"":""Hidrantes_ddr001.shp"",""index_in_layer"":647}"
"650","537","780433.373803","2454770.13156","UNKNOWN","8","2010","0","1907.9","3","10","{""feature_name"":""<UNNAMED FEATURE>"",""feature_type"":""Unknown Point Feature"",""layer"":""Cabezal de riego"",""feature_description"":""Cabezal de riego"",""feature_layer_name"":""Hidrantes_ddr001.shp"",""index_in_layer"":648}"
"1311","546","777862.092651","2454173.73259","UNKNOWN","7","2010","0","1932.3101","4","10","{""feature_name"":""<UNNAMED FEATURE>"",""feature_type"":""Unknown Point Feature"",""layer"":""Cabezal de riego"",""feature_description"":""Cabezal de riego"",""feature_layer_name"":""Hidrantes_ddr001.shp"",""index_in_layer"":1309}"
"652","548","780820.80557","2454874.70968","UNKNOWN","8","2010","0","1909.04","3","10","{""feature_name"":""<UNNAMED FEATURE>"",""feature_type"":""Unknown Point Feature"",""layer"":""Cabezal de riego"",""feature_description"":""Cabezal de riego"",""feature_layer_name"":""Hidrantes_ddr001.shp"",""index_in_layer"":650}"
"1416","55","775116.320175","2449581.41337","UNKNOWN","1","","40","1905.7565","2","10","{""feature_name"":""<UNNAMED FEATURE>"",""feature_type"":""Unknown Point Feature"",""layer"":""Cabezal de riego"",""feature_description"":""Cabezal de riego"",""feature_layer_name"":""Hidrantes_ddr001.shp"",""index_in_layer"":1414,""invalid_installation_year"":""0""}"
"653","553","780812.696165","2454969.97505","UNKNOWN","8","2010","0","1908.5","3","10","{""feature_name"":""<UNNAMED FEATURE>"",""feature_type"":""Unknown Point Feature"",""layer"":""Cabezal de riego"",""feature_description"":""Cabezal de riego"",""feature_layer_name"":""Hidrantes_ddr001.shp"",""index_in_layer"":651}"
"1301","555","777107.060767","2454525.68486","UNKNOWN","7","2010","0","1925.9","3","10","{""feature_name"":""<UNNAMED FEATURE>"",""feature_type"":""Unknown Point Feature"",""layer"":""Cabezal de riego"",""feature_description"":""Cabezal de riego"",""feature_layer_name"":""Hidrantes_ddr001.shp"",""index_in_layer"":1299}"
"1302","556","777168.796518","2454052.84075","UNKNOWN","7","2014","0","1928.01","3","20","{""feature_name"":""<UNNAMED FEATURE>"",""feature_type"":""Unknown Point Feature"",""layer"":""Cabezal de riego"",""feature_description"":""Cabezal de riego"",""feature_layer_name"":""Hidrantes_ddr001.shp"",""index_in_layer"":1300}"
"1337","558","777285.815495","2454042.50329","UNKNOWN","7","2014","0","1930.85","3","20","{""feature_name"":""<UNNAMED FEATURE>"",""feature_type"":""Unknown Point Feature"",""layer"":""Cabezal de riego"",""feature_description"":""Cabezal de riego"",""feature_layer_name"":""Hidrantes_ddr001.shp"",""index_in_layer"":1335}"
"1336","559","777115.720136","2453990.17906","UNKNOWN","7","2010","0","1928.4","3","10","{""feature_name"":""<UNNAMED FEATURE>"",""feature_type"":""Unknown Point Feature"",""layer"":""Cabezal de riego"",""feature_description"":""Cabezal de riego"",""feature_layer_name"":""Hidrantes_ddr001.shp"",""index_in_layer"":1334}"
"1335","560","777149.927817","2453702.12297","UNKNOWN","7","2010","0","1926.08","3","10","{""feature_name"":""<UNNAMED FEATURE>"",""feature_type"":""Unknown Point Feature"",""layer"":""Cabezal de riego"",""feature_description"":""Cabezal de riego"",""feature_layer_name"":""Hidrantes_ddr001.shp"",""index_in_layer"":1333}"
"1333","562","777181.348994","2453536.4634","UNKNOWN","7","2010","0","1930.8","3","10","{""feature_name"":""<UNNAMED FEATURE>"",""feature_type"":""Unknown Point Feature"",""layer"":""Cabezal de riego"",""feature_description"":""Cabezal de riego"",""feature_layer_name"":""Hidrantes_ddr001.shp"",""index_in_layer"":1331}"
"1295","573","777791.375496","2454726.86618","UNKNOWN","7","2014","0","1927.38","3","20","{""feature_name"":""<UNNAMED FEATURE>"",""feature_type"":""Unknown Point Feature"",""layer"":""Cabezal de riego"",""feature_description"":""Cabezal de riego"",""feature_layer_name"":""Hidrantes_ddr001.shp"",""index_in_layer"":1293}"
"1342","575","778655.937369","2453458.48612","UNKNOWN","7","2010","0","1930.35","3","10","{""feature_name"":""<UNNAMED FEATURE>"",""feature_type"":""Unknown Point Feature"",""layer"":""Cabezal de riego"",""feature_description"":""Cabezal de riego"",""feature_layer_name"":""Hidrantes_ddr001.shp"",""index_in_layer"":1340}"
"1287","577","778375.924486","2455470.27969","UNKNOWN","7","2010","0","1916.96","3","10","{""feature_name"":""<UNNAMED FEATURE>"",""feature_type"":""Unknown Point Feature"",""layer"":""Cabezal de riego"",""feature_description"":""Cabezal de riego"",""feature_layer_name"":""Hidrantes_ddr001.shp"",""index_in_layer"":1285}"
"1285","578","778369.58674","2455611.78466","UNKNOWN","7","2010","0","1916.37","3","10","{""feature_name"":""<UNNAMED FEATURE>"",""feature_type"":""Unknown Point Feature"",""layer"":""Cabezal de riego"",""feature_description"":""Cabezal de riego"",""feature_layer_name"":""Hidrantes_ddr001.shp"",""index_in_layer"":1283}"
"629","579","778996.775002","2455037.76221","UNKNOWN","8","2014","0","1915.05","3","10","{""feature_name"":""<UNNAMED FEATURE>"",""feature_type"":""Unknown Point Feature"",""layer"":""Cabezal de riego"",""feature_description"":""Cabezal de riego"",""feature_layer_name"":""Hidrantes_ddr001.shp"",""index_in_layer"":627}"
"1438","58","775738.366474","2449461.88805","UNKNOWN","1","","130","1889.1292","0","10","{""feature_name"":""<UNNAMED FEATURE>"",""feature_type"":""Unknown Point Feature"",""layer"":""Cabezal de riego"",""feature_description"":""Cabezal de riego"",""feature_layer_name"":""Hidrantes_ddr001.shp"",""index_in_layer"":1436,""invalid_installation_year"":""0""}"
"630","580","779006.16978","2455292.13381","UNKNOWN","8","2014","0","1916.6","3","10","{""feature_name"":""<UNNAMED FEATURE>"",""feature_type"":""Unknown Point Feature"",""layer"":""Cabezal de riego"",""feature_description"":""Cabezal de riego"",""feature_layer_name"":""Hidrantes_ddr001.shp"",""index_in_layer"":628}"
"1312","582","777828.72679","2453960.27144","UNKNOWN","7","2010","0","1932.5699","3","10","{""feature_name"":""<UNNAMED FEATURE>"",""feature_type"":""Unknown Point Feature"",""layer"":""Cabezal de riego"",""feature_description"":""Cabezal de riego"",""feature_layer_name"":""Hidrantes_ddr001.shp"",""index_in_layer"":1310}"
"1305","583","778423.703339","2454995.19262","UNKNOWN","7","2014","0","1926.03","3","10","{""feature_name"":""<UNNAMED FEATURE>"",""feature_type"":""Unknown Point Feature"",""layer"":""Cabezal de riego"",""feature_description"":""Cabezal de riego"",""feature_layer_name"":""Hidrantes_ddr001.shp"",""index_in_layer"":1303}"
"1341","584","778353.89378","2454046.28676","UNKNOWN","7","2010","0","1928.5699","3","10","{""feature_name"":""<UNNAMED FEATURE>"",""feature_type"":""Unknown Point Feature"",""layer"":""Cabezal de riego"",""feature_description"":""Cabezal de riego"",""feature_layer_name"":""Hidrantes_ddr001.shp"",""index_in_layer"":1339}"
"1308","585","778578.352847","2453978.36449","UNKNOWN","7","2010","0","1929.95","3","10","{""feature_name"":""<UNNAMED FEATURE>"",""feature_type"":""Unknown Point Feature"",""layer"":""Cabezal de riego"",""feature_description"":""Cabezal de riego"",""feature_layer_name"":""Hidrantes_ddr001.shp"",""index_in_layer"":1306}"
"1340","586","778438.179533","2454025.29161","UNKNOWN","7","2010","0","1930.3","3","10","{""feature_name"":""<UNNAMED FEATURE>"",""feature_type"":""Unknown Point Feature"",""layer"":""Cabezal de riego"",""feature_description"":""Cabezal de riego"",""feature_layer_name"":""Hidrantes_ddr001.shp"",""index_in_layer"":1338}"
"1316","587","777741.398871","2453827.07733","UNKNOWN","7","2010","0","1936.77","3","10","{""feature_name"":""<UNNAMED FEATURE>"",""feature_type"":""Unknown Point Feature"",""layer"":""Cabezal de riego"",""feature_description"":""Cabezal de riego"",""feature_layer_name"":""Hidrantes_ddr001.shp"",""index_in_layer"":1314}"
"1344","590","778456.968187","2453178.13693","UNKNOWN","7","2010","0","1933.98","3","10","{""feature_name"":""<UNNAMED FEATURE>"",""feature_type"":""Unknown Point Feature"",""layer"":""Cabezal de riego"",""feature_description"":""Cabezal de riego"",""feature_layer_name"":""Hidrantes_ddr001.shp"",""index_in_layer"":1342}"
"754","591","778909.60287","2454068.92609","UNKNOWN","8","2014","0","1902.09","3","10","{""feature_name"":""<UNNAMED FEATURE>"",""feature_type"":""Unknown Point Feature"",""layer"":""Cabezal de riego"",""feature_description"":""Cabezal de riego"",""feature_layer_name"":""Hidrantes_ddr001.shp"",""index_in_layer"":752}"
"618","592","779502.156591","2453589.04244","UNKNOWN","8","2014","0","1848.87","3","10","{""feature_name"":""<UNNAMED FEATURE>"",""feature_type"":""Unknown Point Feature"",""layer"":""Cabezal de riego"",""feature_description"":""Cabezal de riego"",""feature_layer_name"":""Hidrantes_ddr001.shp"",""index_in_layer"":616}"
"622","593","779338.409973","2453817.05241","UNKNOWN","8","2014","0","1919.46","3","10","{""feature_name"":""<UNNAMED FEATURE>"",""feature_type"":""Unknown Point Feature"",""layer"":""Cabezal de riego"",""feature_description"":""Cabezal de riego"",""feature_layer_name"":""Hidrantes_ddr001.shp"",""index_in_layer"":620}"
"1314","594","778101.679353","2453614.4017","UNKNOWN","7","2010","0","1933.98","3","10","{""feature_name"":""<UNNAMED FEATURE>"",""feature_type"":""Unknown Point Feature"",""layer"":""Cabezal de riego"",""feature_description"":""Cabezal de riego"",""feature_layer_name"":""Hidrantes_ddr001.shp"",""index_in_layer"":1312}"
"1313","595","777965.042779","2453700.40172","UNKNOWN","7","2010","0","1931.9301","3","10","{""feature_name"":""<UNNAMED FEATURE>"",""feature_type"":""Unknown Point Feature"",""layer"":""Cabezal de riego"",""feature_description"":""Cabezal de riego"",""feature_layer_name"":""Hidrantes_ddr001.shp"",""index_in_layer"":1311}"
"1402","6","774273.457593","2450118.62528","UNKNOWN","1","","225","1898.6931","3","10","{""feature_name"":""<UNNAMED FEATURE>"",""feature_type"":""Unknown Point Feature"",""layer"":""Cabezal de riego"",""feature_description"":""Cabezal de riego"",""feature_layer_name"":""Hidrantes_ddr001.shp"",""index_in_layer"":1400,""invalid_installation_year"":""0""}"
"648","608","780348.074977","2454277.47636","UNKNOWN","8","2014","0","1908.6899","3","10","{""feature_name"":""<UNNAMED FEATURE>"",""feature_type"":""Unknown Point Feature"",""layer"":""Cabezal de riego"",""feature_description"":""Cabezal de riego"",""feature_layer_name"":""Hidrantes_ddr001.shp"",""index_in_layer"":646}"
"1339","611","778440.945418","2452947.36343","UNKNOWN","7","2010","0","1927.97","3","10","{""feature_name"":""<UNNAMED FEATURE>"",""feature_type"":""Unknown Point Feature"",""layer"":""Cabezal de riego"",""feature_description"":""Cabezal de riego"",""feature_layer_name"":""Hidrantes_ddr001.shp"",""index_in_layer"":1337}"
"753","613","779464.233968","2453065.32922","UNKNOWN","8","2014","0","1884.17","3","10","{""feature_name"":""<UNNAMED FEATURE>"",""feature_type"":""Unknown Point Feature"",""layer"":""Cabezal de riego"",""feature_description"":""Cabezal de riego"",""feature_layer_name"":""Hidrantes_ddr001.shp"",""index_in_layer"":751}"
"1306","614","778699.041152","2454509.6417","UNKNOWN","7","2010","0","1924.37","3","10","{""feature_name"":""<UNNAMED FEATURE>"",""feature_type"":""Unknown Point Feature"",""layer"":""Cabezal de riego"",""feature_description"":""Cabezal de riego"",""feature_layer_name"":""Hidrantes_ddr001.shp"",""index_in_layer"":1304}"
"620","616","779023.3249","2452477.69429","UNKNOWN","8","2022","0","1888.23","3","10","{""feature_name"":""<UNNAMED FEATURE>"",""feature_type"":""Unknown Point Feature"",""layer"":""Cabezal de riego"",""feature_description"":""Cabezal de riego"",""feature_layer_name"":""Hidrantes_ddr001.shp"",""index_in_layer"":618}"
"621","617","779071.873212","2452249.95388","UNKNOWN","8","2014","0","1893.6801","3","10","{""feature_name"":""<UNNAMED FEATURE>"",""feature_type"":""Unknown Point Feature"",""layer"":""Cabezal de riego"",""feature_description"":""Cabezal de riego"",""feature_layer_name"":""Hidrantes_ddr001.shp"",""index_in_layer"":619}"
"640","618","779232.728644","2452155.63894","UNKNOWN","8","2022","0","1874.33","3","10","{""feature_name"":""<UNNAMED FEATURE>"",""feature_type"":""Unknown Point Feature"",""layer"":""Cabezal de riego"",""feature_description"":""Cabezal de riego"",""feature_layer_name"":""Hidrantes_ddr001.shp"",""index_in_layer"":638}"
"639","619","779229.823319","2452202.79319","UNKNOWN","8","2014","0","1868.2","2","10","{""feature_name"":""<UNNAMED FEATURE>"",""feature_type"":""Unknown Point Feature"",""layer"":""Cabezal de riego"",""feature_description"":""Cabezal de riego"",""feature_layer_name"":""Hidrantes_ddr001.shp"",""index_in_layer"":637}"
"638","622","779468.394772","2452161.39421","UNKNOWN","8","2010","0","1861.34","3","10","{""feature_name"":""<UNNAMED FEATURE>"",""feature_type"":""Unknown Point Feature"",""layer"":""Cabezal de riego"",""feature_description"":""Cabezal de riego"",""feature_layer_name"":""Hidrantes_ddr001.shp"",""index_in_layer"":636}"
"1294","625","778167.111326","2454613.31282","UNKNOWN","7","2010","0","1926.6899","3","10","{""feature_name"":""<UNNAMED FEATURE>"",""feature_type"":""Unknown Point Feature"",""layer"":""Cabezal de riego"",""feature_description"":""Cabezal de riego"",""feature_layer_name"":""Hidrantes_ddr001.shp"",""index_in_layer"":1292}"
"1331","626","776624.678138","2454022.93324","UNKNOWN","7","2010","0","1931.77","3","10","{""feature_name"":""<UNNAMED FEATURE>"",""feature_type"":""Unknown Point Feature"",""layer"":""Cabezal de riego"",""feature_description"":""Cabezal de riego"",""feature_layer_name"":""Hidrantes_ddr001.shp"",""index_in_layer"":1329}"
"1338","628","777855.246922","2453286.23382","UNKNOWN","7","2014","0","1920.3199","3","20","{""feature_name"":""<UNNAMED FEATURE>"",""feature_type"":""Unknown Point Feature"",""layer"":""Cabezal de riego"",""feature_description"":""Cabezal de riego"",""feature_layer_name"":""Hidrantes_ddr001.shp"",""index_in_layer"":1336}"
"916","629","782349.658725","2449865.68484","UNKNOWN","10","2010","0","1895.04","4","10","{""feature_name"":""<UNNAMED FEATURE>"",""feature_type"":""Unknown Point Feature"",""layer"":""Cabezal de riego"",""feature_description"":""Cabezal de riego"",""feature_layer_name"":""Hidrantes_ddr001.shp"",""index_in_layer"":914}"
"937","631","784084.069008","2452245.88667","UNKNOWN","11","2010","0","1916.76","2","10","{""feature_name"":""<UNNAMED FEATURE>"",""feature_type"":""Unknown Point Feature"",""layer"":""Cabezal de riego"",""feature_description"":""Cabezal de riego"",""feature_layer_name"":""Hidrantes_ddr001.shp"",""index_in_layer"":935}"
"1307","634","778624.073502","2453937.95647","UNKNOWN","7","2010","0","1927.97","3","10","{""feature_name"":""<UNNAMED FEATURE>"",""feature_type"":""Unknown Point Feature"",""layer"":""Cabezal de riego"",""feature_description"":""Cabezal de riego"",""feature_layer_name"":""Hidrantes_ddr001.shp"",""index_in_layer"":1305}"
"904","635","781992.580851","2450253.53561","UNKNOWN","10","2010","0","1894.12","1","10","{""feature_name"":""<UNNAMED FEATURE>"",""feature_type"":""Unknown Point Feature"",""layer"":""Cabezal de riego"",""feature_description"":""Cabezal de riego"",""feature_layer_name"":""Hidrantes_ddr001.shp"",""index_in_layer"":902}"
"619","636","779513.38264","2452821.64312","UNKNOWN","8","2022","0","1866.78","3","10","{""feature_name"":""<UNNAMED FEATURE>"",""feature_type"":""Unknown Point Feature"",""layer"":""Cabezal de riego"",""feature_description"":""Cabezal de riego"",""feature_layer_name"":""Hidrantes_ddr001.shp"",""index_in_layer"":617}"
"1942","637","781496.46435","2454049.20916","UNKNOWN","9","","0","1904","0","10","{""feature_name"":""<UNNAMED FEATURE>"",""feature_type"":""Unknown Point Feature"",""layer"":""Cabezal de riego"",""feature_description"":""Cabezal de riego"",""feature_layer_name"":""Hidrantes_ddr001.shp"",""index_in_layer"":1940,""invalid_installation_year"":""0""}"
"1941","638","781574.357839","2453805.36867","UNKNOWN","9","","0","1904","0","10","{""feature_name"":""<UNNAMED FEATURE>"",""feature_type"":""Unknown Point Feature"",""layer"":""Cabezal de riego"",""feature_description"":""Cabezal de riego"",""feature_layer_name"":""Hidrantes_ddr001.shp"",""index_in_layer"":1939,""invalid_installation_year"":""0""}"
"1945","639","781377.930779","2453209.31415","UNKNOWN","9","","0","1904","0","10","{""feature_name"":""<UNNAMED FEATURE>"",""feature_type"":""Unknown Point Feature"",""layer"":""Cabezal de riego"",""feature_description"":""Cabezal de riego"",""feature_layer_name"":""Hidrantes_ddr001.shp"",""index_in_layer"":1943,""invalid_installation_year"":""0""}"
"1940","640","781633.624624","2453600.47493","UNKNOWN","9","","0","1904","0","10","{""feature_name"":""<UNNAMED FEATURE>"",""feature_type"":""Unknown Point Feature"",""layer"":""Cabezal de riego"",""feature_description"":""Cabezal de riego"",""feature_layer_name"":""Hidrantes_ddr001.shp"",""index_in_layer"":1938,""invalid_installation_year"":""0""}"
"1310","643","777820.509776","2454393.95205","UNKNOWN","7","2014","0","1931.2","3","10","{""feature_name"":""<UNNAMED FEATURE>"",""feature_type"":""Unknown Point Feature"",""layer"":""Cabezal de riego"",""feature_description"":""Cabezal de riego"",""feature_layer_name"":""Hidrantes_ddr001.shp"",""index_in_layer"":1308}"
"752","644","779480.154241","2453092.87338","UNKNOWN","8","2014","0","1884.66","3","10","{""feature_name"":""<UNNAMED FEATURE>"",""feature_type"":""Unknown Point Feature"",""layer"":""Cabezal de riego"",""feature_description"":""Cabezal de riego"",""feature_layer_name"":""Hidrantes_ddr001.shp"",""index_in_layer"":750}"
"836","646","783502.473628","2451105.02262","UNKNOWN","10","2014","0","1926.25","3","10","{""feature_name"":""<UNNAMED FEATURE>"",""feature_type"":""Unknown Point Feature"",""layer"":""Cabezal de riego"",""feature_description"":""Cabezal de riego"",""feature_layer_name"":""Hidrantes_ddr001.shp"",""index_in_layer"":834}"
"1884","647","782002.519985","2450412.48755","UNKNOWN","10","2010","0","1895.8101","2","10","{""feature_name"":""<UNNAMED FEATURE>"",""feature_type"":""Unknown Point Feature"",""layer"":""Cabezal de riego"",""feature_description"":""Cabezal de riego"",""feature_layer_name"":""Hidrantes_ddr001.shp"",""index_in_layer"":1882}"
"1304","648","778425.563071","2455000.87714","UNKNOWN","7","2014","0","1926.08","3","10","{""feature_name"":""<UNNAMED FEATURE>"",""feature_type"":""Unknown Point Feature"",""layer"":""Cabezal de riego"",""feature_description"":""Cabezal de riego"",""feature_layer_name"":""Hidrantes_ddr001.shp"",""index_in_layer"":1302}"
"1345","670","780363.251594","2450085.45767","UNKNOWN","6","2010","0","1903.7","3","10","{""feature_name"":""<UNNAMED FEATURE>"",""feature_type"":""Unknown Point Feature"",""layer"":""Cabezal de riego"",""feature_description"":""Cabezal de riego"",""feature_layer_name"":""Hidrantes_ddr001.shp"",""index_in_layer"":1343}"
"1360","671","780214.263945","2450201.58502","UNKNOWN","6","2010","0","1908.33","3","10","{""feature_name"":""<UNNAMED FEATURE>"",""feature_type"":""Unknown Point Feature"",""layer"":""Cabezal de riego"",""feature_description"":""Cabezal de riego"",""feature_layer_name"":""Hidrantes_ddr001.shp"",""index_in_layer"":1358}"
"1362","672","780441.259234","2450024.35453","UNKNOWN","6","","0","1913.5699","3","10","{""feature_name"":""<UNNAMED FEATURE>"",""feature_type"":""Unknown Point Feature"",""layer"":""Cabezal de riego"",""feature_description"":""Cabezal de riego"",""feature_layer_name"":""Hidrantes_ddr001.shp"",""index_in_layer"":1360,""invalid_installation_year"":""0""}"
"1364","673","780601.065758","2449811.57181","UNKNOWN","6","2010","0","1912.14","3","10","{""feature_name"":""<UNNAMED FEATURE>"",""feature_type"":""Unknown Point Feature"",""layer"":""Cabezal de riego"",""feature_description"":""Cabezal de riego"",""feature_layer_name"":""Hidrantes_ddr001.shp"",""index_in_layer"":1362}"
"1368","677","780879.009464","2449499.62274","UNKNOWN","6","2010","0","1912.5699","3","10","{""feature_name"":""<UNNAMED FEATURE>"",""feature_type"":""Unknown Point Feature"",""layer"":""Cabezal de riego"",""feature_description"":""Cabezal de riego"",""feature_layer_name"":""Hidrantes_ddr001.shp"",""index_in_layer"":1366}"
"1363","678","780428.990077","2449977.26108","UNKNOWN","6","2010","0","1913.0601","3","10","{""feature_name"":""<UNNAMED FEATURE>"",""feature_type"":""Unknown Point Feature"",""layer"":""Cabezal de riego"",""feature_description"":""Cabezal de riego"",""feature_layer_name"":""Hidrantes_ddr001.shp"",""index_in_layer"":1361}"
"1366","681","780379.812717","2449771.37727","UNKNOWN","6","2010","0","1920.29","3","10","{""feature_name"":""<UNNAMED FEATURE>"",""feature_type"":""Unknown Point Feature"",""layer"":""Cabezal de riego"",""feature_description"":""Cabezal de riego"",""feature_layer_name"":""Hidrantes_ddr001.shp"",""index_in_layer"":1364}"
"1367","682","780346.08329","2449781.19048","UNKNOWN","6","2010","0","1918.25","3","10","{""feature_name"":""<UNNAMED FEATURE>"",""feature_type"":""Unknown Point Feature"",""layer"":""Cabezal de riego"",""feature_description"":""Cabezal de riego"",""feature_layer_name"":""Hidrantes_ddr001.shp"",""index_in_layer"":1365}"
"1370","683","780907.275692","2449518.19174","UNKNOWN","6","2010","0","1912.48","3","10","{""feature_name"":""<UNNAMED FEATURE>"",""feature_type"":""Unknown Point Feature"",""layer"":""Cabezal de riego"",""feature_description"":""Cabezal de riego"",""feature_layer_name"":""Hidrantes_ddr001.shp"",""index_in_layer"":1368}"
"1369","684","780914.44692","2449492.50068","UNKNOWN","6","2010","0","1911.37","3","10","{""feature_name"":""<UNNAMED FEATURE>"",""feature_type"":""Unknown Point Feature"",""layer"":""Cabezal de riego"",""feature_description"":""Cabezal de riego"",""feature_layer_name"":""Hidrantes_ddr001.shp"",""index_in_layer"":1367}"
"1371","685","780906.517208","2449364.5907","UNKNOWN","6","2010","0","1905.98","3","10","{""feature_name"":""<UNNAMED FEATURE>"",""feature_type"":""Unknown Point Feature"",""layer"":""Cabezal de riego"",""feature_description"":""Cabezal de riego"",""feature_layer_name"":""Hidrantes_ddr001.shp"",""index_in_layer"":1369}"
"866","686","781732.225881","2449436.69599","UNKNOWN","10","2010","0","1896.17","3","10","{""feature_name"":""<UNNAMED FEATURE>"",""feature_type"":""Unknown Point Feature"",""layer"":""Cabezal de riego"",""feature_description"":""Cabezal de riego"",""feature_layer_name"":""Hidrantes_ddr001.shp"",""index_in_layer"":864}"
"863","688","781862.938594","2449315.93052","UNKNOWN","10","","0","1889.28","3","10","{""feature_name"":""<UNNAMED FEATURE>"",""feature_type"":""Unknown Point Feature"",""layer"":""Cabezal de riego"",""feature_description"":""Cabezal de riego"",""feature_layer_name"":""Hidrantes_ddr001.shp"",""index_in_layer"":861,""invalid_installation_year"":""0""}"
"859","690","781628.457136","2449155.35868","UNKNOWN","10","2010","0","1888.34","3","10","{""feature_name"":""<UNNAMED FEATURE>"",""feature_type"":""Unknown Point Feature"",""layer"":""Cabezal de riego"",""feature_description"":""Cabezal de riego"",""feature_layer_name"":""Hidrantes_ddr001.shp"",""index_in_layer"":857}"
"860","691","781748.775755","2449038.50557","UNKNOWN","10","2010","0","1888.7","3","10","{""feature_name"":""<UNNAMED FEATURE>"",""feature_type"":""Unknown Point Feature"",""layer"":""Cabezal de riego"",""feature_description"":""Cabezal de riego"",""feature_layer_name"":""Hidrantes_ddr001.shp"",""index_in_layer"":858}"
"876","693","782214.64542","2449697.69657","UNKNOWN","10","2010","0","1904.6801","2","10","{""feature_name"":""<UNNAMED FEATURE>"",""feature_type"":""Unknown Point Feature"",""layer"":""Cabezal de riego"",""feature_description"":""Cabezal de riego"",""feature_layer_name"":""Hidrantes_ddr001.shp"",""index_in_layer"":874}"
"857","694","781626.968569","2449652.11153","UNKNOWN","10","2010","0","1897.02","3","10","{""feature_name"":""<UNNAMED FEATURE>"",""feature_type"":""Unknown Point Feature"",""layer"":""Cabezal de riego"",""feature_description"":""Cabezal de riego"",""feature_layer_name"":""Hidrantes_ddr001.shp"",""index_in_layer"":855}"
"929","696","781377.019229","2448368.49975","UNKNOWN","10","2010","0","1896.3101","3","10","{""feature_name"":""<UNNAMED FEATURE>"",""feature_type"":""Unknown Point Feature"",""layer"":""Cabezal de riego"",""feature_description"":""Cabezal de riego"",""feature_layer_name"":""Hidrantes_ddr001.shp"",""index_in_layer"":927}"
"1375","697","780583.23395","2449007.96803","UNKNOWN","6","2010","0","1899.3101","3","20","{""feature_name"":""<UNNAMED FEATURE>"",""feature_type"":""Unknown Point Feature"",""layer"":""Cabezal de riego"",""feature_description"":""Cabezal de riego"",""feature_layer_name"":""Hidrantes_ddr001.shp"",""index_in_layer"":1373}"
"1384","699","780730.943958","2448750.53286","UNKNOWN","6","2010","0","1906.51","3","10","{""feature_name"":""<UNNAMED FEATURE>"",""feature_type"":""Unknown Point Feature"",""layer"":""Cabezal de riego"",""feature_description"":""Cabezal de riego"",""feature_layer_name"":""Hidrantes_ddr001.shp"",""index_in_layer"":1382}"
"1347","702","780483.778238","2449003.75104","UNKNOWN","6","2010","0","1903.26","3","10","{""feature_name"":""<UNNAMED FEATURE>"",""feature_type"":""Unknown Point Feature"",""layer"":""Cabezal de riego"",""feature_description"":""Cabezal de riego"",""feature_layer_name"":""Hidrantes_ddr001.shp"",""index_in_layer"":1345}"
"1385","704","780726.696204","2448751.34334","UNKNOWN","6","2022","0","1907.8199","3","10","{""feature_name"":""<UNNAMED FEATURE>"",""feature_type"":""Unknown Point Feature"",""layer"":""Cabezal de riego"",""feature_description"":""Cabezal de riego"",""feature_layer_name"":""Hidrantes_ddr001.shp"",""index_in_layer"":1383}"
"1383","707","780883.42121","2448993.94938","UNKNOWN","6","2010","0","1908.72","3","10","{""feature_name"":""<UNNAMED FEATURE>"",""feature_type"":""Unknown Point Feature"",""layer"":""Cabezal de riego"",""feature_description"":""Cabezal de riego"",""feature_layer_name"":""Hidrantes_ddr001.shp"",""index_in_layer"":1381}"
"1388","708","780907.675931","2448856.08871","UNKNOWN","6","2010","0","1905.14","3","10","{""feature_name"":""<UNNAMED FEATURE>"",""feature_type"":""Unknown Point Feature"",""layer"":""Cabezal de riego"",""feature_description"":""Cabezal de riego"",""feature_layer_name"":""Hidrantes_ddr001.shp"",""index_in_layer"":1386}"
"1374","709","780849.846458","2448995.01028","UNKNOWN","6","2010","0","1899.5601","3","10","{""feature_name"":""<UNNAMED FEATURE>"",""feature_type"":""Unknown Point Feature"",""layer"":""Cabezal de riego"",""feature_description"":""Cabezal de riego"",""feature_layer_name"":""Hidrantes_ddr001.shp"",""index_in_layer"":1372}"
"1348","710","780897.795817","2448721.71678","UNKNOWN","6","2010","0","1897.41","3","10","{""feature_name"":""<UNNAMED FEATURE>"",""feature_type"":""Unknown Point Feature"",""layer"":""Cabezal de riego"",""feature_description"":""Cabezal de riego"",""feature_layer_name"":""Hidrantes_ddr001.shp"",""index_in_layer"":1346}"
"1349","711","780858.04431","2448485.30503","UNKNOWN","6","2010","0","1897.47","3","10","{""feature_name"":""<UNNAMED FEATURE>"",""feature_type"":""Unknown Point Feature"",""layer"":""Cabezal de riego"",""feature_description"":""Cabezal de riego"",""feature_layer_name"":""Hidrantes_ddr001.shp"",""index_in_layer"":1347}"
"1350","712","780826.012156","2448446.27933","UNKNOWN","6","2010","0","1897.73","3","10","{""feature_name"":""<UNNAMED FEATURE>"",""feature_type"":""Unknown Point Feature"",""layer"":""Cabezal de riego"",""feature_description"":""Cabezal de riego"",""feature_layer_name"":""Hidrantes_ddr001.shp"",""index_in_layer"":1348}"
"931","713","781294.042455","2448199.35058","UNKNOWN","10","2010","0","1896.38","3","10","{""feature_name"":""<UNNAMED FEATURE>"",""feature_type"":""Unknown Point Feature"",""layer"":""Cabezal de riego"",""feature_description"":""Cabezal de riego"",""feature_layer_name"":""Hidrantes_ddr001.shp"",""index_in_layer"":929}"
"1352","714","780994.792054","2447837.27966","UNKNOWN","6","2010","0","1898.91","3","10","{""feature_name"":""<UNNAMED FEATURE>"",""feature_type"":""Unknown Point Feature"",""layer"":""Cabezal de riego"",""feature_description"":""Cabezal de riego"",""feature_layer_name"":""Hidrantes_ddr001.shp"",""index_in_layer"":1350}"
"1386","715","780835.561893","2448726.03219","UNKNOWN","6","2010","0","1906.0699","3","10","{""feature_name"":""<UNNAMED FEATURE>"",""feature_type"":""Unknown Point Feature"",""layer"":""Cabezal de riego"",""feature_description"":""Cabezal de riego"",""feature_layer_name"":""Hidrantes_ddr001.shp"",""index_in_layer"":1384}"
"1358","716","780860.421192","2448271.81042","UNKNOWN","6","2010","0","1891.0601","3","10","{""feature_name"":""<UNNAMED FEATURE>"",""feature_type"":""Unknown Point Feature"",""layer"":""Cabezal de riego"",""feature_description"":""Cabezal de riego"",""feature_layer_name"":""Hidrantes_ddr001.shp"",""index_in_layer"":1356}"
"1356","718","780898.531569","2448150.15491","UNKNOWN","6","2010","0","1894.4301","3","10","{""feature_name"":""<UNNAMED FEATURE>"",""feature_type"":""Unknown Point Feature"",""layer"":""Cabezal de riego"",""feature_description"":""Cabezal de riego"",""feature_layer_name"":""Hidrantes_ddr001.shp"",""index_in_layer"":1354}"
"1354","728","780999.716241","2447960.14901","UNKNOWN","6","2010","0","1895.4399","3","10","{""feature_name"":""<UNNAMED FEATURE>"",""feature_type"":""Unknown Point Feature"",""layer"":""Cabezal de riego"",""feature_description"":""Cabezal de riego"",""feature_layer_name"":""Hidrantes_ddr001.shp"",""index_in_layer"":1352}"
"1353","729","780982.625961","2447703.64259","UNKNOWN","6","2010","0","1894.46","3","10","{""feature_name"":""<UNNAMED FEATURE>"",""feature_type"":""Unknown Point Feature"",""layer"":""Cabezal de riego"",""feature_description"":""Cabezal de riego"",""feature_layer_name"":""Hidrantes_ddr001.shp"",""index_in_layer"":1351}"
"854","73","782816.217793","2450558.15768","UNKNOWN","10","2010","0","1903.49","1","10","{""feature_name"":""<UNNAMED FEATURE>"",""feature_type"":""Unknown Point Feature"",""layer"":""Cabezal de riego"",""feature_description"":""Cabezal de riego"",""feature_layer_name"":""Hidrantes_ddr001.shp"",""index_in_layer"":852}"
"1309","748","777993.611333","2454433.59487","UNKNOWN","7","2010","0","1931.0699","3","10","{""feature_name"":""<UNNAMED FEATURE>"",""feature_type"":""Unknown Point Feature"",""layer"":""Cabezal de riego"",""feature_description"":""Cabezal de riego"",""feature_layer_name"":""Hidrantes_ddr001.shp"",""index_in_layer"":1307}"
"853","75","782917.691966","2450673.1318","UNKNOWN","10","2010","0","1903.54","1","10","{""feature_name"":""<UNNAMED FEATURE>"",""feature_type"":""Unknown Point Feature"",""layer"":""Cabezal de riego"",""feature_description"":""Cabezal de riego"",""feature_layer_name"":""Hidrantes_ddr001.shp"",""index_in_layer"":851}"
"290","752","779999.353079","2465139.21036","UNKNOWN","17","2020","0","1934.72","1","10","{""feature_name"":""<UNNAMED FEATURE>"",""feature_type"":""Unknown Point Feature"",""layer"":""Cabezal de riego"",""feature_description"":""Cabezal de riego"",""feature_layer_name"":""Hidrantes_ddr001.shp"",""index_in_layer"":288}"
"910","753","783654.595815","2450776.98979","UNKNOWN","10","2010","0","1927","3","10","{""feature_name"":""<UNNAMED FEATURE>"",""feature_type"":""Unknown Point Feature"",""layer"":""Cabezal de riego"",""feature_description"":""Cabezal de riego"",""feature_layer_name"":""Hidrantes_ddr001.shp"",""index_in_layer"":908}"
"843","761","783237.789847","2450835.7183","UNKNOWN","10","2014","0","1922.66","3","10","{""feature_name"":""<UNNAMED FEATURE>"",""feature_type"":""Unknown Point Feature"",""layer"":""Cabezal de riego"",""feature_description"":""Cabezal de riego"",""feature_layer_name"":""Hidrantes_ddr001.shp"",""index_in_layer"":841}"
"1913","762","779294.188115","2451099.00004","UNKNOWN","5","","180","1928.9899","0","10","{""feature_name"":""<UNNAMED FEATURE>"",""feature_type"":""Unknown Point Feature"",""layer"":""Cabezal de riego"",""feature_description"":""Cabezal de riego"",""feature_layer_name"":""Hidrantes_ddr001.shp"",""index_in_layer"":1911,""invalid_installation_year"":""0""}"
"704","764","780121.275461","2457257.73584","UNKNOWN","8","2019","0","1928.15","3","10","{""feature_name"":""<UNNAMED FEATURE>"",""feature_type"":""Unknown Point Feature"",""layer"":""Cabezal de riego"",""feature_description"":""Cabezal de riego"",""feature_layer_name"":""Hidrantes_ddr001.shp"",""index_in_layer"":702}"
"905","768","781997.07604","2450336.50577","UNKNOWN","10","2010","0","1895.8101","2","10","{""feature_name"":""<UNNAMED FEATURE>"",""feature_type"":""Unknown Point Feature"",""layer"":""Cabezal de riego"",""feature_description"":""Cabezal de riego"",""feature_layer_name"":""Hidrantes_ddr001.shp"",""index_in_layer"":903}"
"1873","78","776031.099541","2452033.39037","UNKNOWN","2","","125","1871.121","3","10","{""feature_name"":""<UNNAMED FEATURE>"",""feature_type"":""Unknown Point Feature"",""layer"":""Cabezal de riego"",""feature_description"":""Cabezal de riego"",""feature_layer_name"":""Hidrantes_ddr001.shp"",""index_in_layer"":1871,""invalid_installation_year"":""0""}"
"1361","787","780095.490205","2450452.66944","UNKNOWN","6","2010","0","1911.0699","3","10","{""feature_name"":""<UNNAMED FEATURE>"",""feature_type"":""Unknown Point Feature"",""layer"":""Cabezal de riego"",""feature_description"":""Cabezal de riego"",""feature_layer_name"":""Hidrantes_ddr001.shp"",""index_in_layer"":1359}"
"1359","789","780085.140574","2450165.25759","UNKNOWN","6","2010","0","1908.13","3","10","{""feature_name"":""<UNNAMED FEATURE>"",""feature_type"":""Unknown Point Feature"",""layer"":""Cabezal de riego"",""feature_description"":""Cabezal de riego"",""feature_layer_name"":""Hidrantes_ddr001.shp"",""index_in_layer"":1357}"
"923","797","781520.75947","2448822.31282","UNKNOWN","10","2010","0","1893.54","3","10","{""feature_name"":""<UNNAMED FEATURE>"",""feature_type"":""Unknown Point Feature"",""layer"":""Cabezal de riego"",""feature_description"":""Cabezal de riego"",""feature_layer_name"":""Hidrantes_ddr001.shp"",""index_in_layer"":921}"
"862","799","781817.640046","2449234.00029","UNKNOWN","10","2010","0","1891.59","3","10","{""feature_name"":""<UNNAMED FEATURE>"",""feature_type"":""Unknown Point Feature"",""layer"":""Cabezal de riego"",""feature_description"":""Cabezal de riego"",""feature_layer_name"":""Hidrantes_ddr001.shp"",""index_in_layer"":860}"
"1387","808","780289.219243","2449161.94848","UNKNOWN","6","2010","0","1910.38","2","10","{""feature_name"":""<UNNAMED FEATURE>"",""feature_type"":""Unknown Point Feature"",""layer"":""Cabezal de riego"",""feature_description"":""Cabezal de riego"",""feature_layer_name"":""Hidrantes_ddr001.shp"",""index_in_layer"":1385}"
"1916","814","780207.222405","2448342.35265","UNKNOWN","5","","225","1927.0024","0","10","{""feature_name"":""<UNNAMED FEATURE>"",""feature_type"":""Unknown Point Feature"",""layer"":""Cabezal de riego"",""feature_description"":""Cabezal de riego"",""feature_layer_name"":""Hidrantes_ddr001.shp"",""index_in_layer"":1914,""invalid_installation_year"":""0""}"
"1351","815","780777.512026","2448104.32817","UNKNOWN","6","2010","0","1902.4399","3","10","{""feature_name"":""<UNNAMED FEATURE>"",""feature_type"":""Unknown Point Feature"",""layer"":""Cabezal de riego"",""feature_description"":""Cabezal de riego"",""feature_layer_name"":""Hidrantes_ddr001.shp"",""index_in_layer"":1349}"
"1242","830","776687.033598","2457101.35582","UNKNOWN","13","2014","0","1937","3","10","{""feature_name"":""<UNNAMED FEATURE>"",""feature_type"":""Unknown Point Feature"",""layer"":""Cabezal de riego"",""feature_description"":""Cabezal de riego"",""feature_layer_name"":""Hidrantes_ddr001.shp"",""index_in_layer"":1240}"
"1249","831","777136.835755","2456805.15074","UNKNOWN","13","2014","0","1934.91","3","10","{""feature_name"":""<UNNAMED FEATURE>"",""feature_type"":""Unknown Point Feature"",""layer"":""Cabezal de riego"",""feature_description"":""Cabezal de riego"",""feature_layer_name"":""Hidrantes_ddr001.shp"",""index_in_layer"":1247}"
"1232","832","776891.120468","2456380.60023","UNKNOWN","13","2014","0","1928.76","3","20","{""feature_name"":""<UNNAMED FEATURE>"",""feature_type"":""Unknown Point Feature"",""layer"":""Cabezal de riego"",""feature_description"":""Cabezal de riego"",""feature_layer_name"":""Hidrantes_ddr001.shp"",""index_in_layer"":1230}"
"1248","834","777296.092834","2456687.19159","UNKNOWN","13","2014","0","1935.11","3","10","{""feature_name"":""<UNNAMED FEATURE>"",""feature_type"":""Unknown Point Feature"",""layer"":""Cabezal de riego"",""feature_description"":""Cabezal de riego"",""feature_layer_name"":""Hidrantes_ddr001.shp"",""index_in_layer"":1246}"
"1256","835","777691.28","2456811.89053","UNKNOWN","13","2014","0","1930.84","3","20","{""feature_name"":""<UNNAMED FEATURE>"",""feature_type"":""Unknown Point Feature"",""layer"":""Cabezal de riego"",""feature_description"":""Cabezal de riego"",""feature_layer_name"":""Hidrantes_ddr001.shp"",""index_in_layer"":1254}"
"1259","837","777528.573473","2457123.92639","UNKNOWN","13","2014","0","1933.8199","3","10","{""feature_name"":""<UNNAMED FEATURE>"",""feature_type"":""Unknown Point Feature"",""layer"":""Cabezal de riego"",""feature_description"":""Cabezal de riego"",""feature_layer_name"":""Hidrantes_ddr001.shp"",""index_in_layer"":1257}"
"1245","838","777287.418404","2457007.39305","UNKNOWN","13","2014","0","1934.46","3","10","{""feature_name"":""<UNNAMED FEATURE>"",""feature_type"":""Unknown Point Feature"",""layer"":""Cabezal de riego"",""feature_description"":""Cabezal de riego"",""feature_layer_name"":""Hidrantes_ddr001.shp"",""index_in_layer"":1243}"
"1244","840","777062.045812","2457228.56349","UNKNOWN","13","2014","0","1935.25","3","10","{""feature_name"":""<UNNAMED FEATURE>"",""feature_type"":""Unknown Point Feature"",""layer"":""Cabezal de riego"",""feature_description"":""Cabezal de riego"",""feature_layer_name"":""Hidrantes_ddr001.shp"",""index_in_layer"":1242}"
"1266","841","777304.47164","2457267.54822","UNKNOWN","13","2014","0","1805.55","3","10","{""feature_name"":""<UNNAMED FEATURE>"",""feature_type"":""Unknown Point Feature"",""layer"":""Cabezal de riego"",""feature_description"":""Cabezal de riego"",""feature_layer_name"":""Hidrantes_ddr001.shp"",""index_in_layer"":1264}"
"1260","842","777541.260262","2457234.63084","UNKNOWN","13","2014","0","1932.4399","3","10","{""feature_name"":""<UNNAMED FEATURE>"",""feature_type"":""Unknown Point Feature"",""layer"":""Cabezal de riego"",""feature_description"":""Cabezal de riego"",""feature_layer_name"":""Hidrantes_ddr001.shp"",""index_in_layer"":1258}"
"1262","843","777541.678013","2457338.91193","UNKNOWN","13","2014","0","1931.48","3","10","{""feature_name"":""<UNNAMED FEATURE>"",""feature_type"":""Unknown Point Feature"",""layer"":""Cabezal de riego"",""feature_description"":""Cabezal de riego"",""feature_layer_name"":""Hidrantes_ddr001.shp"",""index_in_layer"":1260}"
"1267","845","777178.243738","2457420.22247","UNKNOWN","13","2014","0","1815.6","3","10","{""feature_name"":""<UNNAMED FEATURE>"",""feature_type"":""Unknown Point Feature"",""layer"":""Cabezal de riego"",""feature_description"":""Cabezal de riego"",""feature_layer_name"":""Hidrantes_ddr001.shp"",""index_in_layer"":1265}"
"1261","846","777447.44651","2457345.77073","UNKNOWN","13","2014","0","1933.92","3","10","{""feature_name"":""<UNNAMED FEATURE>"",""feature_type"":""Unknown Point Feature"",""layer"":""Cabezal de riego"",""feature_description"":""Cabezal de riego"",""feature_layer_name"":""Hidrantes_ddr001.shp"",""index_in_layer"":1259}"
"1268","847","777306.436229","2457459.17592","UNKNOWN","13","2014","0","1825.7","3","10","{""feature_name"":""<UNNAMED FEATURE>"",""feature_type"":""Unknown Point Feature"",""layer"":""Cabezal de riego"",""feature_description"":""Cabezal de riego"",""feature_layer_name"":""Hidrantes_ddr001.shp"",""index_in_layer"":1266}"
"1906","848","777787.530144","2457568.11841","UNKNOWN","13","2014","0","1930.14","3","10","{""feature_name"":""<UNNAMED FEATURE>"",""feature_type"":""Unknown Point Feature"",""layer"":""Cabezal de riego"",""feature_description"":""Cabezal de riego"",""feature_layer_name"":""Hidrantes_ddr001.shp"",""index_in_layer"":1904}"
"1277","850","778002.439627","2457140.88285","UNKNOWN","13","2010","0","1897.0699","3","10","{""feature_name"":""<UNNAMED FEATURE>"",""feature_type"":""Unknown Point Feature"",""layer"":""Cabezal de riego"",""feature_description"":""Cabezal de riego"",""feature_layer_name"":""Hidrantes_ddr001.shp"",""index_in_layer"":1275}"
"1254","851","777916.010137","2456708.95215","UNKNOWN","13","2014","0","1929.37","3","10","{""feature_name"":""<UNNAMED FEATURE>"",""feature_type"":""Unknown Point Feature"",""layer"":""Cabezal de riego"",""feature_description"":""Cabezal de riego"",""feature_layer_name"":""Hidrantes_ddr001.shp"",""index_in_layer"":1252}"
"666","852","779913.15375","2456156.1758","UNKNOWN","8","2010","0","1921.27","3","10","{""feature_name"":""<UNNAMED FEATURE>"",""feature_type"":""Unknown Point Feature"",""layer"":""Cabezal de riego"",""feature_description"":""Cabezal de riego"",""feature_layer_name"":""Hidrantes_ddr001.shp"",""index_in_layer"":664}"
"747","853","779327.378096","2458580.92728","UNKNOWN","8","2010","0","1934.61","3","10","{""feature_name"":""<UNNAMED FEATURE>"",""feature_type"":""Unknown Point Feature"",""layer"":""Cabezal de riego"",""feature_description"":""Cabezal de riego"",""feature_layer_name"":""Hidrantes_ddr001.shp"",""index_in_layer"":745}"
"1141","854","778274.156872","2457273.48614","UNKNOWN","14","2014","0","1923.92","3","10","{""feature_name"":""<UNNAMED FEATURE>"",""feature_type"":""Unknown Point Feature"",""layer"":""Cabezal de riego"",""feature_description"":""Cabezal de riego"",""feature_layer_name"":""Hidrantes_ddr001.shp"",""index_in_layer"":1139}"
"1270","855","776904.220324","2457760.9828","UNKNOWN","13","2010","0","1849.49","3","10","{""feature_name"":""<UNNAMED FEATURE>"",""feature_type"":""Unknown Point Feature"",""layer"":""Cabezal de riego"",""feature_description"":""Cabezal de riego"",""feature_layer_name"":""Hidrantes_ddr001.shp"",""index_in_layer"":1268}"
"1269","856","777086.395573","2457763.99167","UNKNOWN","13","2014","0","1840.85","3","10","{""feature_name"":""<UNNAMED FEATURE>"",""feature_type"":""Unknown Point Feature"",""layer"":""Cabezal de riego"",""feature_description"":""Cabezal de riego"",""feature_layer_name"":""Hidrantes_ddr001.shp"",""index_in_layer"":1267}"
"1272","857","777089.44047","2457987.88437","UNKNOWN","13","2014","0","1871.9301","3","10","{""feature_name"":""<UNNAMED FEATURE>"",""feature_type"":""Unknown Point Feature"",""layer"":""Cabezal de riego"",""feature_description"":""Cabezal de riego"",""feature_layer_name"":""Hidrantes_ddr001.shp"",""index_in_layer"":1270}"
"1274","858","777239.076154","2458103.23491","UNKNOWN","13","2014","0","1882.85","3","10","{""feature_name"":""<UNNAMED FEATURE>"",""feature_type"":""Unknown Point Feature"",""layer"":""Cabezal de riego"",""feature_description"":""Cabezal de riego"",""feature_layer_name"":""Hidrantes_ddr001.shp"",""index_in_layer"":1272}"
"1273","860","777237.335961","2457986.1872","UNKNOWN","13","2014","0","1876.14","3","10","{""feature_name"":""<UNNAMED FEATURE>"",""feature_type"":""Unknown Point Feature"",""layer"":""Cabezal de riego"",""feature_description"":""Cabezal de riego"",""feature_layer_name"":""Hidrantes_ddr001.shp"",""index_in_layer"":1271}"
"1275","861","777455.539497","2457825.5067","UNKNOWN","13","2014","0","1887.1899","3","10","{""feature_name"":""<UNNAMED FEATURE>"",""feature_type"":""Unknown Point Feature"",""layer"":""Cabezal de riego"",""feature_description"":""Cabezal de riego"",""feature_layer_name"":""Hidrantes_ddr001.shp"",""index_in_layer"":1273}"
"1157","862","777663.238062","2458261.80651","UNKNOWN","14","2014","0","1933.55","3","10","{""feature_name"":""<UNNAMED FEATURE>"",""feature_type"":""Unknown Point Feature"",""layer"":""Cabezal de riego"",""feature_description"":""Cabezal de riego"",""feature_layer_name"":""Hidrantes_ddr001.shp"",""index_in_layer"":1155}"
"1276","863","777573.223607","2458020.0774","UNKNOWN","13","2014","0","1891.76","3","10","{""feature_name"":""<UNNAMED FEATURE>"",""feature_type"":""Unknown Point Feature"",""layer"":""Cabezal de riego"",""feature_description"":""Cabezal de riego"",""feature_layer_name"":""Hidrantes_ddr001.shp"",""index_in_layer"":1274}"
"1156","864","777958.313635","2458043.32611","UNKNOWN","14","2014","0","1929.85","3","10","{""feature_name"":""<UNNAMED FEATURE>"",""feature_type"":""Unknown Point Feature"",""layer"":""Cabezal de riego"",""feature_description"":""Cabezal de riego"",""feature_layer_name"":""Hidrantes_ddr001.shp"",""index_in_layer"":1154}"
"1158","865","777825.319337","2457764.15172","UNKNOWN","14","2014","0","1930.08","3","10","{""feature_name"":""<UNNAMED FEATURE>"",""feature_type"":""Unknown Point Feature"",""layer"":""Cabezal de riego"",""feature_description"":""Cabezal de riego"",""feature_layer_name"":""Hidrantes_ddr001.shp"",""index_in_layer"":1156}"
"1947","87","776865.451802","2450708.09163","UNKNOWN","1","","50","1897.6761","0","10","{""feature_name"":""<UNNAMED FEATURE>"",""feature_type"":""Unknown Point Feature"",""layer"":""Cabezal de riego"",""feature_description"":""Cabezal de riego"",""feature_layer_name"":""Hidrantes_ddr001.shp"",""index_in_layer"":1945,""invalid_installation_year"":""0""}"
"1165","876","778085.674873","2458603.75417","UNKNOWN","14","2014","0","1932.17","3","20","{""feature_name"":""<UNNAMED FEATURE>"",""feature_type"":""Unknown Point Feature"",""layer"":""Cabezal de riego"",""feature_description"":""Cabezal de riego"",""feature_layer_name"":""Hidrantes_ddr001.shp"",""index_in_layer"":1163}"
"1174","877","777547.605851","2458549.96692","UNKNOWN","14","2014","0","1910.66","3","10","{""feature_name"":""<UNNAMED FEATURE>"",""feature_type"":""Unknown Point Feature"",""layer"":""Cabezal de riego"",""feature_description"":""Cabezal de riego"",""feature_layer_name"":""Hidrantes_ddr001.shp"",""index_in_layer"":1172}"
"1173","879","777549.352732","2458544.5682","UNKNOWN","14","2014","0","1911.6899","3","10","{""feature_name"":""<UNNAMED FEATURE>"",""feature_type"":""Unknown Point Feature"",""layer"":""Cabezal de riego"",""feature_description"":""Cabezal de riego"",""feature_layer_name"":""Hidrantes_ddr001.shp"",""index_in_layer"":1171}"
"1263","880","777787.211783","2457435.13859","UNKNOWN","13","2014","0","1930.14","3","10","{""feature_name"":""<UNNAMED FEATURE>"",""feature_type"":""Unknown Point Feature"",""layer"":""Cabezal de riego"",""feature_description"":""Cabezal de riego"",""feature_layer_name"":""Hidrantes_ddr001.shp"",""index_in_layer"":1261}"
"1172","881","777314.522277","2458677.46983","UNKNOWN","14","2010","0","1903.96","3","10","{""feature_name"":""<UNNAMED FEATURE>"",""feature_type"":""Unknown Point Feature"",""layer"":""Cabezal de riego"",""feature_description"":""Cabezal de riego"",""feature_layer_name"":""Hidrantes_ddr001.shp"",""index_in_layer"":1170}"
"1163","882","777897.215987","2458438.28097","UNKNOWN","14","2014","0","1933.23","3","10","{""feature_name"":""<UNNAMED FEATURE>"",""feature_type"":""Unknown Point Feature"",""layer"":""Cabezal de riego"",""feature_description"":""Cabezal de riego"",""feature_layer_name"":""Hidrantes_ddr001.shp"",""index_in_layer"":1161}"
"1162","883","777896.52089","2458430.95501","UNKNOWN","14","2014","0","1934.0699","3","10","{""feature_name"":""<UNNAMED FEATURE>"",""feature_type"":""Unknown Point Feature"",""layer"":""Cabezal de riego"",""feature_description"":""Cabezal de riego"",""feature_layer_name"":""Hidrantes_ddr001.shp"",""index_in_layer"":1160}"
"1166","884","778087.863844","2458614.09869","UNKNOWN","14","2014","0","1933.8101","3","10","{""feature_name"":""<UNNAMED FEATURE>"",""feature_type"":""Unknown Point Feature"",""layer"":""Cabezal de riego"",""feature_description"":""Cabezal de riego"",""feature_layer_name"":""Hidrantes_ddr001.shp"",""index_in_layer"":1164}"
"1175","885","778079.878127","2458865.50023","UNKNOWN","14","2014","0","1916.11","3","10","{""feature_name"":""<UNNAMED FEATURE>"",""feature_type"":""Unknown Point Feature"",""layer"":""Cabezal de riego"",""feature_description"":""Cabezal de riego"",""feature_layer_name"":""Hidrantes_ddr001.shp"",""index_in_layer"":1173}"
"1164","886","777991.661623","2458355.30156","UNKNOWN","14","2014","0","1930.52","3","10","{""feature_name"":""<UNNAMED FEATURE>"",""feature_type"":""Unknown Point Feature"",""layer"":""Cabezal de riego"",""feature_description"":""Cabezal de riego"",""feature_layer_name"":""Hidrantes_ddr001.shp"",""index_in_layer"":1162}"
"1161","887","777849.928072","2458271.77561","UNKNOWN","14","2014","0","1933.0699","3","10","{""feature_name"":""<UNNAMED FEATURE>"",""feature_type"":""Unknown Point Feature"",""layer"":""Cabezal de riego"",""feature_description"":""Cabezal de riego"",""feature_layer_name"":""Hidrantes_ddr001.shp"",""index_in_layer"":1159}"
"1160","888","777956.486098","2458273.561","UNKNOWN","14","2014","0","1931.52","3","10","{""feature_name"":""<UNNAMED FEATURE>"",""feature_type"":""Unknown Point Feature"",""layer"":""Cabezal de riego"",""feature_description"":""Cabezal de riego"",""feature_layer_name"":""Hidrantes_ddr001.shp"",""index_in_layer"":1158}"
"1167","889","778135.142749","2458288.48793","UNKNOWN","14","2014","0","1931.87","3","10","{""feature_name"":""<UNNAMED FEATURE>"",""feature_type"":""Unknown Point Feature"",""layer"":""Cabezal de riego"",""feature_description"":""Cabezal de riego"",""feature_layer_name"":""Hidrantes_ddr001.shp"",""index_in_layer"":1165}"
"1168","890","778279.933328","2458298.82418","UNKNOWN","14","2014","0","1932.27","3","10","{""feature_name"":""<UNNAMED FEATURE>"",""feature_type"":""Unknown Point Feature"",""layer"":""Cabezal de riego"",""feature_description"":""Cabezal de riego"",""feature_layer_name"":""Hidrantes_ddr001.shp"",""index_in_layer"":1166}"
"1155","891","778122.939197","2458029.30251","UNKNOWN","14","2014","0","1929.77","3","10","{""feature_name"":""<UNNAMED FEATURE>"",""feature_type"":""Unknown Point Feature"",""layer"":""Cabezal de riego"",""feature_description"":""Cabezal de riego"",""feature_layer_name"":""Hidrantes_ddr001.shp"",""index_in_layer"":1153}"
"1154","892","778129.731567","2458030.30996","UNKNOWN","14","2014","0","1930.17","3","10","{""feature_name"":""<UNNAMED FEATURE>"",""feature_type"":""Unknown Point Feature"",""layer"":""Cabezal de riego"",""feature_description"":""Cabezal de riego"",""feature_layer_name"":""Hidrantes_ddr001.shp"",""index_in_layer"":1152}"
"1153","893","778355.844844","2458034.33812","UNKNOWN","14","2014","0","1931.26","3","10","{""feature_name"":""<UNNAMED FEATURE>"",""feature_type"":""Unknown Point Feature"",""layer"":""Cabezal de riego"",""feature_description"":""Cabezal de riego"",""feature_layer_name"":""Hidrantes_ddr001.shp"",""index_in_layer"":1151}"
"1152","894","778552.766653","2458049.37341","UNKNOWN","14","2014","0","1931.35","3","10","{""feature_name"":""<UNNAMED FEATURE>"",""feature_type"":""Unknown Point Feature"",""layer"":""Cabezal de riego"",""feature_description"":""Cabezal de riego"",""feature_layer_name"":""Hidrantes_ddr001.shp"",""index_in_layer"":1150}"
"1159","895","778035.151234","2457767.10951","UNKNOWN","14","2014","0","1930.3101","3","10","{""feature_name"":""<UNNAMED FEATURE>"",""feature_type"":""Unknown Point Feature"",""layer"":""Cabezal de riego"",""feature_description"":""Cabezal de riego"",""feature_layer_name"":""Hidrantes_ddr001.shp"",""index_in_layer"":1157}"
"1144","897","778443.412558","2457741.24874","UNKNOWN","14","2014","0","1928.77","3","10","{""feature_name"":""<UNNAMED FEATURE>"",""feature_type"":""Unknown Point Feature"",""layer"":""Cabezal de riego"",""feature_description"":""Cabezal de riego"",""feature_layer_name"":""Hidrantes_ddr001.shp"",""index_in_layer"":1142}"
"1142","898","778171.929858","2457497.50084","UNKNOWN","14","2014","0","1926.89","3","10","{""feature_name"":""<UNNAMED FEATURE>"",""feature_type"":""Unknown Point Feature"",""layer"":""Cabezal de riego"",""feature_description"":""Cabezal de riego"",""feature_layer_name"":""Hidrantes_ddr001.shp"",""index_in_layer"":1140}"
"1143","899","778248.778064","2457580.20555","UNKNOWN","14","2014","0","1926.5","3","10","{""feature_name"":""<UNNAMED FEATURE>"",""feature_type"":""Unknown Point Feature"",""layer"":""Cabezal de riego"",""feature_description"":""Cabezal de riego"",""feature_layer_name"":""Hidrantes_ddr001.shp"",""index_in_layer"":1141}"
"1409","9","774849.030668","2450789.38663","UNKNOWN","1","","130","1905.9338","3","10","{""feature_name"":""<UNNAMED FEATURE>"",""feature_type"":""Unknown Point Feature"",""layer"":""Cabezal de riego"",""feature_description"":""Cabezal de riego"",""feature_layer_name"":""Hidrantes_ddr001.shp"",""index_in_layer"":1407,""invalid_installation_year"":""0""}"
"1169","900","778458.463863","2458326.60686","UNKNOWN","14","2014","0","1932.3","3","10","{""feature_name"":""<UNNAMED FEATURE>"",""feature_type"":""Unknown Point Feature"",""layer"":""Cabezal de riego"",""feature_description"":""Cabezal de riego"",""feature_layer_name"":""Hidrantes_ddr001.shp"",""index_in_layer"":1167}"
"1171","901","778625.304375","2458512.20196","UNKNOWN","14","2014","0","1933.26","3","10","{""feature_name"":""<UNNAMED FEATURE>"",""feature_type"":""Unknown Point Feature"",""layer"":""Cabezal de riego"",""feature_description"":""Cabezal de riego"",""feature_layer_name"":""Hidrantes_ddr001.shp"",""index_in_layer"":1169}"
"1170","902","778640.864128","2458322.54666","UNKNOWN","14","2014","0","1930.2","3","10","{""feature_name"":""<UNNAMED FEATURE>"",""feature_type"":""Unknown Point Feature"",""layer"":""Cabezal de riego"",""feature_description"":""Cabezal de riego"",""feature_layer_name"":""Hidrantes_ddr001.shp"",""index_in_layer"":1168}"
"1918","903","778807.50706","2458200.60598","UNKNOWN","14","2014","0","1930.2","3","10","{""feature_name"":""<UNNAMED FEATURE>"",""feature_type"":""Unknown Point Feature"",""layer"":""Cabezal de riego"",""feature_description"":""Cabezal de riego"",""feature_layer_name"":""Hidrantes_ddr001.shp"",""index_in_layer"":1916}"
"1253","904","777995.38607","2456713.68827","UNKNOWN","13","2014","0","1929.15","3","10","{""feature_name"":""<UNNAMED FEATURE>"",""feature_type"":""Unknown Point Feature"",""layer"":""Cabezal de riego"",""feature_description"":""Cabezal de riego"",""feature_layer_name"":""Hidrantes_ddr001.shp"",""index_in_layer"":1251}"
"1150","905","778747.747283","2457820.47781","UNKNOWN","14","2014","0","1927.45","3","10","{""feature_name"":""<UNNAMED FEATURE>"",""feature_type"":""Unknown Point Feature"",""layer"":""Cabezal de riego"",""feature_description"":""Cabezal de riego"",""feature_layer_name"":""Hidrantes_ddr001.shp"",""index_in_layer"":1148}"
"731","906","779683.114837","2459994.18605","UNKNOWN","8","2014","0","1931.65","3","10","{""feature_name"":""<UNNAMED FEATURE>"",""feature_type"":""Unknown Point Feature"",""layer"":""Cabezal de riego"",""feature_description"":""Cabezal de riego"",""feature_layer_name"":""Hidrantes_ddr001.shp"",""index_in_layer"":729}"
"1146","907","778630.219786","2457600.4126","UNKNOWN","14","2022","0","1926.21","3","10","{""feature_name"":""<UNNAMED FEATURE>"",""feature_type"":""Unknown Point Feature"",""layer"":""Cabezal de riego"",""feature_description"":""Cabezal de riego"",""feature_layer_name"":""Hidrantes_ddr001.shp"",""index_in_layer"":1144}"
"1147","908","778641.533623","2457411.56818","UNKNOWN","14","2014","0","1925.1","3","10","{""feature_name"":""<UNNAMED FEATURE>"",""feature_type"":""Unknown Point Feature"",""layer"":""Cabezal de riego"",""feature_description"":""Cabezal de riego"",""feature_layer_name"":""Hidrantes_ddr001.shp"",""index_in_layer"":1145}"
"1151","909","778739.479627","2458023.56077","UNKNOWN","14","2014","0","1928.84","3","10","{""feature_name"":""<UNNAMED FEATURE>"",""feature_type"":""Unknown Point Feature"",""layer"":""Cabezal de riego"",""feature_description"":""Cabezal de riego"",""feature_layer_name"":""Hidrantes_ddr001.shp"",""index_in_layer"":1149}"
"1148","910","778828.888688","2457061.08594","UNKNOWN","14","2014","0","1921.86","3","10","{""feature_name"":""<UNNAMED FEATURE>"",""feature_type"":""Unknown Point Feature"",""layer"":""Cabezal de riego"",""feature_description"":""Cabezal de riego"",""feature_layer_name"":""Hidrantes_ddr001.shp"",""index_in_layer"":1146}"
"1149","911","778814.867102","2456944.70409","UNKNOWN","14","2014","0","1920.65","3","10","{""feature_name"":""<UNNAMED FEATURE>"",""feature_type"":""Unknown Point Feature"",""layer"":""Cabezal de riego"",""feature_description"":""Cabezal de riego"",""feature_layer_name"":""Hidrantes_ddr001.shp"",""index_in_layer"":1147}"
"692","912","778997.535064","2458232.39656","UNKNOWN","8","2022","0","1916.37","3","10","{""feature_name"":""<UNNAMED FEATURE>"",""feature_type"":""Unknown Point Feature"",""layer"":""Cabezal de riego"",""feature_description"":""Cabezal de riego"",""feature_layer_name"":""Hidrantes_ddr001.shp"",""index_in_layer"":690}"
"691","913","778994.844102","2458071.11564","UNKNOWN","8","2022","0","1915.34","3","10","{""feature_name"":""<UNNAMED FEATURE>"",""feature_type"":""Unknown Point Feature"",""layer"":""Cabezal de riego"",""feature_description"":""Cabezal de riego"",""feature_layer_name"":""Hidrantes_ddr001.shp"",""index_in_layer"":689}"
"634","914","779718.424633","2455221.08302","UNKNOWN","8","2014","0","1914.05","3","10","{""feature_name"":""<UNNAMED FEATURE>"",""feature_type"":""Unknown Point Feature"",""layer"":""Cabezal de riego"",""feature_description"":""Cabezal de riego"",""feature_layer_name"":""Hidrantes_ddr001.shp"",""index_in_layer"":632}"
"690","915","779118.143032","2457557.70565","UNKNOWN","8","2022","0","1906.09","3","10","{""feature_name"":""<UNNAMED FEATURE>"",""feature_type"":""Unknown Point Feature"",""layer"":""Cabezal de riego"",""feature_description"":""Cabezal de riego"",""feature_layer_name"":""Hidrantes_ddr001.shp"",""index_in_layer"":688}"
"688","916","779181.549635","2457358.71033","UNKNOWN","8","2010","0","1900.6","3","10","{""feature_name"":""<UNNAMED FEATURE>"",""feature_type"":""Unknown Point Feature"",""layer"":""Cabezal de riego"",""feature_description"":""Cabezal de riego"",""feature_layer_name"":""Hidrantes_ddr001.shp"",""index_in_layer"":686}"
"687","917","779178.409212","2457159.08","UNKNOWN","8","2010","0","1893.41","3","10","{""feature_name"":""<UNNAMED FEATURE>"",""feature_type"":""Unknown Point Feature"",""layer"":""Cabezal de riego"",""feature_description"":""Cabezal de riego"",""feature_layer_name"":""Hidrantes_ddr001.shp"",""index_in_layer"":685}"
"1912","918","779064.153","2456877.079","UNKNOWN","8","2010","0","1866.65","3","10","{""feature_name"":""<UNNAMED FEATURE>"",""feature_type"":""Unknown Point Feature"",""layer"":""Cabezal de riego"",""feature_description"":""Cabezal de riego"",""feature_layer_name"":""Hidrantes_ddr001.shp"",""index_in_layer"":1910}"
"693","920","779252.055906","2458101.86429","UNKNOWN","8","2010","0","1917.65","3","10","{""feature_name"":""<UNNAMED FEATURE>"",""feature_type"":""Unknown Point Feature"",""layer"":""Cabezal de riego"",""feature_description"":""Cabezal de riego"",""feature_layer_name"":""Hidrantes_ddr001.shp"",""index_in_layer"":691}"
"694","921","779243.931731","2457869.45466","UNKNOWN","8","2010","0","1918.27","3","10","{""feature_name"":""<UNNAMED FEATURE>"",""feature_type"":""Unknown Point Feature"",""layer"":""Cabezal de riego"",""feature_description"":""Cabezal de riego"",""feature_layer_name"":""Hidrantes_ddr001.shp"",""index_in_layer"":692}"
"695","922","779434.386349","2457536.65316","UNKNOWN","8","2014","0","1918.3199","3","10","{""feature_name"":""<UNNAMED FEATURE>"",""feature_type"":""Unknown Point Feature"",""layer"":""Cabezal de riego"",""feature_description"":""Cabezal de riego"",""feature_layer_name"":""Hidrantes_ddr001.shp"",""index_in_layer"":693}"
"689","923","779197.331847","2457543.82851","UNKNOWN","8","2010","0","1900","3","10","{""feature_name"":""<UNNAMED FEATURE>"",""feature_type"":""Unknown Point Feature"",""layer"":""Cabezal de riego"",""feature_description"":""Cabezal de riego"",""feature_layer_name"":""Hidrantes_ddr001.shp"",""index_in_layer"":687}"
"696","924","779402.104231","2457304.91939","UNKNOWN","8","2022","0","1920.3","3","10","{""feature_name"":""<UNNAMED FEATURE>"",""feature_type"":""Unknown Point Feature"",""layer"":""Cabezal de riego"",""feature_description"":""Cabezal de riego"",""feature_layer_name"":""Hidrantes_ddr001.shp"",""index_in_layer"":694}"
"686","925","779185.362286","2457151.11489","UNKNOWN","8","2010","0","1893.73","3","10","{""feature_name"":""<UNNAMED FEATURE>"",""feature_type"":""Unknown Point Feature"",""layer"":""Cabezal de riego"",""feature_description"":""Cabezal de riego"",""feature_layer_name"":""Hidrantes_ddr001.shp"",""index_in_layer"":684}"
"699","927","779652.268319","2457995.21968","UNKNOWN","8","2010","0","1927.14","3","10","{""feature_name"":""<UNNAMED FEATURE>"",""feature_type"":""Unknown Point Feature"",""layer"":""Cabezal de riego"",""feature_description"":""Cabezal de riego"",""feature_layer_name"":""Hidrantes_ddr001.shp"",""index_in_layer"":697}"
"698","928","779546.04349","2457905.44309","UNKNOWN","8","2014","0","1925.5601","3","10","{""feature_name"":""<UNNAMED FEATURE>"",""feature_type"":""Unknown Point Feature"",""layer"":""Cabezal de riego"",""feature_description"":""Cabezal de riego"",""feature_layer_name"":""Hidrantes_ddr001.shp"",""index_in_layer"":696}"
"685","929","779634.492506","2457091.66105","UNKNOWN","8","2010","0","1887.0601","3","10","{""feature_name"":""<UNNAMED FEATURE>"",""feature_type"":""Unknown Point Feature"",""layer"":""Cabezal de riego"",""feature_description"":""Cabezal de riego"",""feature_layer_name"":""Hidrantes_ddr001.shp"",""index_in_layer"":683}"
"1885","93","777864.588746","2449119.59108","UNKNOWN","3","","135","1836.0282","3","20","{""feature_name"":""<UNNAMED FEATURE>"",""feature_type"":""Unknown Point Feature"",""layer"":""Cabezal de riego"",""feature_description"":""Cabezal de riego"",""feature_layer_name"":""Hidrantes_ddr001.shp"",""index_in_layer"":1883,""invalid_installation_year"":""0""}"
"697","930","779594.512734","2457313.23722","UNKNOWN","8","2010","0","1920.01","3","10","{""feature_name"":""<UNNAMED FEATURE>"",""feature_type"":""Unknown Point Feature"",""layer"":""Cabezal de riego"",""feature_description"":""Cabezal de riego"",""feature_layer_name"":""Hidrantes_ddr001.shp"",""index_in_layer"":695}"
"701","931","779633.651619","2457496.11494","UNKNOWN","8","2014","0","1926.13","3","10","{""feature_name"":""<UNNAMED FEATURE>"",""feature_type"":""Unknown Point Feature"",""layer"":""Cabezal de riego"",""feature_description"":""Cabezal de riego"",""feature_layer_name"":""Hidrantes_ddr001.shp"",""index_in_layer"":699}"
"700","932","779675.345947","2457582.29849","UNKNOWN","8","2010","0","1924.77","3","10","{""feature_name"":""<UNNAMED FEATURE>"",""feature_type"":""Unknown Point Feature"",""layer"":""Cabezal de riego"",""feature_description"":""Cabezal de riego"",""feature_layer_name"":""Hidrantes_ddr001.shp"",""index_in_layer"":698}"
"702","933","779659.090062","2457493.13508","UNKNOWN","8","2010","0","1925.55","3","10","{""feature_name"":""<UNNAMED FEATURE>"",""feature_type"":""Unknown Point Feature"",""layer"":""Cabezal de riego"",""feature_description"":""Cabezal de riego"",""feature_layer_name"":""Hidrantes_ddr001.shp"",""index_in_layer"":700}"
"684","935","779638.702284","2457092.84452","UNKNOWN","8","2014","0","1887.46","3","10","{""feature_name"":""<UNNAMED FEATURE>"",""feature_type"":""Unknown Point Feature"",""layer"":""Cabezal de riego"",""feature_description"":""Cabezal de riego"",""feature_layer_name"":""Hidrantes_ddr001.shp"",""index_in_layer"":682}"
"746","937","779340.650888","2458583.04854","UNKNOWN","8","2014","0","1933.51","3","10","{""feature_name"":""<UNNAMED FEATURE>"",""feature_type"":""Unknown Point Feature"",""layer"":""Cabezal de riego"",""feature_description"":""Cabezal de riego"",""feature_layer_name"":""Hidrantes_ddr001.shp"",""index_in_layer"":744}"
"1883","938","779758.621172","2458830.55058","UNKNOWN","8","2014","0","1931.84","3","10","{""feature_name"":""<UNNAMED FEATURE>"",""feature_type"":""Unknown Point Feature"",""layer"":""Cabezal de riego"",""feature_description"":""Cabezal de riego"",""feature_layer_name"":""Hidrantes_ddr001.shp"",""index_in_layer"":1881}"
"745","939","779561.464861","2458404.37967","UNKNOWN","8","2010","0","1934.39","3","10","{""feature_name"":""<UNNAMED FEATURE>"",""feature_type"":""Unknown Point Feature"",""layer"":""Cabezal de riego"",""feature_description"":""Cabezal de riego"",""feature_layer_name"":""Hidrantes_ddr001.shp"",""index_in_layer"":743}"
"717","940","779600.09006","2458056.67353","UNKNOWN","8","2014","0","1919.79","3","10","{""feature_name"":""<UNNAMED FEATURE>"",""feature_type"":""Unknown Point Feature"",""layer"":""Cabezal de riego"",""feature_description"":""Cabezal de riego"",""feature_layer_name"":""Hidrantes_ddr001.shp"",""index_in_layer"":715}"
"716","942","779803.468216","2457964.79431","UNKNOWN","8","2014","0","1916.79","3","10","{""feature_name"":""<UNNAMED FEATURE>"",""feature_type"":""Unknown Point Feature"",""layer"":""Cabezal de riego"",""feature_description"":""Cabezal de riego"",""feature_layer_name"":""Hidrantes_ddr001.shp"",""index_in_layer"":714}"
"709","943","779906.374929","2457871.11668","UNKNOWN","8","2010","0","1929.66","3","10","{""feature_name"":""<UNNAMED FEATURE>"",""feature_type"":""Unknown Point Feature"",""layer"":""Cabezal de riego"",""feature_description"":""Cabezal de riego"",""feature_layer_name"":""Hidrantes_ddr001.shp"",""index_in_layer"":707}"
"706","944","780015.314562","2457486.99397","UNKNOWN","8","2014","0","1928.03","3","10","{""feature_name"":""<UNNAMED FEATURE>"",""feature_type"":""Unknown Point Feature"",""layer"":""Cabezal de riego"",""feature_description"":""Cabezal de riego"",""feature_layer_name"":""Hidrantes_ddr001.shp"",""index_in_layer"":704}"
"703","945","780029.026498","2457245.88735","UNKNOWN","8","2014","0","1925.1801","3","20","{""feature_name"":""<UNNAMED FEATURE>"",""feature_type"":""Unknown Point Feature"",""layer"":""Cabezal de riego"",""feature_description"":""Cabezal de riego"",""feature_layer_name"":""Hidrantes_ddr001.shp"",""index_in_layer"":701}"
"683","946","779907.824666","2456931.99684","UNKNOWN","8","2010","0","1880.6801","3","10","{""feature_name"":""<UNNAMED FEATURE>"",""feature_type"":""Unknown Point Feature"",""layer"":""Cabezal de riego"",""feature_description"":""Cabezal de riego"",""feature_layer_name"":""Hidrantes_ddr001.shp"",""index_in_layer"":681}"
"710","948","780102.810373","2457781.11109","UNKNOWN","8","2014","0","1928.9","3","10","{""feature_name"":""<UNNAMED FEATURE>"",""feature_type"":""Unknown Point Feature"",""layer"":""Cabezal de riego"",""feature_description"":""Cabezal de riego"",""feature_layer_name"":""Hidrantes_ddr001.shp"",""index_in_layer"":708}"
"708","949","780172.238186","2457517.51089","UNKNOWN","8","2010","0","1928.38","3","10","{""feature_name"":""<UNNAMED FEATURE>"",""feature_type"":""Unknown Point Feature"",""layer"":""Cabezal de riego"",""feature_description"":""Cabezal de riego"",""feature_layer_name"":""Hidrantes_ddr001.shp"",""index_in_layer"":706}"
"707","950","780132.954882","2457504.17365","UNKNOWN","8","2010","0","1929.53","3","10","{""feature_name"":""<UNNAMED FEATURE>"",""feature_type"":""Unknown Point Feature"",""layer"":""Cabezal de riego"",""feature_description"":""Cabezal de riego"",""feature_layer_name"":""Hidrantes_ddr001.shp"",""index_in_layer"":705}"
"705","951","780119.406609","2457160.51861","UNKNOWN","8","2019","0","1926.8199","3","10","{""feature_name"":""<UNNAMED FEATURE>"",""feature_type"":""Unknown Point Feature"",""layer"":""Cabezal de riego"",""feature_description"":""Cabezal de riego"",""feature_layer_name"":""Hidrantes_ddr001.shp"",""index_in_layer"":703}"
"659","952","780543.388379","2456490.38604","UNKNOWN","8","2014","0","1918.63","3","10","{""feature_name"":""<UNNAMED FEATURE>"",""feature_type"":""Unknown Point Feature"",""layer"":""Cabezal de riego"",""feature_description"":""Cabezal de riego"",""feature_layer_name"":""Hidrantes_ddr001.shp"",""index_in_layer"":657}"
"715","953","780056.981565","2457845.11547","UNKNOWN","8","2014","0","1915.11","3","10","{""feature_name"":""<UNNAMED FEATURE>"",""feature_type"":""Unknown Point Feature"",""layer"":""Cabezal de riego"",""feature_description"":""Cabezal de riego"",""feature_layer_name"":""Hidrantes_ddr001.shp"",""index_in_layer"":713}"
"663","955","780305.381468","2457055.92101","UNKNOWN","8","2014","0","1921.8199","3","10","{""feature_name"":""<UNNAMED FEATURE>"",""feature_type"":""Unknown Point Feature"",""layer"":""Cabezal de riego"",""feature_description"":""Cabezal de riego"",""feature_layer_name"":""Hidrantes_ddr001.shp"",""index_in_layer"":661}"
"668","956","779821.222429","2456028.20262","UNKNOWN","8","2010","0","1923.15","3","10","{""feature_name"":""<UNNAMED FEATURE>"",""feature_type"":""Unknown Point Feature"",""layer"":""Cabezal de riego"",""feature_description"":""Cabezal de riego"",""feature_layer_name"":""Hidrantes_ddr001.shp"",""index_in_layer"":666}"
"713","957","780534.322526","2457621.8577","UNKNOWN","8","2010","0","1909.24","3","10","{""feature_name"":""<UNNAMED FEATURE>"",""feature_type"":""Unknown Point Feature"",""layer"":""Cabezal de riego"",""feature_description"":""Cabezal de riego"",""feature_layer_name"":""Hidrantes_ddr001.shp"",""index_in_layer"":711}"
"662","958","780538.153959","2457023.41891","UNKNOWN","8","2014","0","1920.97","3","10","{""feature_name"":""<UNNAMED FEATURE>"",""feature_type"":""Unknown Point Feature"",""layer"":""Cabezal de riego"",""feature_description"":""Cabezal de riego"",""feature_layer_name"":""Hidrantes_ddr001.shp"",""index_in_layer"":660}"
"654","959","780749.690053","2455610.79017","UNKNOWN","8","2014","0","1913.48","3","10","{""feature_name"":""<UNNAMED FEATURE>"",""feature_type"":""Unknown Point Feature"",""layer"":""Cabezal de riego"",""feature_description"":""Cabezal de riego"",""feature_layer_name"":""Hidrantes_ddr001.shp"",""index_in_layer"":652}"
"714","960","780377.959557","2457692.40946","UNKNOWN","8","2014","0","1913.26","3","10","{""feature_name"":""<UNNAMED FEATURE>"",""feature_type"":""Unknown Point Feature"",""layer"":""Cabezal de riego"",""feature_description"":""Cabezal de riego"",""feature_layer_name"":""Hidrantes_ddr001.shp"",""index_in_layer"":712}"
"748","961","780508.359031","2458337.8058","UNKNOWN","8","2022","0","1929.6899","3","10","{""feature_name"":""<UNNAMED FEATURE>"",""feature_type"":""Unknown Point Feature"",""layer"":""Cabezal de riego"",""feature_description"":""Cabezal de riego"",""feature_layer_name"":""Hidrantes_ddr001.shp"",""index_in_layer"":746}"
"664","962","780091.375828","2456835.99663","UNKNOWN","8","2010","0","1924.01","3","10","{""feature_name"":""<UNNAMED FEATURE>"",""feature_type"":""Unknown Point Feature"",""layer"":""Cabezal de riego"",""feature_description"":""Cabezal de riego"",""feature_layer_name"":""Hidrantes_ddr001.shp"",""index_in_layer"":662}"
"775","963","781829.742696","2456331.68055","UNKNOWN","9","2014","0","1915.47","3","10","{""feature_name"":""<UNNAMED FEATURE>"",""feature_type"":""Unknown Point Feature"",""layer"":""Cabezal de riego"",""feature_description"":""Cabezal de riego"",""feature_layer_name"":""Hidrantes_ddr001.shp"",""index_in_layer"":773}"
"784","964","782275.131156","2456556.14038","UNKNOWN","9","2014","0","1913.27","3","10","{""feature_name"":""<UNNAMED FEATURE>"",""feature_type"":""Unknown Point Feature"",""layer"":""Cabezal de riego"",""feature_description"":""Cabezal de riego"",""feature_layer_name"":""Hidrantes_ddr001.shp"",""index_in_layer"":782}"
"791","965","782928.640585","2456741.82758","UNKNOWN","9","2010","0","1918.49","3","10","{""feature_name"":""<UNNAMED FEATURE>"",""feature_type"":""Unknown Point Feature"",""layer"":""Cabezal de riego"",""feature_description"":""Cabezal de riego"",""feature_layer_name"":""Hidrantes_ddr001.shp"",""index_in_layer"":789}"
"564","966","782482.598353","2458603.00327","UNKNOWN","15","2017","0","1916.52","1","10","{""feature_name"":""<UNNAMED FEATURE>"",""feature_type"":""Unknown Point Feature"",""layer"":""Cabezal de riego"",""feature_description"":""Cabezal de riego"",""feature_layer_name"":""Hidrantes_ddr001.shp"",""index_in_layer"":562}"
"548","968","781706.412881","2459124.33053","UNKNOWN","15","2010","0","1927.96","3","10","{""feature_name"":""<UNNAMED FEATURE>"",""feature_type"":""Unknown Point Feature"",""layer"":""Cabezal de riego"",""feature_description"":""Cabezal de riego"",""feature_layer_name"":""Hidrantes_ddr001.shp"",""index_in_layer"":546}"
"547","969","781703.977282","2459122.07027","UNKNOWN","15","2022","0","1927.65","3","10","{""feature_name"":""<UNNAMED FEATURE>"",""feature_type"":""Unknown Point Feature"",""layer"":""Cabezal de riego"",""feature_description"":""Cabezal de riego"",""feature_layer_name"":""Hidrantes_ddr001.shp"",""index_in_layer"":545}"
"769","971","782604.173325","2454618.15529","UNKNOWN","9","2014","0","1918.66","3","10","{""feature_name"":""<UNNAMED FEATURE>"",""feature_type"":""Unknown Point Feature"",""layer"":""Cabezal de riego"",""feature_description"":""Cabezal de riego"",""feature_layer_name"":""Hidrantes_ddr001.shp"",""index_in_layer"":767}"
"831","979","780988.456355","2455693.97901","UNKNOWN","9","2014","0","1917.02","3","10","{""feature_name"":""<UNNAMED FEATURE>"",""feature_type"":""Unknown Point Feature"",""layer"":""Cabezal de riego"",""feature_description"":""Cabezal de riego"",""feature_layer_name"":""Hidrantes_ddr001.shp"",""index_in_layer"":829}"
"821","981","781374.032214","2455097.30546","UNKNOWN","9","2014","0","1914.23","3","10","{""feature_name"":""<UNNAMED FEATURE>"",""feature_type"":""Unknown Point Feature"",""layer"":""Cabezal de riego"",""feature_description"":""Cabezal de riego"",""feature_layer_name"":""Hidrantes_ddr001.shp"",""index_in_layer"":819}"
"834","982","780823.866624","2457501.95044","UNKNOWN","9","2014","0","1924.72","3","10","{""feature_name"":""<UNNAMED FEATURE>"",""feature_type"":""Unknown Point Feature"",""layer"":""Cabezal de riego"",""feature_description"":""Cabezal de riego"",""feature_layer_name"":""Hidrantes_ddr001.shp"",""index_in_layer"":832}"
"833","984","781251.214207","2456044.00182","UNKNOWN","9","2014","0","1921.99","3","10","{""feature_name"":""<UNNAMED FEATURE>"",""feature_type"":""Unknown Point Feature"",""layer"":""Cabezal de riego"",""feature_description"":""Cabezal de riego"",""feature_layer_name"":""Hidrantes_ddr001.shp"",""index_in_layer"":831}"
"830","985","781009.562427","2455604.93111","UNKNOWN","9","2014","0","1916.73","3","10","{""feature_name"":""<UNNAMED FEATURE>"",""feature_type"":""Unknown Point Feature"",""layer"":""Cabezal de riego"",""feature_description"":""Cabezal de riego"",""feature_layer_name"":""Hidrantes_ddr001.shp"",""index_in_layer"":828}"
"1343","986","778545.000415","2453457.28702","UNKNOWN","7","2010","0","1931.6899","3","10","{""feature_name"":""<UNNAMED FEATURE>"",""feature_type"":""Unknown Point Feature"",""layer"":""Cabezal de riego"",""feature_description"":""Cabezal de riego"",""feature_layer_name"":""Hidrantes_ddr001.shp"",""index_in_layer"":1341}"
"826","988","781228.602822","2454948.52534","UNKNOWN","9","2014","0","1913.0601","3","10","{""feature_name"":""<UNNAMED FEATURE>"",""feature_type"":""Unknown Point Feature"",""layer"":""Cabezal de riego"",""feature_description"":""Cabezal de riego"",""feature_layer_name"":""Hidrantes_ddr001.shp"",""index_in_layer"":824}"
"829","989","781208.090605","2454711.67844","UNKNOWN","9","2014","0","1912.35","3","10","{""feature_name"":""<UNNAMED FEATURE>"",""feature_type"":""Unknown Point Feature"",""layer"":""Cabezal de riego"",""feature_description"":""Cabezal de riego"",""feature_layer_name"":""Hidrantes_ddr001.shp"",""index_in_layer"":827}"
"1903","990","774175.473","2453374.582","UNKNOWN","2","","0","1934.3644","3","10","{""feature_name"":""<UNNAMED FEATURE>"",""feature_type"":""Unknown Point Feature"",""layer"":""Cabezal de riego"",""feature_description"":""Cabezal de riego"",""feature_layer_name"":""Hidrantes_ddr001.shp"",""index_in_layer"":1901,""invalid_installation_year"":""0""}"
"317","991","780821.645374","2462372.77654","UNKNOWN","17","2017","0","1908.1","3","20","{""feature_name"":""<UNNAMED FEATURE>"",""feature_type"":""Unknown Point Feature"",""layer"":""Cabezal de riego"",""feature_description"":""Cabezal de riego"",""feature_layer_name"":""Hidrantes_ddr001.shp"",""index_in_layer"":315}"
"820","992","781365.898111","2455331.42132","UNKNOWN","9","2014","0","1916.73","3","10","{""feature_name"":""<UNNAMED FEATURE>"",""feature_type"":""Unknown Point Feature"",""layer"":""Cabezal de riego"",""feature_description"":""Cabezal de riego"",""feature_layer_name"":""Hidrantes_ddr001.shp"",""index_in_layer"":818}"
"835","993","781339.858824","2454633.15323","UNKNOWN","9","2014","0","1913.73","3","10","{""feature_name"":""<UNNAMED FEATURE>"",""feature_type"":""Unknown Point Feature"",""layer"":""Cabezal de riego"",""feature_description"":""Cabezal de riego"",""feature_layer_name"":""Hidrantes_ddr001.shp"",""index_in_layer"":833}"
"819","994","781512.993401","2455410.30924","UNKNOWN","9","2014","0","1915.36","3","10","{""feature_name"":""<UNNAMED FEATURE>"",""feature_type"":""Unknown Point Feature"",""layer"":""Cabezal de riego"",""feature_description"":""Cabezal de riego"",""feature_layer_name"":""Hidrantes_ddr001.shp"",""index_in_layer"":817}"
"832","995","781413.434601","2456039.05333","UNKNOWN","9","2014","0","1921.6899","3","10","{""feature_name"":""<UNNAMED FEATURE>"",""feature_type"":""Unknown Point Feature"",""layer"":""Cabezal de riego"",""feature_description"":""Cabezal de riego"",""feature_layer_name"":""Hidrantes_ddr001.shp"",""index_in_layer"":830}"
"813","997","781905.150049","2455738.29484","UNKNOWN","9","2010","0","1913.73","3","10","{""feature_name"":""<UNNAMED FEATURE>"",""feature_type"":""Unknown Point Feature"",""layer"":""Cabezal de riego"",""feature_description"":""Cabezal de riego"",""feature_layer_name"":""Hidrantes_ddr001.shp"",""index_in_layer"":811}"
"818","998","781665.492964","2455441.20238","UNKNOWN","9","2010","0","1914.26","2","10","{""feature_name"":""<UNNAMED FEATURE>"",""feature_type"":""Unknown Point Feature"",""layer"":""Cabezal de riego"",""feature_description"":""Cabezal de riego"",""feature_layer_name"":""Hidrantes_ddr001.shp"",""index_in_layer"":816}"
"817","999","781765.594543","2455447.4384","UNKNOWN","9","2014","0","1914.09","3","10","{""feature_name"":""<UNNAMED FEATURE>"",""feature_type"":""Unknown Point Feature"",""layer"":""Cabezal de riego"",""feature_description"":""Cabezal de riego"",""feature_layer_name"":""Hidrantes_ddr001.shp"",""index_in_layer"":815}"